n,gamma,gamma_dps,source
1,14.134725141734693790457251983562470270784257115699,50,mpmath.zetazero (mpmath python)
2,21.022039638771554992628479593896902777334340524903,50,mpmath.zetazero (mpmath python)
3,25.010857580145688763213790992562821818659549672558,50,mpmath.zetazero (mpmath python)
4,30.424876125859513210311897530584091320181560023715,50,mpmath.zetazero (mpmath python)
5,32.935061587739189690662368964074903488812715603517,50,mpmath.zetazero (mpmath python)
6,37.586178158825671257217763480705332821405597350831,50,mpmath.zetazero (mpmath python)
7,40.918719012147495187398126914633254395726165962777,50,mpmath.zetazero (mpmath python)
8,43.327073280914999519496122165406805782645668371837,50,mpmath.zetazero (mpmath python)
9,48.005150881167159727942472749427516041686844001144,50,mpmath.zetazero (mpmath python)
10,49.773832477672302181916784678563724057723178299677,50,mpmath.zetazero (mpmath python)
11,52.970321477714460644147296608880990063825017888821,50,mpmath.zetazero (mpmath python)
12,56.446247697063394804367759476706127552782264471717,50,mpmath.zetazero (mpmath python)
13,59.347044002602353079653648674992219031098772806467,50,mpmath.zetazero (mpmath python)
14,60.831778524609809844259901824524003802910090451219,50,mpmath.zetazero (mpmath python)
15,65.112544048081606660875054253183705029348149295167,50,mpmath.zetazero (mpmath python)
16,67.079810529494173714478828896522216770107144951746,50,mpmath.zetazero (mpmath python)
17,69.546401711173979252926857526554738443012474209602,50,mpmath.zetazero (mpmath python)
18,72.067157674481907582522107969826168390480906621457,50,mpmath.zetazero (mpmath python)
19,75.704690699083933168326916762030345922811903530697,50,mpmath.zetazero (mpmath python)
20,77.144840068874805372682664856304637015796032449235,50,mpmath.zetazero (mpmath python)
21,79.337375020249367922763592877116228190613246743120,50,mpmath.zetazero (mpmath python)
22,82.910380854086030183164837494770609497508880593782,50,mpmath.zetazero (mpmath python)
23,84.735492980517050105735311206827741417106627934241,50,mpmath.zetazero (mpmath python)
24,87.425274613125229406531667850919213252171886401269,50,mpmath.zetazero (mpmath python)
25,88.809111207634465423682348079509378395444893409819,50,mpmath.zetazero (mpmath python)
26,92.491899270558484296259725241810684878721794027731,50,mpmath.zetazero (mpmath python)
27,94.651344040519886966597925815208153937728027015655,50,mpmath.zetazero (mpmath python)
28,95.870634228245309758741029219246781695256461224988,50,mpmath.zetazero (mpmath python)
29,98.831194218193692233324420138622327820658039063428,50,mpmath.zetazero (mpmath python)
30,101.31785100573139122878544794029230890633286638430,50,mpmath.zetazero (mpmath python)
31,103.72553804047833941639840810869528083448117306950,50,mpmath.zetazero (mpmath python)
32,105.44662305232609449367083241411180899728275392854,50,mpmath.zetazero (mpmath python)
33,107.16861118427640751512335196308619121347670788140,50,mpmath.zetazero (mpmath python)
34,111.02953554316967452465645030994435041534596839007,50,mpmath.zetazero (mpmath python)
35,111.87465917699263708561207871677059496031174987339,50,mpmath.zetazero (mpmath python)
36,114.32022091545271276589093727619107980991765772383,50,mpmath.zetazero (mpmath python)
37,116.22668032085755438216080431206475512732985123238,50,mpmath.zetazero (mpmath python)
38,118.79078286597621732297913970269982434730621059281,50,mpmath.zetazero (mpmath python)
39,121.37012500242064591894553297049992272300131063173,50,mpmath.zetazero (mpmath python)
40,122.94682929355258820081746033077001649621438987386,50,mpmath.zetazero (mpmath python)
41,124.25681855434576718473200796612992444157353877469,50,mpmath.zetazero (mpmath python)
42,127.51668387959649512427932376690607626808830988155,50,mpmath.zetazero (mpmath python)
43,129.57870419995605098576803390617997360864095326466,50,mpmath.zetazero (mpmath python)
44,131.08768853093265672356637246150134905920354750298,50,mpmath.zetazero (mpmath python)
45,133.49773720299758645013049204264060766497417494390,50,mpmath.zetazero (mpmath python)
46,134.75650975337387133132606415716973617839606861365,50,mpmath.zetazero (mpmath python)
47,138.11604205453344320019155519028244785983527462415,50,mpmath.zetazero (mpmath python)
48,139.73620895212138895045004652338246084679005256538,50,mpmath.zetazero (mpmath python)
49,141.12370740402112376194035381847535509030066087975,50,mpmath.zetazero (mpmath python)
50,143.11184580762063273940512386891392996623310243035,50,mpmath.zetazero (mpmath python)
51,146.00098248676551854740250759642468242897574123310,50,mpmath.zetazero (mpmath python)
52,147.42276534255960204952118501043150616877277525048,50,mpmath.zetazero (mpmath python)
53,150.05352042078488035143246723695937062303732155953,50,mpmath.zetazero (mpmath python)
54,150.92525761224146676185252467830562760242677047300,50,mpmath.zetazero (mpmath python)
55,153.02469381119889619825654425518544650859043490415,50,mpmath.zetazero (mpmath python)
56,156.11290929423786756975018931016919474653530850094,50,mpmath.zetazero (mpmath python)
57,157.59759181759405988753050315849876573072389951914,50,mpmath.zetazero (mpmath python)
58,158.84998817142049872417499477554027141433508304943,50,mpmath.zetazero (mpmath python)
59,161.18896413759602751943734412936955436491579032748,50,mpmath.zetazero (mpmath python)
60,163.03070968718198724331103900068799489696446141648,50,mpmath.zetazero (mpmath python)
61,165.53706918790041883003891935487479732836725174507,50,mpmath.zetazero (mpmath python)
62,167.18443997817451344095775624621037873646076924262,50,mpmath.zetazero (mpmath python)
63,169.09451541556882148950587118143183479666764858044,50,mpmath.zetazero (mpmath python)
64,169.91197647941169896669984359582179228839443712534,50,mpmath.zetazero (mpmath python)
65,173.41153651959155295984611864934559525415606606342,50,mpmath.zetazero (mpmath python)
66,174.75419152336572581337876245586691793875571762057,50,mpmath.zetazero (mpmath python)
67,176.44143429771041888889264105786093352811849710881,50,mpmath.zetazero (mpmath python)
68,178.37740777609997728583093541418442618313236146127,50,mpmath.zetazero (mpmath python)
69,179.91648402025699613934003661205123745368760755302,50,mpmath.zetazero (mpmath python)
70,182.20707848436646191540703722698779869079745777824,50,mpmath.zetazero (mpmath python)
71,184.87446784838750880096064661723425841335102291195,50,mpmath.zetazero (mpmath python)
72,185.59878367770747146652770426839264661293471764951,50,mpmath.zetazero (mpmath python)
73,187.22892258350185199164154058613124301681073460399,50,mpmath.zetazero (mpmath python)
74,189.41615865601693708485228909984532449135710302319,50,mpmath.zetazero (mpmath python)
75,192.02665636071378654728363142558343010583992029798,50,mpmath.zetazero (mpmath python)
76,193.07972660384570404740220579437605460402061581055,50,mpmath.zetazero (mpmath python)
77,195.26539667952923532146318781486225092690505245229,50,mpmath.zetazero (mpmath python)
78,196.87648184095831694862226391469620773574602869194,50,mpmath.zetazero (mpmath python)
79,198.01530967625191242491991870220886715506269543857,50,mpmath.zetazero (mpmath python)
80,201.26475194370378873301613342754817322240286363919,50,mpmath.zetazero (mpmath python)
81,202.49359451414053427768666063786431582102024489942,50,mpmath.zetazero (mpmath python)
82,204.18967180310455433071643838631368513653452922874,50,mpmath.zetazero (mpmath python)
83,205.39469720216328602521237939069309092372291477205,50,mpmath.zetazero (mpmath python)
84,207.90625888780620986150196790775364426865940376888,50,mpmath.zetazero (mpmath python)
85,209.57650971685625985283564428988675217539078318133,50,mpmath.zetazero (mpmath python)
86,211.69086259536530756390748673071929425339403098294,50,mpmath.zetazero (mpmath python)
87,213.34791935971266619063912202107260882189718327663,50,mpmath.zetazero (mpmath python)
88,214.54704478349142322294420107259069104559988805308,50,mpmath.zetazero (mpmath python)
89,216.16953850826370026586956335449812857545371427416,50,mpmath.zetazero (mpmath python)
90,219.06759634902137898567725659043724124514918292701,50,mpmath.zetazero (mpmath python)
91,220.71491883931400336911559263390633965676114507766,50,mpmath.zetazero (mpmath python)
92,221.43070555469333873209747511927607795022233107732,50,mpmath.zetazero (mpmath python)
93,224.00700025460433521172887552850489535608598994960,50,mpmath.zetazero (mpmath python)
94,224.98332466958228750378252368052865677209005448559,50,mpmath.zetazero (mpmath python)
95,227.42144427967929131046143616065963996396914832198,50,mpmath.zetazero (mpmath python)
96,229.33741330552534810776008330605574008275234138782,50,mpmath.zetazero (mpmath python)
97,231.25018870049916477380618677001037260670849584312,50,mpmath.zetazero (mpmath python)
98,231.98723525318024860377166853919786220541983399456,50,mpmath.zetazero (mpmath python)
99,233.69340417890830064070449473256978817953722775457,50,mpmath.zetazero (mpmath python)
100,236.52422966581620580247550795566297868952949521219,50,mpmath.zetazero (mpmath python)
101,237.76982048092520400323662592638710779416061935212,50,mpmath.zetazero (mpmath python)
102,239.55547757332762874026893203433449248170831832671,50,mpmath.zetazero (mpmath python)
103,241.04915779621658641283792141033567054964568284472,50,mpmath.zetazero (mpmath python)
104,242.82327193422260001682647445887854995394054376762,50,mpmath.zetazero (mpmath python)
105,244.07089849707815823681652798984450134710019071677,50,mpmath.zetazero (mpmath python)
106,247.13699007489749946755096817920813226786464200963,50,mpmath.zetazero (mpmath python)
107,248.10199006014845925676214208465699735581038125844,50,mpmath.zetazero (mpmath python)
108,249.57368964470720919232979418873997034261113068267,50,mpmath.zetazero (mpmath python)
109,251.01494779501600114295415510370804815232678283154,50,mpmath.zetazero (mpmath python)
110,253.06998674799947719459901378561809093008715024964,50,mpmath.zetazero (mpmath python)
111,255.30625645491402275308649179400142315791003281496,50,mpmath.zetazero (mpmath python)
112,256.38071369443447778935838233972953087121665239003,50,mpmath.zetazero (mpmath python)
113,258.61043949153136820898305864475913163219440628499,50,mpmath.zetazero (mpmath python)
114,259.87440698967800035067284461387659266619848146457,50,mpmath.zetazero (mpmath python)
115,260.80508450459687018593123347246454803493895387243,50,mpmath.zetazero (mpmath python)
116,263.57389390487013223308158813102330317031421943699,50,mpmath.zetazero (mpmath python)
117,265.55785183887632029247730896418491464100498615248,50,mpmath.zetazero (mpmath python)
118,266.61497378150107249572011297386791180663595718717,50,mpmath.zetazero (mpmath python)
119,267.92191508282405944037896717218561837429256814328,50,mpmath.zetazero (mpmath python)
120,269.97044902399760259469350531889847966292690528806,50,mpmath.zetazero (mpmath python)
121,271.49405564164499901817941675752285069354351956299,50,mpmath.zetazero (mpmath python)
122,273.45960918840328704571425029880177292284009967709,50,mpmath.zetazero (mpmath python)
123,275.58749264934384124874070261937778482644752859723,50,mpmath.zetazero (mpmath python)
124,276.45204950313293867988734363839924194807996668100,50,mpmath.zetazero (mpmath python)
125,278.25074352984195449274827671131625892611790065589,50,mpmath.zetazero (mpmath python)
126,279.22925092774518922840988045195535928349263740556,50,mpmath.zetazero (mpmath python)
127,282.46511476505209623302720118650102420550683628035,50,mpmath.zetazero (mpmath python)
128,283.21118573323386742049383794332893829845568487896,50,mpmath.zetazero (mpmath python)
129,284.83596398090472413315763392269621646314282792831,50,mpmath.zetazero (mpmath python)
130,286.66744536300288429284762414641493934386822628278,50,mpmath.zetazero (mpmath python)
131,287.91192050142218715525412027186751038546141944057,50,mpmath.zetazero (mpmath python)
132,289.57985492921883415273802356935234388966949836294,50,mpmath.zetazero (mpmath python)
133,291.84629132906739583551305442463851188282063559998,50,mpmath.zetazero (mpmath python)
134,293.55843413935628535677669710603507734379883435647,50,mpmath.zetazero (mpmath python)
135,294.96536961926554217506644863900967134305544588255,50,mpmath.zetazero (mpmath python)
136,295.57325487895829238846083145877861063728515711063,50,mpmath.zetazero (mpmath python)
137,297.97927706194341520992968295768283418105709718980,50,mpmath.zetazero (mpmath python)
138,299.84032605372131296002705252529376925421557006434,50,mpmath.zetazero (mpmath python)
139,301.64932546219418362347010020841798208110561009352,50,mpmath.zetazero (mpmath python)
140,302.69674958960691705175147709535292276293582041168,50,mpmath.zetazero (mpmath python)
141,304.86437134085729770014874990314449959258694583824,50,mpmath.zetazero (mpmath python)
142,305.72891260203680928922282126166096725696315957908,50,mpmath.zetazero (mpmath python)
143,307.21949612817005478941003339993450226743384827842,50,mpmath.zetazero (mpmath python)
144,310.10946314670189880478621976799894583476301318153,50,mpmath.zetazero (mpmath python)
145,311.16514153035600327094267080035481989918880493970,50,mpmath.zetazero (mpmath python)
146,312.42780118060089198048598309287426376285394009315,50,mpmath.zetazero (mpmath python)
147,313.98528573115892297904896575457632856802498157515,50,mpmath.zetazero (mpmath python)
148,315.47561608947573386859607814395376533577469763099,50,mpmath.zetazero (mpmath python)
149,317.73480594237018039564549420496811401524274058515,50,mpmath.zetazero (mpmath python)
150,318.85310425631659790668918454774918220301310241089,50,mpmath.zetazero (mpmath python)
151,321.16013430911357829192147141743069402975266279829,50,mpmath.zetazero (mpmath python)
152,322.14455867248293229883744500598854926037198020861,50,mpmath.zetazero (mpmath python)
153,323.46696955751205050621203041479516335676308717769,50,mpmath.zetazero (mpmath python)
154,324.86286605173961326498008699540040991980452105153,50,mpmath.zetazero (mpmath python)
155,327.44390126190545734346926381632070335669434825573,50,mpmath.zetazero (mpmath python)
156,329.03307168048093403361472757680394620369282560442,50,mpmath.zetazero (mpmath python)
157,329.95323972823386634389212218863146605832392163895,50,mpmath.zetazero (mpmath python)
158,331.47446758266342437566175386634482792321760031351,50,mpmath.zetazero (mpmath python)
159,333.64537852486985058496168308087942538086782643589,50,mpmath.zetazero (mpmath python)
160,334.21135483324438323240340795919249315418727702200,50,mpmath.zetazero (mpmath python)
161,336.84185042839068479465476291941188600720836856063,50,mpmath.zetazero (mpmath python)
162,338.33999285080661188625732608716320339091764356335,50,mpmath.zetazero (mpmath python)
163,339.85821672536354019232655093087399718319704424977,50,mpmath.zetazero (mpmath python)
164,341.04226111104656048259778459853691718733764747074,50,mpmath.zetazero (mpmath python)
165,342.05487751036358545140382509409805671518693066540,50,mpmath.zetazero (mpmath python)
166,344.66170294025233704418118809819918578271524240282,50,mpmath.zetazero (mpmath python)
167,346.34787056600994739593645981615193389819673544346,50,mpmath.zetazero (mpmath python)
168,347.27267758442048447579709488806997967608092845686,50,mpmath.zetazero (mpmath python)
169,349.31626087069614412315555573399372133608890556224,50,mpmath.zetazero (mpmath python)
170,350.40841934919209918767195323448723446964587366433,50,mpmath.zetazero (mpmath python)
171,351.87864902535928043671339307659693272993031966959,50,mpmath.zetazero (mpmath python)
172,353.48890048871880678360376860943531841334326512989,50,mpmath.zetazero (mpmath python)
173,356.01757497726494731796036196076644267571444554719,50,mpmath.zetazero (mpmath python)
174,357.15130225203962480960292823229035661175708118512,50,mpmath.zetazero (mpmath python)
175,357.95268510163227375512891898277744282346638471414,50,mpmath.zetazero (mpmath python)
176,359.74375495311444879929198597699029540537374576130,50,mpmath.zetazero (mpmath python)
177,361.28936169580465039029131122771522819087594163800,50,mpmath.zetazero (mpmath python)
178,363.33133057897383474733444956661473127003524575875,50,mpmath.zetazero (mpmath python)
179,364.73602411408899371626210212694040001720230030569,50,mpmath.zetazero (mpmath python)
180,366.21271028833131686107714519680657417910937537986,50,mpmath.zetazero (mpmath python)
181,367.99357548174030332618329804420784639902488201852,50,mpmath.zetazero (mpmath python)
182,368.96843809573438989157690129989191063819441378071,50,mpmath.zetazero (mpmath python)
183,370.05091921210600033965116306126661142246659393377,50,mpmath.zetazero (mpmath python)
184,373.06192837211283844911939643128539190294177274231,50,mpmath.zetazero (mpmath python)
185,373.86487391090856974475636273365946094967850792226,50,mpmath.zetazero (mpmath python)
186,375.82591276673933410790771414669302575292966667436,50,mpmath.zetazero (mpmath python)
187,376.32409223066805211719081961242757961296202668498,50,mpmath.zetazero (mpmath python)
188,378.43668024996547972409096591320352055631653093876,50,mpmath.zetazero (mpmath python)
189,379.87297534653234665102405969044627156810915696804,50,mpmath.zetazero (mpmath python)
190,381.48446861718652491966252242365739536579919838504,50,mpmath.zetazero (mpmath python)
191,383.44352944953648770434575548072253690419931105651,50,mpmath.zetazero (mpmath python)
192,384.95611681486368710375158420879351339027092915012,50,mpmath.zetazero (mpmath python)
193,385.86130084597422918056195935980325761561180656102,50,mpmath.zetazero (mpmath python)
194,387.22289022238798097594851473810981409096403929671,50,mpmath.zetazero (mpmath python)
195,388.84612835423225460080942030037355805735540585794,50,mpmath.zetazero (mpmath python)
196,391.45608356363804577057822812255413477222587011407,50,mpmath.zetazero (mpmath python)
197,392.24508333951909674901518417099288056236218844514,50,mpmath.zetazero (mpmath python)
198,393.42774384443402593669895292012886992049292892035,50,mpmath.zetazero (mpmath python)
199,395.58287001099372097087771132314164213607024391036,50,mpmath.zetazero (mpmath python)
200,396.38185422259218693199945449173052906376159968810,50,mpmath.zetazero (mpmath python)
201,397.91873620961424338698117971079868380448340129118,50,mpmath.zetazero (mpmath python)
202,399.98511987619489950591729986828964577063890996139,50,mpmath.zetazero (mpmath python)
203,401.83922860053321653991130437828723072640040039326,50,mpmath.zetazero (mpmath python)
204,402.86191776388611417631544309603963469689404147711,50,mpmath.zetazero (mpmath python)
205,404.23644180020800474022779956352769019614058675205,50,mpmath.zetazero (mpmath python)
206,405.13438745990992725748626802541673616275605847702,50,mpmath.zetazero (mpmath python)
207,407.58146038689618207630900118139053764050614497451,50,mpmath.zetazero (mpmath python)
208,408.94724550235111251963403976415790179562289174919,50,mpmath.zetazero (mpmath python)
209,410.51386919336663864676910528486718778969270729827,50,mpmath.zetazero (mpmath python)
210,411.97226780427875066464029850727291740753912508529,50,mpmath.zetazero (mpmath python)
211,413.26273607018504688625705931772909087064855851117,50,mpmath.zetazero (mpmath python)
212,415.01880975515511564631921146281722150988151070359,50,mpmath.zetazero (mpmath python)
213,415.45521499629459885712878248666982493169301720795,50,mpmath.zetazero (mpmath python)
214,418.38770578953477922604572309955479882417240917792,50,mpmath.zetazero (mpmath python)
215,419.86136481815232368785230913838281739333016901606,50,mpmath.zetazero (mpmath python)
216,420.64382762504178626797465298500048070245751902179,50,mpmath.zetazero (mpmath python)
217,422.07671005882675962984066544938137527424591817578,50,mpmath.zetazero (mpmath python)
218,423.71657962748181861056287473176607418926279352037,50,mpmath.zetazero (mpmath python)
219,425.06988249446134761437469264915643134210415730389,50,mpmath.zetazero (mpmath python)
220,427.20882508407458052814293388571159838519149380640,50,mpmath.zetazero (mpmath python)
221,428.12791407661668211030506848631815930926093877571,50,mpmath.zetazero (mpmath python)
222,430.32874543093863666992698154185486268415350529315,50,mpmath.zetazero (mpmath python)
223,431.30130693070359201950512192755568105351882691612,50,mpmath.zetazero (mpmath python)
224,432.13864173458856830625324910895271690513948833500,50,mpmath.zetazero (mpmath python)
225,433.88921848092722530294661105079290244887622462416,50,mpmath.zetazero (mpmath python)
226,436.16100643264698407180151826237803798987125116341,50,mpmath.zetazero (mpmath python)
227,437.58169816766858115401316723332545949879014178833,50,mpmath.zetazero (mpmath python)
228,438.62173865627219629091501013717039562978309811233,50,mpmath.zetazero (mpmath python)
229,439.91844221437065641022179002702403928083281618953,50,mpmath.zetazero (mpmath python)
230,441.68319920118902387420443649916799307141932364702,50,mpmath.zetazero (mpmath python)
231,442.90454630260944946972310241276620206608713626613,50,mpmath.zetazero (mpmath python)
232,444.31933627755915592030574353979062094558731764465,50,mpmath.zetazero (mpmath python)
233,446.86062269642952252886087518074674313768164882065,50,mpmath.zetazero (mpmath python)
234,447.44170419449329006552692530360915973048069636888,50,mpmath.zetazero (mpmath python)
235,449.14854568502330475302350313470465000333574564806,50,mpmath.zetazero (mpmath python)
236,450.12694578031352403004576252878170551439076539684,50,mpmath.zetazero (mpmath python)
237,451.40330844538879546211322463135881120420997374786,50,mpmath.zetazero (mpmath python)
238,453.98673780667791603836681029400485837224121097123,50,mpmath.zetazero (mpmath python)
239,454.97468376861678887530943895127094592699490129730,50,mpmath.zetazero (mpmath python)
240,456.32842668924605122449983006305548349845748531817,50,mpmath.zetazero (mpmath python)
241,457.90389306410297157469932917178764504489521230695,50,mpmath.zetazero (mpmath python)
242,459.51341528110601175400994380204140538361330885273,50,mpmath.zetazero (mpmath python)
243,460.08794442217584125533025542820654624552355377787,50,mpmath.zetazero (mpmath python)
244,462.06536727488253096383092114561846204322781755400,50,mpmath.zetazero (mpmath python)
245,464.05728691054828457624608478366667591583268328841,50,mpmath.zetazero (mpmath python)
246,465.67153921137109455296664574399552885149476205854,50,mpmath.zetazero (mpmath python)
247,466.57028693082625516739212595226441209102028417894,50,mpmath.zetazero (mpmath python)
248,467.43904621026163885664500138444684232017252471164,50,mpmath.zetazero (mpmath python)
249,469.53600455911203219181906882912316567800343556626,50,mpmath.zetazero (mpmath python)
250,470.77365547810164769011887945443635354092885050910,50,mpmath.zetazero (mpmath python)
251,472.79917466190881665829799268177000319697305975481,50,mpmath.zetazero (mpmath python)
252,473.83523234513968707380546802338304369066159885503,50,mpmath.zetazero (mpmath python)
253,475.60033936937578560542881992367992506240551881226,50,mpmath.zetazero (mpmath python)
254,476.76901523748452085284868919546831192088761478434,50,mpmath.zetazero (mpmath python)
255,478.07526376667096919987272740490951431988042880488,50,mpmath.zetazero (mpmath python)
256,478.94218153463482653831710176703848402190424310960,50,mpmath.zetazero (mpmath python)
257,481.83033937628656136668137628509759809020300391934,50,mpmath.zetazero (mpmath python)
258,482.83478279098239730655699667632164646869674416878,50,mpmath.zetazero (mpmath python)
259,483.85142721248253756018822108466812768888958696654,50,mpmath.zetazero (mpmath python)
260,485.53914812935600693002542365808211726080647174976,50,mpmath.zetazero (mpmath python)
261,486.52871826165124435236752626994149943622792352231,50,mpmath.zetazero (mpmath python)
262,488.38056709001744852711143066481192219176718846042,50,mpmath.zetazero (mpmath python)
263,489.66176157795613151278090417497710497416927268392,50,mpmath.zetazero (mpmath python)
264,491.39882159366300656921333100853912801763384752473,50,mpmath.zetazero (mpmath python)
265,493.31444158178530093636060404322708223468675917257,50,mpmath.zetazero (mpmath python)
266,493.95799780536946490958309128688515198541246798838,50,mpmath.zetazero (mpmath python)
267,495.35882882213127749683413273717059826264124739798,50,mpmath.zetazero (mpmath python)
268,496.42969621575910348391891281607302043622001101135,50,mpmath.zetazero (mpmath python)
269,498.58078242968654201667508291248790516156147633305,50,mpmath.zetazero (mpmath python)
270,500.30908494169049553930939072517144647270487036965,50,mpmath.zetazero (mpmath python)
271,501.60444696514547766333254576285117453341938655099,50,mpmath.zetazero (mpmath python)
272,502.27627032711823317539950733388534254865170783885,50,mpmath.zetazero (mpmath python)
273,504.49977331342773718379126222836138915514881706692,50,mpmath.zetazero (mpmath python)
274,505.41523174224444202955216610928285533811449651305,50,mpmath.zetazero (mpmath python)
275,506.46415270952353122152607478064523073926962669233,50,mpmath.zetazero (mpmath python)
276,508.80070033646782080946967250819199933770558799716,50,mpmath.zetazero (mpmath python)
277,510.26422794367283442077951765473492513017125792930,50,mpmath.zetazero (mpmath python)
278,511.56228970037459546045490448659912557031268370901,50,mpmath.zetazero (mpmath python)
279,512.62314453140741866710125494348103406961113168154,50,mpmath.zetazero (mpmath python)
280,513.66898555547368343624414641792610882795189321012,50,mpmath.zetazero (mpmath python)
281,515.43505716729937724967689367295731070818807075944,50,mpmath.zetazero (mpmath python)
282,517.58966857246742534135796528694054883279205800705,50,mpmath.zetazero (mpmath python)
283,518.23422314755014357385827437347982066906243628741,50,mpmath.zetazero (mpmath python)
284,520.10631041172325590319614613426185807562244172429,50,mpmath.zetazero (mpmath python)
285,521.52519344949204096773239816319414120378699913804,50,mpmath.zetazero (mpmath python)
286,522.45669617773021043014441332251250813758797793388,50,mpmath.zetazero (mpmath python)
287,523.96053089201584048700750948097210253396423722811,50,mpmath.zetazero (mpmath python)
288,525.07738568727962218059121763013804488884934748416,50,mpmath.zetazero (mpmath python)
289,527.90364160127234522961726807115412042585844548309,50,mpmath.zetazero (mpmath python)
290,528.40621385229265894160889664738364266268315741070,50,mpmath.zetazero (mpmath python)
291,529.80622631870690079816398330156482935704168924242,50,mpmath.zetazero (mpmath python)
292,530.86691788396108964438743451485607017611076424054,50,mpmath.zetazero (mpmath python)
293,532.68818302829373050512644556914356847631028598867,50,mpmath.zetazero (mpmath python)
294,533.77963075376873256548254602313547272191811936026,50,mpmath.zetazero (mpmath python)
295,535.66431407587322461704612318227471468144449894506,50,mpmath.zetazero (mpmath python)
296,537.06975908312232758838973775358226803872663638678,50,mpmath.zetazero (mpmath python)
297,538.42852617624796284350095523978156677063870135926,50,mpmath.zetazero (mpmath python)
298,540.21316637622813338364566898996335095302403518190,50,mpmath.zetazero (mpmath python)
299,540.63139024729511736012807759917593402704804845465,50,mpmath.zetazero (mpmath python)
300,541.84743712120128154711911350890673669341512175314,50,mpmath.zetazero (mpmath python)
301,544.32389010100526290312130875576083620450304227888,50,mpmath.zetazero (mpmath python)
302,545.63683324893481825485543979442205156683033213520,50,mpmath.zetazero (mpmath python)
303,547.01091205812229246365588179312507166425950391483,50,mpmath.zetazero (mpmath python)
304,547.93161336448933831045115942614555752543878568626,50,mpmath.zetazero (mpmath python)
305,549.49756756266137845998473387977356996362431655820,50,mpmath.zetazero (mpmath python)
306,550.97001003948388904565723405699388647363030838390,50,mpmath.zetazero (mpmath python)
307,552.04957220056489279257670254556956968042736690795,50,mpmath.zetazero (mpmath python)
308,553.76497211915881461714978259209355571120369425260,50,mpmath.zetazero (mpmath python)
309,555.79202056168250841657322148535518932669756920078,50,mpmath.zetazero (mpmath python)
310,556.89947640685535126196421865614637447261632061572,50,mpmath.zetazero (mpmath python)
311,557.56465917205852840852398987433127778881835503244,50,mpmath.zetazero (mpmath python)
312,559.31623702868216376093514224020578897156754622797,50,mpmath.zetazero (mpmath python)
313,560.24080749729566824179327635886051982658617691827,50,mpmath.zetazero (mpmath python)
314,562.55920761604585110813791669532453623964102195878,50,mpmath.zetazero (mpmath python)
315,564.16087911078611781387953350040652866393567073974,50,mpmath.zetazero (mpmath python)
316,564.50605593814983512224596893897684057691014609050,50,mpmath.zetazero (mpmath python)
317,566.69878768280795624151228066724072631843608418294,50,mpmath.zetazero (mpmath python)
318,567.73175790117693745033473049357506464179940989544,50,mpmath.zetazero (mpmath python)
319,568.92395517962936849675348741686615173056926720585,50,mpmath.zetazero (mpmath python)
320,570.05111478246359203852701660132786884051162280285,50,mpmath.zetazero (mpmath python)
321,572.41998413245276404527692710734686214949044725568,50,mpmath.zetazero (mpmath python)
322,573.61461052675812998724603210964330093722689559535,50,mpmath.zetazero (mpmath python)
323,575.09388601449488560745717228219820785258424161281,50,mpmath.zetazero (mpmath python)
324,575.80724714092878070942933289443044385303702111596,50,mpmath.zetazero (mpmath python)
325,577.03900347209821121663708968773918929675936757924,50,mpmath.zetazero (mpmath python)
326,579.09883467203660743128436432892110014803352605694,50,mpmath.zetazero (mpmath python)
327,580.13695936238462867271627634803320000916851245311,50,mpmath.zetazero (mpmath python)
328,581.94657626590162555150611454472395673251056312659,50,mpmath.zetazero (mpmath python)
329,583.23608821916727826196057364948566209738962606958,50,mpmath.zetazero (mpmath python)
330,584.56170590346552836694589339345446684922629887451,50,mpmath.zetazero (mpmath python)
331,585.98456320498830057418725898558899083829406030052,50,mpmath.zetazero (mpmath python)
332,586.74277189125015564477184508734522087471206506512,50,mpmath.zetazero (mpmath python)
333,588.13966326624795641755423527049078529146577918415,50,mpmath.zetazero (mpmath python)
334,590.66039751676527563103200331027427486077801691222,50,mpmath.zetazero (mpmath python)
335,591.72585806504805664922244647274055813100462003728,50,mpmath.zetazero (mpmath python)
336,592.57135830022556982077271612031647430406512281254,50,mpmath.zetazero (mpmath python)
337,593.97471468223102924380517450938162622020331304693,50,mpmath.zetazero (mpmath python)
338,595.72815369738894917702092073286780442266354439996,50,mpmath.zetazero (mpmath python)
339,596.36276832839368408957909707046235620384090261266,50,mpmath.zetazero (mpmath python)
340,598.49307734616475440106358293611005083738403507931,50,mpmath.zetazero (mpmath python)
341,599.54564036436485399751539514444541029220720796923,50,mpmath.zetazero (mpmath python)
342,601.60213673593263605173810759596850847466465261704,50,mpmath.zetazero (mpmath python)
343,602.57916788638735429882272454283781845795443302319,50,mpmath.zetazero (mpmath python)
344,603.62561890357916067224396685745155420552600682736,50,mpmath.zetazero (mpmath python)
345,604.61621849375323291463960278864923753581109275575,50,mpmath.zetazero (mpmath python)
346,606.38346042210904108867431123988374521386914770484,50,mpmath.zetazero (mpmath python)
347,608.41321731118732517512672375717967124319025272797,50,mpmath.zetazero (mpmath python)
348,609.38957515472008052732387954789876784797113351640,50,mpmath.zetazero (mpmath python)
349,610.83916293773940692670253776777883271190419809090,50,mpmath.zetazero (mpmath python)
350,611.77420962088720463516836197265696690447853029777,50,mpmath.zetazero (mpmath python)
351,613.59977867563711940518645618591430339691642090553,50,mpmath.zetazero (mpmath python)
352,614.64623787223262152555308398761923505230256826124,50,mpmath.zetazero (mpmath python)
353,615.53856336940702785347426589569947438997134735452,50,mpmath.zetazero (mpmath python)
354,618.11283136644237338254022702458092636326341620535,50,mpmath.zetazero (mpmath python)
355,619.18448259795363424902814642431181239404384765693,50,mpmath.zetazero (mpmath python)
356,620.27289367222752191908557259479289640139736895864,50,mpmath.zetazero (mpmath python)
357,621.70929452794862295729863306084837185651102775009,50,mpmath.zetazero (mpmath python)
358,622.37500273977900921788154377912352267103459252674,50,mpmath.zetazero (mpmath python)
359,624.26990001817788083477294703874997387053697171756,50,mpmath.zetazero (mpmath python)
360,626.01928342765438219833621740589555995542675472368,50,mpmath.zetazero (mpmath python)
361,627.26839685078302075199764559638329756949978773426,50,mpmath.zetazero (mpmath python)
362,628.32586235946036193594381566512153583961593831654,50,mpmath.zetazero (mpmath python)
363,630.47388743829204587060658677634854985010398826908,50,mpmath.zetazero (mpmath python)
364,630.80578092719753264187172524814688683398729668951,50,mpmath.zetazero (mpmath python)
365,632.22514116711595195215470592961046845728508753879,50,mpmath.zetazero (mpmath python)
366,633.54685825225177748419713345878245928787431763719,50,mpmath.zetazero (mpmath python)
367,635.52380031060545381052558175111789060579179340710,50,mpmath.zetazero (mpmath python)
368,637.39719315983730717374807428792947825832766657770,50,mpmath.zetazero (mpmath python)
369,637.92551398082258109342883971652389507571653769889,50,mpmath.zetazero (mpmath python)
370,638.92793826685677019377269092137186219209933838508,50,mpmath.zetazero (mpmath python)
371,640.69479466882566762318753849869779520897346861532,50,mpmath.zetazero (mpmath python)
372,641.94549966570529454537853855321741111053380427695,50,mpmath.zetazero (mpmath python)
373,643.27888378139788936114336280335710521951607979610,50,mpmath.zetazero (mpmath python)
374,644.99057822974800251244371232469925862593880821183,50,mpmath.zetazero (mpmath python)
375,646.34819159550159203388094162166237653809386286227,50,mpmath.zetazero (mpmath python)
376,647.76175300428888379376680895224885011204812331853,50,mpmath.zetazero (mpmath python)
377,648.78640088878244077108013376947459835963018375388,50,mpmath.zetazero (mpmath python)
378,650.19751934525645908325389759235632352595936678873,50,mpmath.zetazero (mpmath python)
379,650.66868389139598253056063305467549162182599336152,50,mpmath.zetazero (mpmath python)
380,653.64957160539469190208686495944932715711389173687,50,mpmath.zetazero (mpmath python)
381,654.30192058631934227547061632298174212511263231834,50,mpmath.zetazero (mpmath python)
382,655.70946302235563631602674275039580428887720794095,50,mpmath.zetazero (mpmath python)
383,656.96408459946061742286989658576392779256833847989,50,mpmath.zetazero (mpmath python)
384,658.17561441860539974487980790927664581494713036111,50,mpmath.zetazero (mpmath python)
385,659.66384597296410783116518214602363556440412561505,50,mpmath.zetazero (mpmath python)
386,660.71673259527927005215888125181468504716008252771,50,mpmath.zetazero (mpmath python)
387,662.29658643110041064437826639180563902861980836016,50,mpmath.zetazero (mpmath python)
388,664.24460465227301344989025726143772787018797039547,50,mpmath.zetazero (mpmath python)
389,665.34276309559904054278816979251601823023739860821,50,mpmath.zetazero (mpmath python)
390,666.51514770417296054877509581923204282259769131543,50,mpmath.zetazero (mpmath python)
391,667.14849489455542994106921327453273594950037339060,50,mpmath.zetazero (mpmath python)
392,668.97584882023513140619227966226342889490802847659,50,mpmath.zetazero (mpmath python)
393,670.32358520586258403442955331722175844991114495137,50,mpmath.zetazero (mpmath python)
394,672.45818358416973418136508633517800576390510602320,50,mpmath.zetazero (mpmath python)
395,673.04357828614764577013104065132060001026139760457,50,mpmath.zetazero (mpmath python)
396,674.35589781012316789615632010608790099854665405915,50,mpmath.zetazero (mpmath python)
397,676.13967436362674820317813571434343052525395905081,50,mpmath.zetazero (mpmath python)
398,677.23018066876397324785479956961293230109061775816,50,mpmath.zetazero (mpmath python)
399,677.80044474622133491893875739326947147982294768474,50,mpmath.zetazero (mpmath python)
400,679.74219788252821771952593891126999534561355141590,50,mpmath.zetazero (mpmath python)
401,681.89499153315188910945241108136765727856287475357,50,mpmath.zetazero (mpmath python)
402,682.60273501975054548754083664487118909593475814156,50,mpmath.zetazero (mpmath python)
403,684.01354981386950523619412795879451961666367402314,50,mpmath.zetazero (mpmath python)
404,684.97262986209845254573666173834441324919214174688,50,mpmath.zetazero (mpmath python)
405,686.16322358772794960347300671138851539343355925243,50,mpmath.zetazero (mpmath python)
406,687.96154318470364848279633748968503552776179926549,50,mpmath.zetazero (mpmath python)
407,689.36894136227236842325519282517255090091783252928,50,mpmath.zetazero (mpmath python)
408,690.47473503235039769394308945390297172967334709694,50,mpmath.zetazero (mpmath python)
409,692.45168441552084884984665236505928143026257010537,50,mpmath.zetazero (mpmath python)
410,693.17697006060182484562309750809318195071298611934,50,mpmath.zetazero (mpmath python)
411,694.53390869987314001563070454193222442870066417217,50,mpmath.zetazero (mpmath python)
412,695.72633592092673016780142822772933989302535527036,50,mpmath.zetazero (mpmath python)
413,696.62606990034561497090281851956110505693661086623,50,mpmath.zetazero (mpmath python)
414,699.13209547601350671081616958795116431276698619702,50,mpmath.zetazero (mpmath python)
415,700.29673913214349456801214984411023181921683498856,50,mpmath.zetazero (mpmath python)
416,701.30174295464615568517391403947574389961963735052,50,mpmath.zetazero (mpmath python)
417,702.22734314576050011943531981033740797564479952088,50,mpmath.zetazero (mpmath python)
418,704.03383929552530932265307229582600395672710410441,50,mpmath.zetazero (mpmath python)
419,705.12581395461922766686747943943914292199866155484,50,mpmath.zetazero (mpmath python)
420,706.18465479951791902581098501600108727211321719331,50,mpmath.zetazero (mpmath python)
421,708.26907088510989999526902863962964910897093626995,50,mpmath.zetazero (mpmath python)
422,709.22958857028430070903469330356195235117516867260,50,mpmath.zetazero (mpmath python)
423,711.13027417968543156547485639037759778219259816104,50,mpmath.zetazero (mpmath python)
424,711.90028991437531203891507905321160443800037816495,50,mpmath.zetazero (mpmath python)
425,712.74938347010129025461057436722149992899246236639,50,mpmath.zetazero (mpmath python)
426,714.08277182066939307692452716596826726454072115973,50,mpmath.zetazero (mpmath python)
427,716.11239645405211014818202647593088037330662910792,50,mpmath.zetazero (mpmath python)
428,717.48256970310019071444189757932269776663416397032,50,mpmath.zetazero (mpmath python)
429,718.74278654548589398844918268490937186504849680449,50,mpmath.zetazero (mpmath python)
430,719.69710098836566513269096089758873060134033541444,50,mpmath.zetazero (mpmath python)
431,721.35116221853641712838615869635834299519437198887,50,mpmath.zetazero (mpmath python)
432,722.27750497567423734037614366018581253586977206164,50,mpmath.zetazero (mpmath python)
433,723.84582104512841551167192240368018952881056716620,50,mpmath.zetazero (mpmath python)
434,724.56261389037907959224621677140485132836011012300,50,mpmath.zetazero (mpmath python)
435,727.05640323004938161764840527789085476994318220874,50,mpmath.zetazero (mpmath python)
436,728.40548158893406003474435523293102560478739161113,50,mpmath.zetazero (mpmath python)
437,728.75874979561426856613063227339048608224722014064,50,mpmath.zetazero (mpmath python)
438,730.41648212275643470994403935435784668154548196756,50,mpmath.zetazero (mpmath python)
439,731.41735491859852508074935696029530201024254053724,50,mpmath.zetazero (mpmath python)
440,732.81805271449984920856752688777101730649808658275,50,mpmath.zetazero (mpmath python)
441,734.78964325237799425231251000340454802699608532225,50,mpmath.zetazero (mpmath python)
442,735.76545920857832107693218880523229800239327456881,50,mpmath.zetazero (mpmath python)
443,737.05292891226530804231054087698881942335873369410,50,mpmath.zetazero (mpmath python)
444,738.58042117137382252170544809171004427449004010089,50,mpmath.zetazero (mpmath python)
445,739.90952367404194402970095938783325152042961510624,50,mpmath.zetazero (mpmath python)
446,740.57380744729501051503597159715307132466498540546,50,mpmath.zetazero (mpmath python)
447,741.75733557294167327586116200279170817867889003810,50,mpmath.zetazero (mpmath python)
448,743.89501314247365938155014919786613528715040909967,50,mpmath.zetazero (mpmath python)
449,745.34498955061187432564054848359263020844005583418,50,mpmath.zetazero (mpmath python)
450,746.49930589943232950960500661862737987796761997637,50,mpmath.zetazero (mpmath python)
451,747.67456362426952835956936787295266496304331001683,50,mpmath.zetazero (mpmath python)
452,748.24275446508454786850329469893412154823624416740,50,mpmath.zetazero (mpmath python)
453,750.65595036212429986680743837029462665506838700627,50,mpmath.zetazero (mpmath python)
454,750.96638106665083726845841969542878542278624129092,50,mpmath.zetazero (mpmath python)
455,752.88762156720237474950770500312655894041710689617,50,mpmath.zetazero (mpmath python)
456,754.32237047171267268510308625059281433180414811161,50,mpmath.zetazero (mpmath python)
457,755.83930897603782987279244037000438795680333839423,50,mpmath.zetazero (mpmath python)
458,756.76824843995093072013321023474403428866005119912,50,mpmath.zetazero (mpmath python)
459,758.10172924641258341148976829104399042016855796594,50,mpmath.zetazero (mpmath python)
460,758.90023822489237476743539290540975648236121803363,50,mpmath.zetazero (mpmath python)
461,760.28236698351206453186960086210369967698603271539,50,mpmath.zetazero (mpmath python)
462,762.70003324969105472806899990857665316550864631499,50,mpmath.zetazero (mpmath python)
463,763.59306617283722299697324717266435254441760779859,50,mpmath.zetazero (mpmath python)
464,764.30752272418022173625122582555298372546570807080,50,mpmath.zetazero (mpmath python)
465,766.08754009983620539442246482692112535039974719806,50,mpmath.zetazero (mpmath python)
466,767.21847215553951408249941016240426487717248612139,50,mpmath.zetazero (mpmath python)
467,768.28146180650923082345666502621489832784380405636,50,mpmath.zetazero (mpmath python)
468,769.69340725262442432500665491041905468090665952095,50,mpmath.zetazero (mpmath python)
469,771.07083931367831632118722191611928924948523847242,50,mpmath.zetazero (mpmath python)
470,772.96161756575702433782916594526840967084190364857,50,mpmath.zetazero (mpmath python)
471,774.11774462794050740214190939655718899464874305692,50,mpmath.zetazero (mpmath python)
472,775.04784709658050805001699296920556065181629999915,50,mpmath.zetazero (mpmath python)
473,775.99971196317144247773158260303119805896724656597,50,mpmath.zetazero (mpmath python)
474,777.29974852959256481651097706287499043406783023485,50,mpmath.zetazero (mpmath python)
475,779.15707694918900406392453774211992406951995328439,50,mpmath.zetazero (mpmath python)
476,780.34892500418167053812778355079498695217518028781,50,mpmath.zetazero (mpmath python)
477,782.13766439081209475431768732778656517513349371473,50,mpmath.zetazero (mpmath python)
478,782.59794394607353986616650574409293082989737774868,50,mpmath.zetazero (mpmath python)
479,784.28882261246550146314609966577582028787455543828,50,mpmath.zetazero (mpmath python)
480,785.73908970071505184064618776907869430184165073648,50,mpmath.zetazero (mpmath python)
481,786.46114745050627745989678749687847268332969658934,50,mpmath.zetazero (mpmath python)
482,787.46846381591003838147349962303003696400511736007,50,mpmath.zetazero (mpmath python)
483,790.05909236411956429494600325468193375439025709140,50,mpmath.zetazero (mpmath python)
484,790.83162046792103501908293139479826372245277790570,50,mpmath.zetazero (mpmath python)
485,792.42770760860452686639107018912141279560800215753,50,mpmath.zetazero (mpmath python)
486,792.88865256262258804224275320635308278605249521915,50,mpmath.zetazero (mpmath python)
487,794.48379186989316448131837527744619141905530294931,50,mpmath.zetazero (mpmath python)
488,795.60659615616241262791255804776511312182257831510,50,mpmath.zetazero (mpmath python)
489,797.26347003803558491619170457741738947467327563195,50,mpmath.zetazero (mpmath python)
490,798.70757016629621130969195342172827421015177055012,50,mpmath.zetazero (mpmath python)
491,799.65433621089763277282689066353753678263881585720,50,mpmath.zetazero (mpmath python)
492,801.60424646298205596667661614243729848399383142639,50,mpmath.zetazero (mpmath python)
493,802.54198487841814966241714105896808612633067157671,50,mpmath.zetazero (mpmath python)
494,803.24309620427019419022622905382030142607255229317,50,mpmath.zetazero (mpmath python)
495,804.76223911266176395159578396303783643788954415346,50,mpmath.zetazero (mpmath python)
496,805.86163566709480283680319154272653043268925516153,50,mpmath.zetazero (mpmath python)
497,808.15181493599374739235585858094234719624757588766,50,mpmath.zetazero (mpmath python)
498,809.19778336330071038771960479501839575008454675020,50,mpmath.zetazero (mpmath python)
499,810.08180488640709989152472990147138954790079176578,50,mpmath.zetazero (mpmath python)
500,811.18435884650626033788432746488002207703453963099,50,mpmath.zetazero (mpmath python)
501,812.77110838910934271980128866232484409054646320538,50,mpmath.zetazero (mpmath python)
502,814.04591360751099350196760078072017379329940013735,50,mpmath.zetazero (mpmath python)
503,814.87053962587256778401968695678541342665705469085,50,mpmath.zetazero (mpmath python)
504,816.72773771439471631650257483772409143515678320339,50,mpmath.zetazero (mpmath python)
505,818.38066886636167651158677502630534810871808064153,50,mpmath.zetazero (mpmath python)
506,819.20464217082386260582403884633764954992761907265,50,mpmath.zetazero (mpmath python)
507,820.72189844386928746643102182345919101711278393837,50,mpmath.zetazero (mpmath python)
508,821.71345413337940180987603446496772612303964049951,50,mpmath.zetazero (mpmath python)
509,822.19775749340427714358185558605018441931513400924,50,mpmath.zetazero (mpmath python)
510,824.52629387162974816376648492845943972657919294176,50,mpmath.zetazero (mpmath python)
511,826.03928737657438354801416353322042026636318496536,50,mpmath.zetazero (mpmath python)
512,826.90581095408077197966445091349413799209384632158,50,mpmath.zetazero (mpmath python)
513,828.34017430048990037050421507592183693032156030142,50,mpmath.zetazero (mpmath python)
514,829.43701096830933362304759149231860950130421422302,50,mpmath.zetazero (mpmath python)
515,830.89588405331740073007861761114162031113486626941,50,mpmath.zetazero (mpmath python)
516,831.79977765907058307432460837284024494374216289530,50,mpmath.zetazero (mpmath python)
517,833.00364090915419953831125420799319342109714390296,50,mpmath.zetazero (mpmath python)
518,834.65191514782557580734533987601377741660905797727,50,mpmath.zetazero (mpmath python)
519,836.69357618759186716887034075914646207593628694281,50,mpmath.zetazero (mpmath python)
520,837.34733505953151476748641631572147144545938803287,50,mpmath.zetazero (mpmath python)
521,838.24902199273214583654709591162613412794003226855,50,mpmath.zetazero (mpmath python)
522,839.46539481028247555031030220011628983508371538255,50,mpmath.zetazero (mpmath python)
523,841.03638982901342372441148471800766924656397399234,50,mpmath.zetazero (mpmath python)
524,842.04135420652637133336769920020251909644548824906,50,mpmath.zetazero (mpmath python)
525,844.16619660735076882134610112566780937429031887113,50,mpmath.zetazero (mpmath python)
526,844.80599397576372688128477664963657780524410016486,50,mpmath.zetazero (mpmath python)
527,846.19476992769399776366251853997661282785090486161,50,mpmath.zetazero (mpmath python)
528,847.97171763951200663632758478537615901929233950281,50,mpmath.zetazero (mpmath python)
529,848.48928118094352382488673033472457804880527371286,50,mpmath.zetazero (mpmath python)
530,849.86227434869782626434471470775637222595284725059,50,mpmath.zetazero (mpmath python)
531,850.64544846600409237824204818765872765226368979592,50,mpmath.zetazero (mpmath python)
532,853.16311258338915532583947207126675288063465626137,50,mpmath.zetazero (mpmath python)
533,854.09551171986905862001822163210216312429951805078,50,mpmath.zetazero (mpmath python)
534,855.28671024440493634822843757060150724655800088060,50,mpmath.zetazero (mpmath python)
535,856.48411749079166285403492490159691313994655663220,50,mpmath.zetazero (mpmath python)
536,857.31074060260382603296422995599456717721109318252,50,mpmath.zetazero (mpmath python)
537,858.90402646647569441282957372075879362442713344985,50,mpmath.zetazero (mpmath python)
538,860.41067089601467075159414014632734684709344772177,50,mpmath.zetazero (mpmath python)
539,861.17109821271533760597511040114215121951564104325,50,mpmath.zetazero (mpmath python)
540,863.18971977190893423611013006573866330805125986002,50,mpmath.zetazero (mpmath python)
541,864.34082393006954085568749976524424716116196904203,50,mpmath.zetazero (mpmath python)
542,865.59466432651596539510687707539353848745360442490,50,mpmath.zetazero (mpmath python)
543,866.42373990404264146297958865795176500527199039592,50,mpmath.zetazero (mpmath python)
544,867.69312261178500623876852710732107038856780097063,50,mpmath.zetazero (mpmath python)
545,868.67049422913159666783827457457718302694976157065,50,mpmath.zetazero (mpmath python)
546,870.84690232575401620579527545407891576386559760857,50,mpmath.zetazero (mpmath python)
547,872.18875082161320775587322808163246335645818654440,50,mpmath.zetazero (mpmath python)
548,873.09897897128198149832540295728939018013904102985,50,mpmath.zetazero (mpmath python)
549,873.90838923533753043962998577189439331610860007597,50,mpmath.zetazero (mpmath python)
550,875.98528510878032237439244119674069228599297960943,50,mpmath.zetazero (mpmath python)
551,876.60082583302744239724313001907371143603177705415,50,mpmath.zetazero (mpmath python)
552,877.65469834103347514402209313832403810395338776319,50,mpmath.zetazero (mpmath python)
553,879.38095196979098245646180007203462781687609441085,50,mpmath.zetazero (mpmath python)
554,880.83464884793939028303228725197325306955680895213,50,mpmath.zetazero (mpmath python)
555,882.38669662719646125238465043276881177753667093495,50,mpmath.zetazero (mpmath python)
556,883.43033183870164568456833743642886261738261231830,50,mpmath.zetazero (mpmath python)
557,884.19874311459472696038427915427487222126034357258,50,mpmath.zetazero (mpmath python)
558,885.27230447961712705119808610060086654099254081102,50,mpmath.zetazero (mpmath python)
559,886.85280196291629837203332994697461238854739529953,50,mpmath.zetazero (mpmath python)
560,888.47556667381719477372638874886263805861034916493,50,mpmath.zetazero (mpmath python)
561,889.73529429409073709741218814311571487258672282447,50,mpmath.zetazero (mpmath python)
562,890.81313211252806368619592430668038940023864606374,50,mpmath.zetazero (mpmath python)
563,892.38643326015586934174099927922356818395540474987,50,mpmath.zetazero (mpmath python)
564,893.11911756729425833617554293744952528733433018379,50,mpmath.zetazero (mpmath python)
565,894.88629232086871614219290360338167489950806768195,50,mpmath.zetazero (mpmath python)
566,895.39791967478296505539685939456281563966403115808,50,mpmath.zetazero (mpmath python)
567,896.63225155620272003352658672079041348952952739860,50,mpmath.zetazero (mpmath python)
568,899.22152266838341939009564393985323451432078811558,50,mpmath.zetazero (mpmath python)
569,899.85888460793748344426585531170305958789569860823,50,mpmath.zetazero (mpmath python)
570,900.84973986052139611782464124653877268754563580671,50,mpmath.zetazero (mpmath python)
571,902.24320758675228846164044784238054406526442279665,50,mpmath.zetazero (mpmath python)
572,903.09967444263045494666504638074564427557943925854,50,mpmath.zetazero (mpmath python)
573,904.70290272228132077432409142571697527694579181222,50,mpmath.zetazero (mpmath python)
574,905.82994075822220940483941073031377165174187498980,50,mpmath.zetazero (mpmath python)
575,907.65672946896752531155671350847257537749782583417,50,mpmath.zetazero (mpmath python)
576,908.33354364506092528070819667519431451789421075911,50,mpmath.zetazero (mpmath python)
577,910.18633405717984256535255167880787948693499870657,50,mpmath.zetazero (mpmath python)
578,911.23495148595550409259750128658717663794908511821,50,mpmath.zetazero (mpmath python)
579,912.33104560003558724880716717151551221716248617044,50,mpmath.zetazero (mpmath python)
580,912.82399924674339537799221665873749926548251773147,50,mpmath.zetazero (mpmath python)
581,914.73009695837561333837523921369987412708293365653,50,mpmath.zetazero (mpmath python)
582,916.35500080864276589142084294799952588638591852260,50,mpmath.zetazero (mpmath python)
583,917.82537757042678302648396433404868248883314678387,50,mpmath.zetazero (mpmath python)
584,918.83653524352902957124898261895290929798083351126,50,mpmath.zetazero (mpmath python)
585,919.44834443968230478176512935231792992868694924966,50,mpmath.zetazero (mpmath python)
586,921.15639550715485336739940521902596087859604549268,50,mpmath.zetazero (mpmath python)
587,922.50062930663677026624532908777339748144910429190,50,mpmath.zetazero (mpmath python)
588,923.28571980242224267394310255296062665901979900126,50,mpmath.zetazero (mpmath python)
589,924.77348393347666441624645576483029488838906526818,50,mpmath.zetazero (mpmath python)
590,926.55155278460302894159237505437656378308714308194,50,mpmath.zetazero (mpmath python)
591,927.85085898575359414787096158807575122373958284764,50,mpmath.zetazero (mpmath python)
592,928.66365932893489228875629035794463332736343846570,50,mpmath.zetazero (mpmath python)
593,929.87409285064775477710606749815772394008874299591,50,mpmath.zetazero (mpmath python)
594,931.00921133662807295427616676545137738402814484002,50,mpmath.zetazero (mpmath python)
595,931.85274074552007992168634235099792932185216800371,50,mpmath.zetazero (mpmath python)
596,934.38530683725846475441454119257949634473665150767,50,mpmath.zetazero (mpmath python)
597,934.99542486384645961760973764516760542735655208216,50,mpmath.zetazero (mpmath python)
598,936.22864937928292721371866391377286380615655620768,50,mpmath.zetazero (mpmath python)
599,937.53292571197038127291623388558268869658012231802,50,mpmath.zetazero (mpmath python)
600,939.02430089921838218421841870917956106917858909399,50,mpmath.zetazero (mpmath python)
601,939.66094061452816598560075447474114879307367797912,50,mpmath.zetazero (mpmath python)
602,941.15699964204237260777099694368680778007966856853,50,mpmath.zetazero (mpmath python)
603,942.05234164337549787438994563498231708858859105032,50,mpmath.zetazero (mpmath python)
604,944.18803580957274451197850161510357016130338499182,50,mpmath.zetazero (mpmath python)
605,945.33356250304594614154223892099645252653062327499,50,mpmath.zetazero (mpmath python)
606,946.76584220472785115673216721824137703057177857547,50,mpmath.zetazero (mpmath python)
607,947.07918309625487796511947454302963826381343229587,50,mpmath.zetazero (mpmath python)
608,948.34664625504496716660508599383598359106132619279,50,mpmath.zetazero (mpmath python)
609,950.15161268464384086474681035084544556502562137843,50,mpmath.zetazero (mpmath python)
610,951.03324873382350997449941047639818628263861512032,50,mpmath.zetazero (mpmath python)
611,952.72798861985062608466752132393261231760696810027,50,mpmath.zetazero (mpmath python)
612,954.12971926955141533675800941441692515031987300727,50,mpmath.zetazero (mpmath python)
613,954.82930893821663711951376283810161686271155008433,50,mpmath.zetazero (mpmath python)
614,956.67547934328979602314203213322767062414953792121,50,mpmath.zetazero (mpmath python)
615,957.51005259642372246772876911693232428565223761397,50,mpmath.zetazero (mpmath python)
616,958.41459339013618097000399946725479359022563482575,50,mpmath.zetazero (mpmath python)
617,959.45916880706811256099960903915432846382113270494,50,mpmath.zetazero (mpmath python)
618,961.66957247419275334266865750319864662381206048898,50,mpmath.zetazero (mpmath python)
619,963.18208667131144699713218997217169670474429777860,50,mpmath.zetazero (mpmath python)
620,963.56704019161227067186209951900678663864900345656,50,mpmath.zetazero (mpmath python)
621,965.05557962375111622492669481530713388350203953504,50,mpmath.zetazero (mpmath python)
622,966.11075481841020401872462128611977359790673659564,50,mpmath.zetazero (mpmath python)
623,967.37115376626285431516477820424841189487057524971,50,mpmath.zetazero (mpmath python)
624,968.63630190608732640808990549808301150293127567172,50,mpmath.zetazero (mpmath python)
625,970.12561055694117547921511958924043378121133646976,50,mpmath.zetazero (mpmath python)
626,971.07149148638572794025103456085622964924574115418,50,mpmath.zetazero (mpmath python)
627,973.18536129430119422164909695845071417976363504672,50,mpmath.zetazero (mpmath python)
628,973.87307899265359719423256346532695147033131550729,50,mpmath.zetazero (mpmath python)
629,974.77463506583742987530315484702379752528290386505,50,mpmath.zetazero (mpmath python)
630,976.17850242058960934418779815924373919271609866327,50,mpmath.zetazero (mpmath python)
631,976.91720211705062202141726717178781377776068091852,50,mpmath.zetazero (mpmath python)
632,978.76667153511297445402300674042504626189825225930,50,mpmath.zetazero (mpmath python)
633,980.57800063977441806133895250247559227285823405647,50,mpmath.zetazero (mpmath python)
634,981.28861530175896945936443434712949108905091172724,50,mpmath.zetazero (mpmath python)
635,982.39648516877897840141022187220093532459915117303,50,mpmath.zetazero (mpmath python)
636,983.57507600643132875553311344275996113647857958879,50,mpmath.zetazero (mpmath python)
637,985.18692865577343576952856514903153019458809817361,50,mpmath.zetazero (mpmath python)
638,986.13051511018452664937398821863016197963724894668,50,mpmath.zetazero (mpmath python)
639,986.75600840765603562177783911767275734512758334365,50,mpmath.zetazero (mpmath python)
640,988.99262237065740660736618366671371483701036171324,50,mpmath.zetazero (mpmath python)
641,990.22391780402797236297813057636928767816325740090,50,mpmath.zetazero (mpmath python)
642,991.37429414776150543186343326028614768630923918212,50,mpmath.zetazero (mpmath python)
643,992.72869633673265944362739693309337782393298848603,50,mpmath.zetazero (mpmath python)
644,993.21458095744295370752307112134405390032418864193,50,mpmath.zetazero (mpmath python)
645,994.40459057109449190002780546623487667367224420845,50,mpmath.zetazero (mpmath python)
646,996.20533616429828648352798144930169946433483180804,50,mpmath.zetazero (mpmath python)
647,997.51193475193922921102984007544019312673849262312,50,mpmath.zetazero (mpmath python)
648,998.82754713692963313051961544663936771030437271884,50,mpmath.zetazero (mpmath python)
649,999.79157155741294046316314715784706739154351405864,50,mpmath.zetazero (mpmath python)
650,1001.3494826377827371221033096531061705982745012855,50,mpmath.zetazero (mpmath python)
651,1002.4043054883917113081593275664358464639334338748,50,mpmath.zetazero (mpmath python)
652,1003.2678081794532482575282019014480292578792923499,50,mpmath.zetazero (mpmath python)
653,1004.6750441211728942261333468696004942160451087984,50,mpmath.zetazero (mpmath python)
654,1005.5434203043783641966110481041439319113455590931,50,mpmath.zetazero (mpmath python)
655,1008.0067043070636461981398201251009890817037944739,50,mpmath.zetazero (mpmath python)
656,1008.7957099007422823457725571097604258924233779101,50,mpmath.zetazero (mpmath python)
657,1009.8065907469646294572819357486026322350440284587,50,mpmath.zetazero (mpmath python)
658,1010.5697570110610758985665156918320200863689538626,50,mpmath.zetazero (mpmath python)
659,1012.4100425157615968428532618443719129270826739503,50,mpmath.zetazero (mpmath python)
660,1013.0586380984089850726526376543487087510047381269,50,mpmath.zetazero (mpmath python)
661,1014.6896326223704046881464379534827680612573955708,50,mpmath.zetazero (mpmath python)
662,1016.0601789426473781302897948920619702742016992044,50,mpmath.zetazero (mpmath python)
663,1017.2664023643554066697148619797958639018826708581,50,mpmath.zetazero (mpmath python)
664,1018.6055725186201549509835675665298860164233137006,50,mpmath.zetazero (mpmath python)
665,1019.9124397439440383616715166951726015314827353879,50,mpmath.zetazero (mpmath python)
666,1020.9174750172636783161470844920927747220723792846,50,mpmath.zetazero (mpmath python)
667,1021.5443444999046519071240849683070825796360018408,50,mpmath.zetazero (mpmath python)
668,1022.8852709117163478259996634313590700275887797174,50,mpmath.zetazero (mpmath python)
669,1025.2657241977276963666283117782623562234276248791,50,mpmath.zetazero (mpmath python)
670,1025.7079443714628892377277012466273973761396491258,50,mpmath.zetazero (mpmath python)
671,1027.4676935155877702733974230213630744774474716068,50,mpmath.zetazero (mpmath python)
672,1028.1289642554975178776695317748435224330451527524,50,mpmath.zetazero (mpmath python)
673,1029.2272974439613667311287036044224823942571440145,50,mpmath.zetazero (mpmath python)
674,1030.8973687905965235607265557395420606746780963401,50,mpmath.zetazero (mpmath python)
675,1031.8331802974077625412242242263524840731056632041,50,mpmath.zetazero (mpmath python)
676,1032.8128830351588514606514409583202676617541047666,50,mpmath.zetazero (mpmath python)
677,1034.6129155295208100661743406495350440220641651105,50,mpmath.zetazero (mpmath python)
678,1036.1959173580547402539829278864867995835834731929,50,mpmath.zetazero (mpmath python)
679,1037.0247076462817497505772639763116600328253921789,50,mpmath.zetazero (mpmath python)
680,1038.0877522406188364373469423361710270553105042732,50,mpmath.zetazero (mpmath python)
681,1039.0774014368966887266795988013885201335779214236,50,mpmath.zetazero (mpmath python)
682,1040.2640379376957608311529260519901863711513856807,50,mpmath.zetazero (mpmath python)
683,1041.6215280145422741547117084342493088525633841752,50,mpmath.zetazero (mpmath python)
684,1043.6239543496214938704500954519809271154434236720,50,mpmath.zetazero (mpmath python)
685,1044.5149758290787681146033133725609057037274290532,50,mpmath.zetazero (mpmath python)
686,1045.1070423529779113906503955376558195670931008901,50,mpmath.zetazero (mpmath python)
687,1047.0898174842947842211146505159131122898924537535,50,mpmath.zetazero (mpmath python)
688,1047.9871474896004711313215965099330156246996112494,50,mpmath.zetazero (mpmath python)
689,1048.9537851946859616330570245435336113075533813618,50,mpmath.zetazero (mpmath python)
690,1049.9962842565932197556301997932918347505724970557,50,mpmath.zetazero (mpmath python)
691,1051.5765718432051957955781493207424170981928802471,50,mpmath.zetazero (mpmath python)
692,1053.2457851583857576256105207590716475600769648744,50,mpmath.zetazero (mpmath python)
693,1054.7810394782813499067987929540953135996210413373,50,mpmath.zetazero (mpmath python)
694,1055.0021464756857362093533824334184393349948240878,50,mpmath.zetazero (mpmath python)
695,1056.6888473638282298575247906487940530942949860766,50,mpmath.zetazero (mpmath python)
696,1057.1000436596177836030610857179554481521493222283,50,mpmath.zetazero (mpmath python)
697,1059.1337691068971462294212996924029233509649450223,50,mpmath.zetazero (mpmath python)
698,1060.1395185616078190972389934087855913097383968389,50,mpmath.zetazero (mpmath python)
699,1061.5013044650684200631202118323530801974928062729,50,mpmath.zetazero (mpmath python)
700,1062.9153815078805636024533746996019950626552890281,50,mpmath.zetazero (mpmath python)
701,1064.0715510717185404252860304909203973148887119500,50,mpmath.zetazero (mpmath python)
702,1065.1218551062930554785798230840617391047641376351,50,mpmath.zetazero (mpmath python)
703,1066.4632234692429819437788191314734994776345133896,50,mpmath.zetazero (mpmath python)
704,1067.4188601209645580593451763585802044046710909806,50,mpmath.zetazero (mpmath python)
705,1067.9900000790426254677355643100518404591591338787,50,mpmath.zetazero (mpmath python)
706,1070.5350419968292628093530997920986690655490798984,50,mpmath.zetazero (mpmath python)
707,1071.6186232150895379047280554805599320352893460899,50,mpmath.zetazero (mpmath python)
708,1072.5439980111215553487828189938525840813110895858,50,mpmath.zetazero (mpmath python)
709,1073.5703531650937254377277085988504722036500756168,50,mpmath.zetazero (mpmath python)
710,1074.7477710443109985792942156659212408525997258261,50,mpmath.zetazero (mpmath python)
711,1076.2666255941774098650037502372965345556870755539,50,mpmath.zetazero (mpmath python)
712,1076.9240560657544468875853616394871790667409486093,50,mpmath.zetazero (mpmath python)
713,1078.6471984809563646942905148203205276166916497003,50,mpmath.zetazero (mpmath python)
714,1079.8099654292590692135716642504533144905143727015,50,mpmath.zetazero (mpmath python)
715,1081.1710023434678037850664794818684195816929616120,50,mpmath.zetazero (mpmath python)
716,1082.9527497230696686607919918325521131457176002955,50,mpmath.zetazero (mpmath python)
717,1083.2954665140856067683406798550293560934276291363,50,mpmath.zetazero (mpmath python)
718,1084.1832643104302161431638486172873265468436554399,50,mpmath.zetazero (mpmath python)
719,1085.6478312086393407120200665647913569261731400970,50,mpmath.zetazero (mpmath python)
720,1086.9119989898250931155656903346590819611537647541,50,mpmath.zetazero (mpmath python)
721,1088.7557246748088014716971250019134960648822330728,50,mpmath.zetazero (mpmath python)
722,1089.7953379240747749584235692128102857324790828829,50,mpmath.zetazero (mpmath python)
723,1090.8631910262488607850089899010890855430553417371,50,mpmath.zetazero (mpmath python)
724,1091.7284729669368289993993051948285719703155215280,50,mpmath.zetazero (mpmath python)
725,1093.4408732723686346807955856661005063295806315115,50,mpmath.zetazero (mpmath python)
726,1094.2844575237541598363385591913134443107456423333,50,mpmath.zetazero (mpmath python)
727,1095.4330847586614786896674848699834828710983984591,50,mpmath.zetazero (mpmath python)
728,1096.4019177947425285021494554188744124251977347839,50,mpmath.zetazero (mpmath python)
729,1098.8410154666498617872947335026871664049573211391,50,mpmath.zetazero (mpmath python)
730,1099.3606671785717955946165118018848704062228663442,50,mpmath.zetazero (mpmath python)
731,1100.5744606224625632186244269405290911109942227467,50,mpmath.zetazero (mpmath python)
732,1101.8391111687560134050112143502507975992606596972,50,mpmath.zetazero (mpmath python)
733,1102.5517798999177227467859432365265520278406560485,50,mpmath.zetazero (mpmath python)
734,1103.7322971745469358475961100996695985808577518902,50,mpmath.zetazero (mpmath python)
735,1105.6171888307620715173208090337440700901438895106,50,mpmath.zetazero (mpmath python)
736,1106.7743716758327751009174477157222525247512420794,50,mpmath.zetazero (mpmath python)
737,1107.7745319550101369331516708061225365072161954345,50,mpmath.zetazero (mpmath python)
738,1109.1589188567664518878051750635042119351768595529,50,mpmath.zetazero (mpmath python)
739,1110.4441429936132058032730282104965294081449701849,50,mpmath.zetazero (mpmath python)
740,1111.4435047648998965874183727754232898479207344853,50,mpmath.zetazero (mpmath python)
741,1112.4329954080764445806879193708124884066593834726,50,mpmath.zetazero (mpmath python)
742,1113.3975951148019935136144335694061062490104464520,50,mpmath.zetazero (mpmath python)
743,1115.0653594615666056765302328096647896934600842852,50,mpmath.zetazero (mpmath python)
744,1116.7872538812145241906330399131503560678778582406,50,mpmath.zetazero (mpmath python)
745,1117.9659196691996709454775823758334202988538263616,50,mpmath.zetazero (mpmath python)
746,1118.6841348610183909038781225435778969983543373239,50,mpmath.zetazero (mpmath python)
747,1119.4732474261789829018614472604396922494724138779,50,mpmath.zetazero (mpmath python)
748,1121.1559376758105699053733707335139455877365684660,50,mpmath.zetazero (mpmath python)
749,1122.4586213568805122541328544238160594205993492270,50,mpmath.zetazero (mpmath python)
750,1123.1011173878092001666644555337031373050029503358,50,mpmath.zetazero (mpmath python)
751,1125.3147293978464700797989768024607275049453797164,50,mpmath.zetazero (mpmath python)
752,1125.7634424292525594664439720091224419251849301696,50,mpmath.zetazero (mpmath python)
753,1127.6580235272157192307752739990291912218342521888,50,mpmath.zetazero (mpmath python)
754,1128.4302246138927113721060285205999827969367665914,50,mpmath.zetazero (mpmath python)
755,1129.7289967770655621750891555584349996465722098313,50,mpmath.zetazero (mpmath python)
756,1130.3915978962316708320109077075095043371665387623,50,mpmath.zetazero (mpmath python)
757,1131.4950855619170432222868923537734304161558261931,50,mpmath.zetazero (mpmath python)
758,1133.7086256694562358514102752456044701686561400333,50,mpmath.zetazero (mpmath python)
759,1134.8856545915331964306241983416318489962022900042,50,mpmath.zetazero (mpmath python)
760,1135.5622139754775459565220463973364744181273089611,50,mpmath.zetazero (mpmath python)
761,1136.9292934809695297854696673050760214513301138578,50,mpmath.zetazero (mpmath python)
762,1138.1515897798055407292335318985534072532349751691,50,mpmath.zetazero (mpmath python)
763,1138.9923418204936358938599920165789752598982632005,50,mpmath.zetazero (mpmath python)
764,1140.7218481719033597526553298592634840233631738389,50,mpmath.zetazero (mpmath python)
765,1141.2610229641367583299822815692887145166166726766,50,mpmath.zetazero (mpmath python)
766,1142.8586596078564811184987998415729113961115442809,50,mpmath.zetazero (mpmath python)
767,1144.7822995186253418770652908602546203339798621698,50,mpmath.zetazero (mpmath python)
768,1145.4853275171171068080172815104847358983723554543,50,mpmath.zetazero (mpmath python)
769,1146.5768149248669534060517444816507057037037686261,50,mpmath.zetazero (mpmath python)
770,1147.5017765233193160912998347322856149678941618412,50,mpmath.zetazero (mpmath python)
771,1148.6152772088340190037672330442908967663009157287,50,mpmath.zetazero (mpmath python)
772,1149.9826010281070976654488166630652152463301407964,50,mpmath.zetazero (mpmath python)
773,1151.5628147236732181493886965815913311456211395783,50,mpmath.zetazero (mpmath python)
774,1152.9431285305897959516386594967116591476590027917,50,mpmath.zetazero (mpmath python)
775,1153.8903037162712680265829827084467120502858070037,50,mpmath.zetazero (mpmath python)
776,1154.6975195353823829131712126547446320093419713732,50,mpmath.zetazero (mpmath python)
777,1156.6215678338725434105791154226443350470377792341,50,mpmath.zetazero (mpmath python)
778,1157.4323145756109063328652522083179037098431839653,50,mpmath.zetazero (mpmath python)
779,1158.0016090272949661450866871131299628504253287562,50,mpmath.zetazero (mpmath python)
780,1159.4806570190222973094048349471658086577125931447,50,mpmath.zetazero (mpmath python)
781,1161.3966446343780914984888905217769361539798795347,50,mpmath.zetazero (mpmath python)
782,1162.4875286020054278040176870124724004219031876791,50,mpmath.zetazero (mpmath python)
783,1163.7010316827786155876421965097325514257295731128,50,mpmath.zetazero (mpmath python)
784,1164.7375863512276099346202176355419106346224791797,50,mpmath.zetazero (mpmath python)
785,1165.2712277064576936055335879344202305035222317922,50,mpmath.zetazero (mpmath python)
786,1166.9436134095287126771059541535400839591827109576,50,mpmath.zetazero (mpmath python)
787,1168.0862716101387942979379281227249872889298237267,50,mpmath.zetazero (mpmath python)
788,1169.6983568848849061864685133958863577692231348205,50,mpmath.zetazero (mpmath python)
789,1170.4636385782836660412160301579627318192838233836,50,mpmath.zetazero (mpmath python)
790,1172.1206818656955998464007403285002755078690401845,50,mpmath.zetazero (mpmath python)
791,1173.3056877640483587270421618618794194460125451096,50,mpmath.zetazero (mpmath python)
792,1174.2327668564563026520643616409824451248722744481,50,mpmath.zetazero (mpmath python)
793,1175.2154523959507752470309329528317073502203220310,50,mpmath.zetazero (mpmath python)
794,1176.6328758097884586329938288945022114768356699751,50,mpmath.zetazero (mpmath python)
795,1177.1063044216561469490001192589280358197536545626,50,mpmath.zetazero (mpmath python)
796,1179.7012235019338980325839772036989411545216145019,50,mpmath.zetazero (mpmath python)
797,1180.6535437870843853308739698402027844594874675100,50,mpmath.zetazero (mpmath python)
798,1181.2673181516800189591329756941103262607655220478,50,mpmath.zetazero (mpmath python)
799,1182.5822703469203904400411192758560525045346359305,50,mpmath.zetazero (mpmath python)
800,1183.7127752959743153498903983961819512273711265124,50,mpmath.zetazero (mpmath python)
801,1185.1558428474657922830201409041308754834181033560,50,mpmath.zetazero (mpmath python)
802,1185.8753586953566200126190893688279638549413085167,50,mpmath.zetazero (mpmath python)
803,1187.3451614932673099555465837371781725086905034152,50,mpmath.zetazero (mpmath python)
804,1188.8564442982293067888061519354188999510032452722,50,mpmath.zetazero (mpmath python)
805,1189.9636364979184433437486371083701671480330422826,50,mpmath.zetazero (mpmath python)
806,1191.4826059264134708651333781258402140941203333357,50,mpmath.zetazero (mpmath python)
807,1192.2186114781015450778922055720778312928815815438,50,mpmath.zetazero (mpmath python)
808,1193.3240214274550802753896614893807428381284764350,50,mpmath.zetazero (mpmath python)
809,1193.8574271354369919659411661846939013326566458604,50,mpmath.zetazero (mpmath python)
810,1196.0346717486710622321115398717835129457719698812,50,mpmath.zetazero (mpmath python)
811,1197.0717866588219668044794666530677246374531034978,50,mpmath.zetazero (mpmath python)
812,1198.6865691046305664764870117939281560123162778306,50,mpmath.zetazero (mpmath python)
813,1199.3565137078939681318811109321177998646624896138,50,mpmath.zetazero (mpmath python)
814,1200.5326920312199143103382590281798128252562783395,50,mpmath.zetazero (mpmath python)
815,1201.8103348566060497864604585335833872487817026255,50,mpmath.zetazero (mpmath python)
816,1203.1373508614254794528334901142667450855281399217,50,mpmath.zetazero (mpmath python)
817,1203.8552475940970020270025888089703815623311282458,50,mpmath.zetazero (mpmath python)
818,1204.9854921714664107155865593598107916899179784352,50,mpmath.zetazero (mpmath python)
819,1206.8704997938530682921379458278506080912048438914,50,mpmath.zetazero (mpmath python)
820,1208.4714599495310314629991524712346560258069282230,50,mpmath.zetazero (mpmath python)
821,1208.9894841679390256766525446907884640955682950241,50,mpmath.zetazero (mpmath python)
822,1209.8980300875459557533784787370889285845035133186,50,mpmath.zetazero (mpmath python)
823,1211.4161158927981230604789832015233611603543415558,50,mpmath.zetazero (mpmath python)
824,1212.1131530663197926243942800246138041515347710945,50,mpmath.zetazero (mpmath python)
825,1213.5983726803682184851350529352542461074039248630,50,mpmath.zetazero (mpmath python)
826,1215.3899750650456342698137702074733512929075988900,50,mpmath.zetazero (mpmath python)
827,1216.1837220334674167237727652425366438716329711622,50,mpmath.zetazero (mpmath python)
828,1217.1744824977389190397719142941092132802602246858,50,mpmath.zetazero (mpmath python)
829,1219.0500281774061635092768305730625325409723483153,50,mpmath.zetazero (mpmath python)
830,1219.6144713108584843102217194913428857981742644035,50,mpmath.zetazero (mpmath python)
831,1220.8163476909781314306853617443535569586070640323,50,mpmath.zetazero (mpmath python)
832,1221.6922424831437332117925238799766555120520361477,50,mpmath.zetazero (mpmath python)
833,1222.9524840951083582425642426473740194673901940308,50,mpmath.zetazero (mpmath python)
834,1225.0183300241685391973517570533665960459234023804,50,mpmath.zetazero (mpmath python)
835,1225.8550207607957153966613668714415790494833289706,50,mpmath.zetazero (mpmath python)
836,1227.2318276414909319241461611600853430571688521636,50,mpmath.zetazero (mpmath python)
837,1227.9171416144000444059463490981110531752177501738,50,mpmath.zetazero (mpmath python)
838,1228.7931543629811717691790337819358445061737937296,50,mpmath.zetazero (mpmath python)
839,1230.5846031542492757195017588426352667671084754731,50,mpmath.zetazero (mpmath python)
840,1231.5622738776453981647181786302261188643766048777,50,mpmath.zetazero (mpmath python)
841,1232.5295870405978955510341375484564926373376864073,50,mpmath.zetazero (mpmath python)
842,1234.2778166534317880488442249053047591693864659310,50,mpmath.zetazero (mpmath python)
843,1235.5025485265209973187174269125793988042829812413,50,mpmath.zetazero (mpmath python)
844,1236.3990174657789958654443585032497316420242111820,50,mpmath.zetazero (mpmath python)
845,1237.9772985135811455134264355437881413805370307781,50,mpmath.zetazero (mpmath python)
846,1238.4572327956618071163334249812341266769515771757,50,mpmath.zetazero (mpmath python)
847,1239.4908071467957542777046753797596352014164112683,50,mpmath.zetazero (mpmath python)
848,1240.8134717852162668915202059959903174270267607964,50,mpmath.zetazero (mpmath python)
849,1243.0780763980211188815195140652934692492271029115,50,mpmath.zetazero (mpmath python)
850,1243.5381465261142599804738685752674923936592013004,50,mpmath.zetazero (mpmath python)
851,1244.8514339669838585645816826992160047468947277173,50,mpmath.zetazero (mpmath python)
852,1245.6558661881478224788038745774347407199883349237,50,mpmath.zetazero (mpmath python)
853,1247.3725619698556439157041761792222551133955164524,50,mpmath.zetazero (mpmath python)
854,1248.0630610532081986851494499576985680744873599501,50,mpmath.zetazero (mpmath python)
855,1249.1598879530029833405833142053954367685721926923,50,mpmath.zetazero (mpmath python)
856,1250.6723972756781171550895278911458735629695552256,50,mpmath.zetazero (mpmath python)
857,1251.6598320042712211800375857764149530425108761657,50,mpmath.zetazero (mpmath python)
858,1253.6735778521071020183802618002726196236761857060,50,mpmath.zetazero (mpmath python)
859,1254.4313284217734493685167530968338924924302544670,50,mpmath.zetazero (mpmath python)
860,1255.4082306452907346383815548335881540873371926492,50,mpmath.zetazero (mpmath python)
861,1256.1812141984608660682557442038987828135937044799,50,mpmath.zetazero (mpmath python)
862,1257.5412194126441144268231881839618874717782416821,50,mpmath.zetazero (mpmath python)
863,1258.7792334885950531906713570404965073587012978434,50,mpmath.zetazero (mpmath python)
864,1260.3445483161855198681790705465361878092092575981,50,mpmath.zetazero (mpmath python)
865,1261.6117171614798399043252592093417896347367868931,50,mpmath.zetazero (mpmath python)
866,1262.5566140003562243425577350201989089244860969454,50,mpmath.zetazero (mpmath python)
867,1263.6767328438617933303996144828201736756507110251,50,mpmath.zetazero (mpmath python)
868,1264.9572230069997892876956139976027830407432052056,50,mpmath.zetazero (mpmath python)
869,1266.1790377605620622428299995974479351790753944718,50,mpmath.zetazero (mpmath python)
870,1267.2003456118454892202899459061597383211969033185,50,mpmath.zetazero (mpmath python)
871,1267.5705717794402234586437783671607694422570056826,50,mpmath.zetazero (mpmath python)
872,1270.1189218864926039251911784333259275942282791485,50,mpmath.zetazero (mpmath python)
873,1271.1342996316099914002916818997524538857909597336,50,mpmath.zetazero (mpmath python)
874,1272.0839595993328974228956465820043427778949842817,50,mpmath.zetazero (mpmath python)
875,1273.2611446334557528137274897195876239695015676583,50,mpmath.zetazero (mpmath python)
876,1274.1962208894803588281224587537261924515849021542,50,mpmath.zetazero (mpmath python)
877,1275.0920303158404577816713274187354871891867208606,50,mpmath.zetazero (mpmath python)
878,1276.8421715555697946855351885739914088971486918336,50,mpmath.zetazero (mpmath python)
879,1277.7630919863468209206096185138785322522823811034,50,mpmath.zetazero (mpmath python)
880,1279.3328433167082513942852303181594727945650284091,50,mpmath.zetazero (mpmath python)
881,1280.1557944090229304665914772353967981633959563638,50,mpmath.zetazero (mpmath python)
882,1281.8287269596999339288649812522515392664656384799,50,mpmath.zetazero (mpmath python)
883,1283.0004913866996766077031149414023368371605226879,50,mpmath.zetazero (mpmath python)
884,1283.3350321388792806004825547251585509105839416017,50,mpmath.zetazero (mpmath python)
885,1284.8547951546216578404311609364089179813127027169,50,mpmath.zetazero (mpmath python)
886,1285.6950233311385927747749484980953679724133040346,50,mpmath.zetazero (mpmath python)
887,1287.4100266170753161316727866351846321884163532087,50,mpmath.zetazero (mpmath python)
888,1289.1653515327730614814131104352849419357686585857,50,mpmath.zetazero (mpmath python)
889,1290.1047715198073378895218090326419413150141394566,50,mpmath.zetazero (mpmath python)
890,1290.4177080730425036625436022069889522339949205986,50,mpmath.zetazero (mpmath python)
891,1291.9458709680831984004580379146548679062712307363,50,mpmath.zetazero (mpmath python)
892,1293.4939815574174450620204468469847586454281562300,50,mpmath.zetazero (mpmath python)
893,1294.1184743778483523861097779837383775491576551079,50,mpmath.zetazero (mpmath python)
894,1295.3653635053582502549321730874608957239872066474,50,mpmath.zetazero (mpmath python)
895,1296.8011109923472915021941138692232338502445324797,50,mpmath.zetazero (mpmath python)
896,1298.2565270678895294323492221763595795019497643771,50,mpmath.zetazero (mpmath python)
897,1299.4051712507439783983160234598310725390203242128,50,mpmath.zetazero (mpmath python)
898,1300.4900189824476383934709433430026103340518186725,50,mpmath.zetazero (mpmath python)
899,1301.4955166805750583563560183729328484077265878243,50,mpmath.zetazero (mpmath python)
900,1302.3467423792469179205132531751889233228896502409,50,mpmath.zetazero (mpmath python)
901,1303.2732002287941434691560075303830643963712263706,50,mpmath.zetazero (mpmath python)
902,1305.4016721880043846630123156514871848472100365005,50,mpmath.zetazero (mpmath python)
903,1306.5083933129688369717337208346262109175955000656,50,mpmath.zetazero (mpmath python)
904,1307.2672421078024270977841513317848426251675071169,50,mpmath.zetazero (mpmath python)
905,1308.9881965176433872421083350804298787517856934275,50,mpmath.zetazero (mpmath python)
906,1309.4215324932559666738108118145264820267410343103,50,mpmath.zetazero (mpmath python)
907,1311.0565705111118966639323357749277349855516744071,50,mpmath.zetazero (mpmath python)
908,1311.9669406080493548688109712476711322294215794735,50,mpmath.zetazero (mpmath python)
909,1313.0315993690196645524429461505587794503430318842,50,mpmath.zetazero (mpmath python)
910,1314.0525656517261661933734666220646835739954837265,50,mpmath.zetazero (mpmath python)
911,1316.2121126028540497802903536841230699148205191495,50,mpmath.zetazero (mpmath python)
912,1317.0729860348299550010083892684107173857078429354,50,mpmath.zetazero (mpmath python)
913,1318.1712791321650525485803371308537902061499384758,50,mpmath.zetazero (mpmath python)
914,1318.9478805965663383363912810380936419986942376729,50,mpmath.zetazero (mpmath python)
915,1319.9310828775364730520352801673907451291712867684,50,mpmath.zetazero (mpmath python)
916,1321.6281385519124180574659256619873370858097894883,50,mpmath.zetazero (mpmath python)
917,1322.2580671233911579451936984255433550716837674890,50,mpmath.zetazero (mpmath python)
918,1324.2249787188443309132291957355088940201973391604,50,mpmath.zetazero (mpmath python)
919,1325.2376243589823353534974651799178318533353968919,50,mpmath.zetazero (mpmath python)
920,1325.9819696304462812230420446226217927830438486857,50,mpmath.zetazero (mpmath python)
921,1327.6352811084574496403517407333260403308764479613,50,mpmath.zetazero (mpmath python)
922,1329.0435179965186012398118524154428273741820748209,50,mpmath.zetazero (mpmath python)
923,1329.2050187854836348476184741411234504375868918503,50,mpmath.zetazero (mpmath python)
924,1330.4299371204592631826607910246419600151278639483,50,mpmath.zetazero (mpmath python)
925,1331.8275913852852175235423307596365406533474686421,50,mpmath.zetazero (mpmath python)
926,1333.6735226102849332709758717019985356263802320675,50,mpmath.zetazero (mpmath python)
927,1334.7473290516897765303394781242424660673483619727,50,mpmath.zetazero (mpmath python)
928,1335.6949745260020665890152842398928135726044225762,50,mpmath.zetazero (mpmath python)
929,1336.6901846533858710535352410809221798312027974532,50,mpmath.zetazero (mpmath python)
930,1337.6887918096699496031484399558867667930944002424,50,mpmath.zetazero (mpmath python)
931,1338.9231645986703498289819693065618457550069201319,50,mpmath.zetazero (mpmath python)
932,1340.4264004573001757897340224363941473459148003287,50,mpmath.zetazero (mpmath python)
933,1341.1662722529263870719351283659382149661522342446,50,mpmath.zetazero (mpmath python)
934,1342.6085078837768613275003733070021883729654175504,50,mpmath.zetazero (mpmath python)
935,1344.1560440035957909982043294785658309111411219183,50,mpmath.zetazero (mpmath python)
936,1345.4771062613987144274073010558987666502821044509,50,mpmath.zetazero (mpmath python)
937,1345.7314132554184077590067221834472866504580542886,50,mpmath.zetazero (mpmath python)
938,1347.5194717508999111072267333030847036242558949307,50,mpmath.zetazero (mpmath python)
939,1348.0172380187364100916240381210427970056125170351,50,mpmath.zetazero (mpmath python)
940,1349.0851940140476579807394380120394938144447139814,50,mpmath.zetazero (mpmath python)
941,1351.2962063740967180098376823805470493995964103602,50,mpmath.zetazero (mpmath python)
942,1352.2104651591755383794486596910426016666313601289,50,mpmath.zetazero (mpmath python)
943,1353.4833383582645765537561783612620312186155104561,50,mpmath.zetazero (mpmath python)
944,1353.8867819716962276842360469129873553309388253053,50,mpmath.zetazero (mpmath python)
945,1355.6805953206364918868575084414018857324006848083,50,mpmath.zetazero (mpmath python)
946,1356.6056557098079539196745219737348348007560452173,50,mpmath.zetazero (mpmath python)
947,1357.7717428285794640718014188988520571198891364202,50,mpmath.zetazero (mpmath python)
948,1358.4601603991590264373551891726351900626529397573,50,mpmath.zetazero (mpmath python)
949,1360.3931447621911523120897519102878134546557416048,50,mpmath.zetazero (mpmath python)
950,1361.3930747136396816988907629289292467345299418339,50,mpmath.zetazero (mpmath python)
951,1363.0223286032807568385427379045715882134799152837,50,mpmath.zetazero (mpmath python)
952,1363.8791907971344724379646984016905559767485830658,50,mpmath.zetazero (mpmath python)
953,1364.5765848967539726412797459309492664357319690634,50,mpmath.zetazero (mpmath python)
954,1365.4937335512952472654357740311862044239196924136,50,mpmath.zetazero (mpmath python)
955,1367.1040909700082308799551553511492892472790594566,50,mpmath.zetazero (mpmath python)
956,1368.3301933079858948948777020854958525196853310405,50,mpmath.zetazero (mpmath python)
957,1369.6869490773429166010337490783628739901996589969,50,mpmath.zetazero (mpmath python)
958,1370.9735227677836440459216690209829296995149898368,50,mpmath.zetazero (mpmath python)
959,1371.6865535528273911288295320534896107604287723397,50,mpmath.zetazero (mpmath python)
960,1373.2029145623733821032963702736955893236139104364,50,mpmath.zetazero (mpmath python)
961,1374.1547986586406456265197937808102373702515368622,50,mpmath.zetazero (mpmath python)
962,1375.3023923447489021548205548208058527301321342006,50,mpmath.zetazero (mpmath python)
963,1376.1617799936193520387648120160641936952889861327,50,mpmath.zetazero (mpmath python)
964,1377.1776336421046263224819258351531477813115414028,50,mpmath.zetazero (mpmath python)
965,1379.6832830286129263857715781641331606237219280957,50,mpmath.zetazero (mpmath python)
966,1380.1485784416924030639281519755443945764911100390,50,mpmath.zetazero (mpmath python)
967,1381.0739771492056348706565533872358603294586388820,50,mpmath.zetazero (mpmath python)
968,1382.3456629784736798877423894409283051870216053174,50,mpmath.zetazero (mpmath python)
969,1383.2975910079464749033167578318645765495131384582,50,mpmath.zetazero (mpmath python)
970,1384.4444158477600829733956291902028841009983659274,50,mpmath.zetazero (mpmath python)
971,1385.6637770111926864388739138726270917464017863289,50,mpmath.zetazero (mpmath python)
972,1387.3266476634895306056972501375000139439329862217,50,mpmath.zetazero (mpmath python)
973,1387.9214541271127970231685032052690790568314078508,50,mpmath.zetazero (mpmath python)
974,1389.5658317983939371950096554584767308799214655686,50,mpmath.zetazero (mpmath python)
975,1390.7054902864276651215146231695960462079333319711,50,mpmath.zetazero (mpmath python)
976,1391.8532004432697553845268907025565869192730571700,50,mpmath.zetazero (mpmath python)
977,1392.6440277885486482558310256405931233808361339858,50,mpmath.zetazero (mpmath python)
978,1393.4334017407936650264174710753349373938806964003,50,mpmath.zetazero (mpmath python)
979,1394.8841846756803544790294755683397827402954633820,50,mpmath.zetazero (mpmath python)
980,1396.5441631236825017702476369464467433489682618846,50,mpmath.zetazero (mpmath python)
981,1397.8346233213872242793153559001656155557732074683,50,mpmath.zetazero (mpmath python)
982,1398.8376752013858652339107816235516416731713086315,50,mpmath.zetazero (mpmath python)
983,1399.8394729412064814670539857461431592863549201515,50,mpmath.zetazero (mpmath python)
984,1400.4269462973942982610514250245366627984666930947,50,mpmath.zetazero (mpmath python)
985,1402.5643472500659938171911112439515037353174420278,50,mpmath.zetazero (mpmath python)
986,1402.9737476409192080504973187558284753349011326674,50,mpmath.zetazero (mpmath python)
987,1404.0062921705227571294407279507335934696263142515,50,mpmath.zetazero (mpmath python)
988,1405.6669750592468750922573252541303744167954138504,50,mpmath.zetazero (mpmath python)
989,1407.0851427764364868412038615539456731436754620726,50,mpmath.zetazero (mpmath python)
990,1408.1363074961895507547641092165687138029730744016,50,mpmath.zetazero (mpmath python)
991,1409.3206810798389572497111828525559642184190746191,50,mpmath.zetazero (mpmath python)
992,1410.0248107258022258330832994315486582091392884720,50,mpmath.zetazero (mpmath python)
993,1411.2570568157066238600242307786953750478859782126,50,mpmath.zetazero (mpmath python)
994,1411.9656534617730042844941774171134150262549060006,50,mpmath.zetazero (mpmath python)
995,1413.8431487885688529987976036399662415380134620449,50,mpmath.zetazero (mpmath python)
996,1415.5857847954953512089930385358158511491528030734,50,mpmath.zetazero (mpmath python)
997,1415.7815813032829100827720366603941777336098615471,50,mpmath.zetazero (mpmath python)
998,1417.1028229338226147556249643256485384690694774520,50,mpmath.zetazero (mpmath python)
999,1418.6969638524521656752330518298747430576947748716,50,mpmath.zetazero (mpmath python)
1000,1419.4224809459956864659890380799168192321006010642,50,mpmath.zetazero (mpmath python)
1001,1420.4165263237511360343752509329151597418813931128,50,mpmath.zetazero (mpmath python)
1002,1421.8505671870486539107068075509847506037846486061,50,mpmath.zetazero (mpmath python)
1003,1422.4613109875073664963794401450715992357286635511,50,mpmath.zetazero (mpmath python)
1004,1424.4630456695790222467951427634863994356512697627,50,mpmath.zetazero (mpmath python)
1005,1425.8734692449965910792898177569972391376107495017,50,mpmath.zetazero (mpmath python)
1006,1426.6459796821200393801970248604578382747680660755,50,mpmath.zetazero (mpmath python)
1007,1427.3656711094266820289608419437567240773195512938,50,mpmath.zetazero (mpmath python)
1008,1428.5923058759787687058609412082685396161388467711,50,mpmath.zetazero (mpmath python)
1009,1429.6504772761915457648975834317974738132815018175,50,mpmath.zetazero (mpmath python)
1010,1431.2183136727516584223625771090024333677587852298,50,mpmath.zetazero (mpmath python)
1011,1432.0497408933136007269558601250948490592447257692,50,mpmath.zetazero (mpmath python)
1012,1433.8219407370651605131375404260896661153864441144,50,mpmath.zetazero (mpmath python)
1013,1434.5849421682601239660687358274518385631986351979,50,mpmath.zetazero (mpmath python)
1014,1435.6929073834192773839529158101556505856876093668,50,mpmath.zetazero (mpmath python)
1015,1437.2267216238012486844633501534592614297269234387,50,mpmath.zetazero (mpmath python)
1016,1438.0062848417224015183524731674843277835918463333,50,mpmath.zetazero (mpmath python)
1017,1438.9495527468827989761788134547242456963988821485,50,mpmath.zetazero (mpmath python)
1018,1439.6227930781639839739748187002498020175305214889,50,mpmath.zetazero (mpmath python)
1019,1441.9609875048618361805390307109281693126716448357,50,mpmath.zetazero (mpmath python)
1020,1442.9110595808968588678793239611254559143092573370,50,mpmath.zetazero (mpmath python)
1021,1444.0419307063665622430661051589867979464876981005,50,mpmath.zetazero (mpmath python)
1022,1445.0722784592010457440667569065023956975188737685,50,mpmath.zetazero (mpmath python)
1023,1445.8300847797100207833562371135649870125247516238,50,mpmath.zetazero (mpmath python)
1024,1447.2262270999757943922159349507653836806399104431,50,mpmath.zetazero (mpmath python)
1025,1448.3238535157254535176844030742066167502385152451,50,mpmath.zetazero (mpmath python)
1026,1449.4887712807312579028712175297283272699266048269,50,mpmath.zetazero (mpmath python)
1027,1450.7735618582973300899067569548315018306478542590,50,mpmath.zetazero (mpmath python)
1028,1451.8352979993933832642463950130555057731440622816,50,mpmath.zetazero (mpmath python)
1029,1453.7375967571022262546087483409110183325889139029,50,mpmath.zetazero (mpmath python)
1030,1454.2260112602262796180296374662118177261732245284,50,mpmath.zetazero (mpmath python)
1031,1455.3120912398196683550617282458715198664355239217,50,mpmath.zetazero (mpmath python)
1032,1456.1677976083872555580470668606374973423441110652,50,mpmath.zetazero (mpmath python)
1033,1457.5390016684112304398528537142092330120215168410,50,mpmath.zetazero (mpmath python)
1034,1458.3937773686872488973531850503672808482265472916,50,mpmath.zetazero (mpmath python)
1035,1460.6882705354191038864174903755177973509300036668,50,mpmath.zetazero (mpmath python)
1036,1461.2454433451599559299381839372739020511315498141,50,mpmath.zetazero (mpmath python)
1037,1462.2661232657872595375505136998279708297065002402,50,mpmath.zetazero (mpmath python)
1038,1463.2868911904275412630509799382327928398750490382,50,mpmath.zetazero (mpmath python)
1039,1464.6969032978764099623614572281249564892784323832,50,mpmath.zetazero (mpmath python)
1040,1465.8895576140852681590573712352489819573977485915,50,mpmath.zetazero (mpmath python)
1041,1466.5056211078877233689232930431311088630237911809,50,mpmath.zetazero (mpmath python)
1042,1467.7039895860710134018269826440704267829504358977,50,mpmath.zetazero (mpmath python)
1043,1469.3476498782696457992910961977762333995857158473,50,mpmath.zetazero (mpmath python)
1044,1470.9665891271649672004237430624771500372784708074,50,mpmath.zetazero (mpmath python)
1045,1471.3887645271065945155685241420680493879542738425,50,mpmath.zetazero (mpmath python)
1046,1473.0201323241857111437231544186311526600078109858,50,mpmath.zetazero (mpmath python)
1047,1473.7456491857465334740873549614108889437896973337,50,mpmath.zetazero (mpmath python)
1048,1474.2032215656988787856270524716436026694345082432,50,mpmath.zetazero (mpmath python)
1049,1476.0921270382409207025700313686135782973202623430,50,mpmath.zetazero (mpmath python)
1050,1477.4351911475001174050047117179147008579823578110,50,mpmath.zetazero (mpmath python)
1051,1478.4413959734129485850082616484766438577633873334,50,mpmath.zetazero (mpmath python)
1052,1479.7599187064900776753956326362961877393203949618,50,mpmath.zetazero (mpmath python)
1053,1480.7668790179822576795434093609587498133260996760,50,mpmath.zetazero (mpmath python)
1054,1481.9646842098023095757308167465814153787301618829,50,mpmath.zetazero (mpmath python)
1055,1483.0329599580714806503619454521724900663996982928,50,mpmath.zetazero (mpmath python)
1056,1484.1435808817554077749165419457370919687144516943,50,mpmath.zetazero (mpmath python)
1057,1484.8178832312037265766346674879783781343843359115,50,mpmath.zetazero (mpmath python)
1058,1486.1713490275571399283723104794199344642173806758,50,mpmath.zetazero (mpmath python)
1059,1488.1163379762282705270272214898453391835981336865,50,mpmath.zetazero (mpmath python)
1060,1489.2524669464301230720277296469566081410693666750,50,mpmath.zetazero (mpmath python)
1061,1489.9708922046788857587342600468801073197752281334,50,mpmath.zetazero (mpmath python)
1062,1490.6706938146032656107175121423165368749833928553,50,mpmath.zetazero (mpmath python)
1063,1492.1800905440164114486222338983768016938488289671,50,mpmath.zetazero (mpmath python)
1064,1493.3308354212702177606472923862277366484437117203,50,mpmath.zetazero (mpmath python)
1065,1494.1553686136888037426541714608740334168263022449,50,mpmath.zetazero (mpmath python)
1066,1495.7688329789417316402624132387226916513000005580,50,mpmath.zetazero (mpmath python)
1067,1497.0655055717100637076576081861443704556641785428,50,mpmath.zetazero (mpmath python)
1068,1497.7473609331211557025671345320212435999406247422,50,mpmath.zetazero (mpmath python)
1069,1499.6408247466198197270628746777351000473797541762,50,mpmath.zetazero (mpmath python)
1070,1500.3519515166031648772664649706680672979796506928,50,mpmath.zetazero (mpmath python)
1071,1501.1193249221315867552671321007877554321826264257,50,mpmath.zetazero (mpmath python)
1072,1502.3460632923990629246531316179509781605160203852,50,mpmath.zetazero (mpmath python)
1073,1503.0909331266804933694986612503745831309785278488,50,mpmath.zetazero (mpmath python)
1074,1505.2615296546719109266541042772934147707759141358,50,mpmath.zetazero (mpmath python)
1075,1506.1529861381131793145324817448705673514135584254,50,mpmath.zetazero (mpmath python)
1076,1507.4075051638303222802375254564659289108219034303,50,mpmath.zetazero (mpmath python)
1077,1508.2530310295422753053001818528554942277636211234,50,mpmath.zetazero (mpmath python)
1078,1509.2804193632232432901592934240958091055612648605,50,mpmath.zetazero (mpmath python)
1079,1510.3917974464735380383114623716662601215542898253,50,mpmath.zetazero (mpmath python)
1080,1511.9230054590021111884600073304275924909455843317,50,mpmath.zetazero (mpmath python)
1081,1512.5897647054581278027984358014261464778710789877,50,mpmath.zetazero (mpmath python)
1082,1513.5897655399186775867560795115590156427029029842,50,mpmath.zetazero (mpmath python)
1083,1515.7083435868739298973392725036255052814503611290,50,mpmath.zetazero (mpmath python)
1084,1516.4359897187584550054810802025587395837450398324,50,mpmath.zetazero (mpmath python)
1085,1517.7198062541301867851364758255742597663073991054,50,mpmath.zetazero (mpmath python)
1086,1518.4147914872536910704933514278171778363357811410,50,mpmath.zetazero (mpmath python)
1087,1519.7410094939068208628302317922187939510825751423,50,mpmath.zetazero (mpmath python)
1088,1520.2736222203561542700413079516573368020231194607,50,mpmath.zetazero (mpmath python)
1089,1521.9019090654609113954278392993871277690449916096,50,mpmath.zetazero (mpmath python)
1090,1523.4860471492588801365945504957019731986663793277,50,mpmath.zetazero (mpmath python)
1091,1524.7248921606221869898416009107880177497284682181,50,mpmath.zetazero (mpmath python)
1092,1525.2278372337918000714507193014001667781052792540,50,mpmath.zetazero (mpmath python)
1093,1526.5523119103874568333430716768750178442281661874,50,mpmath.zetazero (mpmath python)
1094,1528.0409304292975721597205353347548410722241564299,50,mpmath.zetazero (mpmath python)
1095,1529.0344567287013106279871385178545551241500071043,50,mpmath.zetazero (mpmath python)
1096,1529.3699753651945241655970299239432319892554980274,50,mpmath.zetazero (mpmath python)
1097,1531.0207429702223225758667512932720565334807495420,50,mpmath.zetazero (mpmath python)
1098,1532.2223269393920695287728734112516366273415180662,50,mpmath.zetazero (mpmath python)
1099,1533.8869779132015920966829798853491315620218322903,50,mpmath.zetazero (mpmath python)
1100,1535.0422774712066645852911677878462409214901185502,50,mpmath.zetazero (mpmath python)
1101,1535.7695023952482043277186052549507413217146945239,50,mpmath.zetazero (mpmath python)
1102,1536.6207018240298718982804690567547065712131248011,50,mpmath.zetazero (mpmath python)
1103,1537.6510621679449224647543105565390476084658133664,50,mpmath.zetazero (mpmath python)
1104,1539.3028548555832294278460058118690628408888852190,50,mpmath.zetazero (mpmath python)
1105,1540.0302701395063689737232692961809087590425264962,50,mpmath.zetazero (mpmath python)
1106,1541.7422487627890034935865946229491928365912997471,50,mpmath.zetazero (mpmath python)
1107,1542.4965229227662796047688084405398136691398942238,50,mpmath.zetazero (mpmath python)
1108,1544.1186700545202898953676199985151827995731026064,50,mpmath.zetazero (mpmath python)
1109,1544.8346082275194801102029362351777875474794370400,50,mpmath.zetazero (mpmath python)
1110,1546.0911977863132978861448018812404291502780451196,50,mpmath.zetazero (mpmath python)
1111,1547.2975811214069013680004152633698749561008657373,50,mpmath.zetazero (mpmath python)
1112,1547.8065638018575678123322593373555832013208716904,50,mpmath.zetazero (mpmath python)
1113,1548.8713481787253728839279516717594985886261614391,50,mpmath.zetazero (mpmath python)
1114,1551.2738453264045265679570972914421941893737836057,50,mpmath.zetazero (mpmath python)
1115,1552.0068728376700693968253005575256873899274384732,50,mpmath.zetazero (mpmath python)
1116,1552.7361053298038551302550299238890326457082315031,50,mpmath.zetazero (mpmath python)
1117,1554.1565191096577777888060998046483790251005360605,50,mpmath.zetazero (mpmath python)
1118,1554.9212851649918697488020581931925922417434286942,50,mpmath.zetazero (mpmath python)
1119,1556.1629874975527523457446144541939812957646790523,50,mpmath.zetazero (mpmath python)
1120,1557.3945070176904909878321513278969496236227468078,50,mpmath.zetazero (mpmath python)
1121,1558.3391528523519627863858349866101096902328251283,50,mpmath.zetazero (mpmath python)
1122,1559.7811543907102352552592888871855631410836783804,50,mpmath.zetazero (mpmath python)
1123,1560.8764757778094521399411405138970064190606530908,50,mpmath.zetazero (mpmath python)
1124,1562.4101531801944396805360550518722620199923700146,50,mpmath.zetazero (mpmath python)
1125,1563.3854009584955372679183714399730563138678205988,50,mpmath.zetazero (mpmath python)
1126,1564.1779404604316748205899000632967990289334776677,50,mpmath.zetazero (mpmath python)
1127,1564.9157882622601359302259758773018277622274268456,50,mpmath.zetazero (mpmath python)
1128,1566.2664156015515167371957895211953733793973753279,50,mpmath.zetazero (mpmath python)
1129,1567.6234507172181054566697219592247226005570168039,50,mpmath.zetazero (mpmath python)
1130,1569.0224778043740745285609563817539114263452614790,50,mpmath.zetazero (mpmath python)
1131,1570.5092778669208377501537020184721013061567294379,50,mpmath.zetazero (mpmath python)
1132,1571.0453814855381850569359024149356969453361994315,50,mpmath.zetazero (mpmath python)
1133,1571.8453520880453383653851876817922105360377234116,50,mpmath.zetazero (mpmath python)
1134,1573.8065633302714038347129371087555399254760169313,50,mpmath.zetazero (mpmath python)
1135,1574.2309154298637777553736947807767877709636091926,50,mpmath.zetazero (mpmath python)
1136,1575.6381549520165517044013191660247854913904146807,50,mpmath.zetazero (mpmath python)
1137,1576.1613523634243775613274893113229588105073796370,50,mpmath.zetazero (mpmath python)
1138,1578.1188269457827860746407614418295116552898266305,50,mpmath.zetazero (mpmath python)
1139,1579.5140550677406772480024410969590982301279208881,50,mpmath.zetazero (mpmath python)
1140,1580.3720816254715493750705640413363254291387834572,50,mpmath.zetazero (mpmath python)
1141,1581.3635517730018203930006717247279227245416025547,50,mpmath.zetazero (mpmath python)
1142,1582.3294869441471762565692507187104906211993923140,50,mpmath.zetazero (mpmath python)
1143,1583.3946934354217484331843377127598411125461354626,50,mpmath.zetazero (mpmath python)
1144,1584.2348480663762105178717190128453360075354624872,50,mpmath.zetazero (mpmath python)
1145,1586.2932107503377760655993059499921990703632877961,50,mpmath.zetazero (mpmath python)
1146,1587.0043421070411498290948118452440529134116784232,50,mpmath.zetazero (mpmath python)
1147,1588.1634040289047901480311215143729666044528172585,50,mpmath.zetazero (mpmath python)
1148,1589.3579459495577277760309317414497001409472529246,50,mpmath.zetazero (mpmath python)
1149,1590.8359043213941047713064260832675650175926726971,50,mpmath.zetazero (mpmath python)
1150,1591.2938843735723562314062651764938530665741287819,50,mpmath.zetazero (mpmath python)
1151,1592.6371670392349184734363507304723646451727129767,50,mpmath.zetazero (mpmath python)
1152,1593.5848081888619263354708838136017953449804731668,50,mpmath.zetazero (mpmath python)
1153,1594.4426896556905239619126158288138540709766299507,50,mpmath.zetazero (mpmath python)
1154,1596.4844924096546752466989210793523793067295450660,50,mpmath.zetazero (mpmath python)
1155,1597.7158959444231286463368815034582689108106736112,50,mpmath.zetazero (mpmath python)
1156,1598.4207985496704497457622230835355183367174449310,50,mpmath.zetazero (mpmath python)
1157,1599.6193489504628069109813090586630996695508034292,50,mpmath.zetazero (mpmath python)
1158,1600.0480449034073111176407629861934749801913923970,50,mpmath.zetazero (mpmath python)
1159,1601.9119462285821953190485098516509553013971583351,50,mpmath.zetazero (mpmath python)
1160,1602.8154047937266025175359819514400343233606270935,50,mpmath.zetazero (mpmath python)
1161,1603.6552029961240796684042861366315466344562904899,50,mpmath.zetazero (mpmath python)
1162,1605.5216466466233487043330109109568125436745115173,50,mpmath.zetazero (mpmath python)
1163,1606.2934181265742234985116355746202697592215821023,50,mpmath.zetazero (mpmath python)
1164,1607.5569052119828795406008956108581459806739382557,50,mpmath.zetazero (mpmath python)
1165,1608.8362953050100155482169016982015645422303125985,50,mpmath.zetazero (mpmath python)
1166,1610.0032641900379443104707872025446353739302421377,50,mpmath.zetazero (mpmath python)
1167,1610.2538231625744888075677254581488630141769605445,50,mpmath.zetazero (mpmath python)
1168,1611.4371412695547804192018582160232677627339419109,50,mpmath.zetazero (mpmath python)
1169,1613.0788554510274235135226944675840432913205272787,50,mpmath.zetazero (mpmath python)
1170,1614.7106278521614917396374255367613458846097275304,50,mpmath.zetazero (mpmath python)
1171,1615.5746087189720087599013719002547575426617642890,50,mpmath.zetazero (mpmath python)
1172,1616.3983948415836441768291262614663308408360104451,50,mpmath.zetazero (mpmath python)
1173,1617.7346848409852085609991302228770983755785965790,50,mpmath.zetazero (mpmath python)
1174,1618.5375178319775475283214606293256965460909761894,50,mpmath.zetazero (mpmath python)
1175,1619.9525012611288490533608750989516626057064197964,50,mpmath.zetazero (mpmath python)
1176,1620.7743108213885624188847012797647293035363958568,50,mpmath.zetazero (mpmath python)
1177,1622.0987516980229607345519081848507793096368955651,50,mpmath.zetazero (mpmath python)
1178,1622.9777676994755800472344664122390448806463545395,50,mpmath.zetazero (mpmath python)
1179,1625.0218566579627898498546634302985378672152259604,50,mpmath.zetazero (mpmath python)
1180,1625.9870201636211722415497500096922558541462589697,50,mpmath.zetazero (mpmath python)
1181,1626.3999193116355519204943597645678672839820638685,50,mpmath.zetazero (mpmath python)
1182,1627.7554412763157449551555848739356393586957873129,50,mpmath.zetazero (mpmath python)
1183,1628.7153168567632301919848597863601064266916206450,50,mpmath.zetazero (mpmath python)
1184,1629.6586689549477614627490364214308369484141145665,50,mpmath.zetazero (mpmath python)
1185,1631.1948145515157529828581714283464297276900883459,50,mpmath.zetazero (mpmath python)
1186,1632.7981835707088169655530437952529449320975850072,50,mpmath.zetazero (mpmath python)
1187,1633.5125168897372631580845335015949135977712178453,50,mpmath.zetazero (mpmath python)
1188,1634.5168226620670807064242218142369756830996063169,50,mpmath.zetazero (mpmath python)
1189,1635.7183663262137995255785257691609350604775334295,50,mpmath.zetazero (mpmath python)
1190,1637.0891901733709458763889024833717737967775219259,50,mpmath.zetazero (mpmath python)
1191,1637.9946435860127523320158036126848260905160413898,50,mpmath.zetazero (mpmath python)
1192,1638.5996583042138826963969428696763136637404366511,50,mpmath.zetazero (mpmath python)
1193,1639.8212357298301955213755234333385540635305198941,50,mpmath.zetazero (mpmath python)
1194,1641.8998190085045770394300713441565806451137976775,50,mpmath.zetazero (mpmath python)
1195,1642.4897798223780730573453068239851466625701689474,50,mpmath.zetazero (mpmath python)
1196,1644.1520659597376791967270432029871353311615440223,50,mpmath.zetazero (mpmath python)
1197,1644.7137457746678828761643707921029218770136476645,50,mpmath.zetazero (mpmath python)
1198,1645.5737603627660785824866250101218486326995220339,50,mpmath.zetazero (mpmath python)
1199,1646.6248665931788907658206537864101870848403066721,50,mpmath.zetazero (mpmath python)
1200,1648.2705982225316978075826566440833257480713163286,50,mpmath.zetazero (mpmath python)
1201,1649.1185354092401232922863170234849769999550658608,50,mpmath.zetazero (mpmath python)
1202,1650.4169889830483811499840888287244305221044047932,50,mpmath.zetazero (mpmath python)
1203,1651.7326933413959810369980679741905611684329614134,50,mpmath.zetazero (mpmath python)
1204,1652.6710658996012070823189637721927138268338417784,50,mpmath.zetazero (mpmath python)
1205,1654.2058967593711669430823199627687632176850955033,50,mpmath.zetazero (mpmath python)
1206,1654.7266523933217863817521859675452878922578922688,50,mpmath.zetazero (mpmath python)
1207,1655.8227756767717673182068845261866625929800905888,50,mpmath.zetazero (mpmath python)
1208,1657.1142363997630823537068504287582090563379191249,50,mpmath.zetazero (mpmath python)
1209,1657.5671011793214411128960411351206116979802894687,50,mpmath.zetazero (mpmath python)
1210,1660.0199803379989454244689812029858781648678809571,50,mpmath.zetazero (mpmath python)
1211,1660.8600568333008103014959242794534753985169618139,50,mpmath.zetazero (mpmath python)
1212,1661.8368928840966883047233614966940174126045044313,50,mpmath.zetazero (mpmath python)
1213,1662.3772025492800834672480887394638529869484642891,50,mpmath.zetazero (mpmath python)
1214,1664.0572654181100306172610838912713706758444718545,50,mpmath.zetazero (mpmath python)
1215,1664.9680044863650838069745584169193526574276816547,50,mpmath.zetazero (mpmath python)
1216,1665.8776404144862123309613523861538541992900543811,50,mpmath.zetazero (mpmath python)
1217,1667.2411250517112771393868782869493066932810230543,50,mpmath.zetazero (mpmath python)
1218,1668.3682293274018626521898559181453652261527855572,50,mpmath.zetazero (mpmath python)
1219,1669.6697284523992091500178006445353143319282722575,50,mpmath.zetazero (mpmath python)
1220,1671.0471824333031819792639570379801125597977019894,50,mpmath.zetazero (mpmath python)
1221,1671.9842593337262739424366656145402240071492723045,50,mpmath.zetazero (mpmath python)
1222,1672.9633708307810565977582640167263033602236018371,50,mpmath.zetazero (mpmath python)
1223,1673.6874453339052505110740395404844763397967258128,50,mpmath.zetazero (mpmath python)
1224,1674.6484620970097547961374240312886574206412565569,50,mpmath.zetazero (mpmath python)
1225,1676.3624863239504752167557486596150654760620271123,50,mpmath.zetazero (mpmath python)
1226,1677.6912271415265036186236313139342528788440825707,50,mpmath.zetazero (mpmath python)
1227,1678.6303680910636503934934307850764863699365068467,50,mpmath.zetazero (mpmath python)
1228,1680.0779467168094944398349944731178076167607674559,50,mpmath.zetazero (mpmath python)
1229,1680.5047701128470520805673562396413786629831128023,50,mpmath.zetazero (mpmath python)
1230,1681.8123201742660133606271665236810588889681894011,50,mpmath.zetazero (mpmath python)
1231,1683.2732892606667704704682984471818344107492425013,50,mpmath.zetazero (mpmath python)
1232,1684.1716568370642915790285519702276238723717203058,50,mpmath.zetazero (mpmath python)
1233,1684.5588632525372418613815811379561119000190129168,50,mpmath.zetazero (mpmath python)
1234,1686.4211219478381975932769378263810630192852126729,50,mpmath.zetazero (mpmath python)
1235,1688.0801426931765884367403532303690978217852356967,50,mpmath.zetazero (mpmath python)
1236,1688.9338685097846240565621119854612409617691196420,50,mpmath.zetazero (mpmath python)
1237,1689.7031542561797888658193939820312139332272593852,50,mpmath.zetazero (mpmath python)
1238,1691.0515599168930759445934095118458011396839119699,50,mpmath.zetazero (mpmath python)
1239,1691.5151928920351522991871606030201271547239337050,50,mpmath.zetazero (mpmath python)
1240,1693.0530209301971468671528993815689966380412381622,50,mpmath.zetazero (mpmath python)
1241,1694.0175646526078568668314635040083688859214544801,50,mpmath.zetazero (mpmath python)
1242,1695.8325544741872655130880782647759195741881696955,50,mpmath.zetazero (mpmath python)
1243,1696.6549974397856563489721999740913125902615036863,50,mpmath.zetazero (mpmath python)
1244,1697.3425142865640093492946044325153881893309128447,50,mpmath.zetazero (mpmath python)
1245,1699.2295471876430187928723520348069899268669343465,50,mpmath.zetazero (mpmath python)
1246,1699.9668172668638585643883830736372978013118850401,50,mpmath.zetazero (mpmath python)
1247,1700.8203032450062387334392887123320114077184548978,50,mpmath.zetazero (mpmath python)
1248,1701.8255509970474172335539192320821147524624159259,50,mpmath.zetazero (mpmath python)
1249,1702.9232497644905193993241153479020878165873813170,50,mpmath.zetazero (mpmath python)
1250,1704.2914124266797602813437512405634119708033769907,50,mpmath.zetazero (mpmath python)
1251,1706.2560324315603770554875203856797085178153979678,50,mpmath.zetazero (mpmath python)
1252,1706.6156650350260124701051948167738656310402201310,50,mpmath.zetazero (mpmath python)
1253,1707.9123124933245149392945881519135256861648195224,50,mpmath.zetazero (mpmath python)
1254,1708.5121161784030882508268280165651102416754509623,50,mpmath.zetazero (mpmath python)
1255,1709.7808422985804849234075727062535979848145329424,50,mpmath.zetazero (mpmath python)
1256,1711.1376032585928412728607393011353090337410892775,50,mpmath.zetazero (mpmath python)
1257,1712.1553976543223688431905104841858409017531381714,50,mpmath.zetazero (mpmath python)
1258,1713.0553417275131096287068290332565542976958067406,50,mpmath.zetazero (mpmath python)
1259,1714.7171452554945303809070734271986937180905112204,50,mpmath.zetazero (mpmath python)
1260,1715.8252830398205678356192013624114014690638298319,50,mpmath.zetazero (mpmath python)
1261,1716.7699837173949027443615816670534873185589805086,50,mpmath.zetazero (mpmath python)
1262,1717.9744850661585281531162567397418707418663324533,50,mpmath.zetazero (mpmath python)
1263,1718.9541524985837519961214831277864382335993837755,50,mpmath.zetazero (mpmath python)
1264,1719.7244693218310351104768987071814802373737701494,50,mpmath.zetazero (mpmath python)
1265,1720.4980709475865318104584690805412385138296585752,50,mpmath.zetazero (mpmath python)
1266,1722.8446617399156488259868349881545807153123593810,50,mpmath.zetazero (mpmath python)
1267,1723.5328226312598736010009233614244373655870183931,50,mpmath.zetazero (mpmath python)
1268,1724.7339587376582249117684472880374489545935272607,50,mpmath.zetazero (mpmath python)
1269,1725.6386280199738306533531799678626943566851143911,50,mpmath.zetazero (mpmath python)
1270,1726.6057007398854044625974202374375667838356243613,50,mpmath.zetazero (mpmath python)
1271,1728.1665067609654250405788103143503283360509463994,50,mpmath.zetazero (mpmath python)
1272,1728.6444864803719883969493919328776498126632792614,50,mpmath.zetazero (mpmath python)
1273,1730.0238725447791444225678633570028616743721933809,50,mpmath.zetazero (mpmath python)
1274,1731.0141937618571817830751642135459851456106426480,50,mpmath.zetazero (mpmath python)
1275,1732.4301698592568365420286634406152388120925070872,50,mpmath.zetazero (mpmath python)
1276,1733.8408250214300134044031004028764223105362888213,50,mpmath.zetazero (mpmath python)
1277,1735.1754660211010983398780904453371434761280497995,50,mpmath.zetazero (mpmath python)
1278,1735.6247153428706323275636943657072700114045770550,50,mpmath.zetazero (mpmath python)
1279,1736.3056627332379888873848583801622402347928743102,50,mpmath.zetazero (mpmath python)
1280,1737.8938847869285482841836106809489192261965224197,50,mpmath.zetazero (mpmath python)
1281,1738.7832375888160542614972015962892880743275841721,50,mpmath.zetazero (mpmath python)
1282,1740.1691156801405485872939981618781169794819792885,50,mpmath.zetazero (mpmath python)
1283,1741.7791678087272572893656466607702787026881685085,50,mpmath.zetazero (mpmath python)
1284,1742.4676807207820101989855928148002832249913911595,50,mpmath.zetazero (mpmath python)
1285,1743.4264368587216265215078410967125006736362042165,50,mpmath.zetazero (mpmath python)
1286,1744.7215119376997897767160043898620084612033983349,50,mpmath.zetazero (mpmath python)
1287,1746.0974985956326949810888979655654483302413433570,50,mpmath.zetazero (mpmath python)
1288,1746.5954566271282055716976637749963415573588593820,50,mpmath.zetazero (mpmath python)
1289,1747.7816955277524177479514266046836581831380405862,50,mpmath.zetazero (mpmath python)
1290,1748.5639873810802168275654725221004975675037137989,50,mpmath.zetazero (mpmath python)
1291,1750.8228184898391004969697144042089434639756222757,50,mpmath.zetazero (mpmath python)
1292,1751.6177949462511148368183101728038551853363449007,50,mpmath.zetazero (mpmath python)
1293,1752.5115111406659359933656673510745599328877705240,50,mpmath.zetazero (mpmath python)
1294,1753.6613552431395381519200866524525651258546967224,50,mpmath.zetazero (mpmath python)
1295,1754.7633698742528780744522103848400892523507853772,50,mpmath.zetazero (mpmath python)
1296,1755.1696940681426851827236267007890082806130734982,50,mpmath.zetazero (mpmath python)
1297,1757.0465184607231084327607705576482762462280446448,50,mpmath.zetazero (mpmath python)
1298,1757.9840770328181799914526820623286891362453496946,50,mpmath.zetazero (mpmath python)
1299,1759.2400856466818949571628574647211046918805206322,50,mpmath.zetazero (mpmath python)
1300,1760.2151662427623241851078294254246233510931521467,50,mpmath.zetazero (mpmath python)
1301,1761.8548999387280703800922383538829312434847710711,50,mpmath.zetazero (mpmath python)
1302,1762.4976888706606216305542278314909416403317570743,50,mpmath.zetazero (mpmath python)
1303,1763.7191214962870472636665294047659408485774123487,50,mpmath.zetazero (mpmath python)
1304,1764.5914768490919583547457580583749779267248599668,50,mpmath.zetazero (mpmath python)
1305,1765.4004939917838357278089016481605961682894986075,50,mpmath.zetazero (mpmath python)
1306,1766.6762435994778735452010710409341722436339215674,50,mpmath.zetazero (mpmath python)
1307,1768.2959711363413811986221753672419258250766267293,50,mpmath.zetazero (mpmath python)
1308,1769.9409520516358383343892322428375471164205647427,50,mpmath.zetazero (mpmath python)
1309,1770.2436773121973481926171393984239264905240312138,50,mpmath.zetazero (mpmath python)
1310,1771.2129449835465267259353012850963129583718889158,50,mpmath.zetazero (mpmath python)
1311,1772.3280003635913593076561696562490141055727829144,50,mpmath.zetazero (mpmath python)
1312,1773.8949155107034618118795184415650038794816668011,50,mpmath.zetazero (mpmath python)
1313,1774.6604309900235901076769499918939520537257072928,50,mpmath.zetazero (mpmath python)
1314,1775.3419875737472910269056723742293268299190476346,50,mpmath.zetazero (mpmath python)
1315,1777.2558602240579870629854961545960786496369669370,50,mpmath.zetazero (mpmath python)
1316,1778.0417347622492981165578739026729322312110628606,50,mpmath.zetazero (mpmath python)
1317,1779.5522708091789616068093144797005637857967704621,50,mpmath.zetazero (mpmath python)
1318,1780.6652284929986572327980244331087143653057439028,50,mpmath.zetazero (mpmath python)
1319,1781.3556377228195629719665052423799343887544082144,50,mpmath.zetazero (mpmath python)
1320,1782.4390673200201814517520138630251133803826691058,50,mpmath.zetazero (mpmath python)
1321,1783.0848295199464847114797161994530820215235161049,50,mpmath.zetazero (mpmath python)
1322,1784.6079463966126648688504576772639095685755459537,50,mpmath.zetazero (mpmath python)
1323,1786.3422011793425288213258292238386758608504804388,50,mpmath.zetazero (mpmath python)
1324,1787.0492730868162663902566033609920305753990118604,50,mpmath.zetazero (mpmath python)
1325,1788.2151234796328232476430943520806981177301997081,50,mpmath.zetazero (mpmath python)
1326,1789.2421799636847201408635105579297730524338645848,50,mpmath.zetazero (mpmath python)
1327,1790.4495623697835404655194933118609724100794195993,50,mpmath.zetazero (mpmath python)
1328,1791.2544098187954501491477789654269722707726544020,50,mpmath.zetazero (mpmath python)
1329,1792.6161027351981827359462778835414616305088285528,50,mpmath.zetazero (mpmath python)
1330,1793.5253906524095148220632320174740020206147070476,50,mpmath.zetazero (mpmath python)
1331,1794.1784820072555911987507421158169552313914668660,50,mpmath.zetazero (mpmath python)
1332,1796.4651405374308137511142553708486892467341902495,50,mpmath.zetazero (mpmath python)
1333,1797.3763356711367698556910752020322760755939174491,50,mpmath.zetazero (mpmath python)
1334,1798.1470674580757469268227635321389579408274910836,50,mpmath.zetazero (mpmath python)
1335,1799.2316472097374004000646141838879620594671524462,50,mpmath.zetazero (mpmath python)
1336,1800.0247240197391545681182271495930292990192458517,50,mpmath.zetazero (mpmath python)
1337,1801.3096369452879921310766461352755171955020399336,50,mpmath.zetazero (mpmath python)
1338,1802.3012834914505698588359638705889709407298133846,50,mpmath.zetazero (mpmath python)
1339,1803.7968438133659577252429227680402659802880379548,50,mpmath.zetazero (mpmath python)
1340,1804.9041609748120154479102509781915716370720900284,50,mpmath.zetazero (mpmath python)
1341,1806.2896670194977816350109745746445529996291182514,50,mpmath.zetazero (mpmath python)
1342,1806.5783917509639255810488900601390004233148154824,50,mpmath.zetazero (mpmath python)
1343,1808.7144318654748903565078832564839331623559903462,50,mpmath.zetazero (mpmath python)
1344,1809.1192737882873330956467674204316933052966310288,50,mpmath.zetazero (mpmath python)
1345,1810.1088929879858045468150421710617565730864038711,50,mpmath.zetazero (mpmath python)
1346,1810.8737191588547156534826488781517900263003760721,50,mpmath.zetazero (mpmath python)
1347,1812.4200770021055190268465736840332413775907397889,50,mpmath.zetazero (mpmath python)
1348,1814.0241403476155134236171955964248734313846524788,50,mpmath.zetazero (mpmath python)
1349,1814.9730823634958490259055596306211667899348243581,50,mpmath.zetazero (mpmath python)
1350,1816.3386112196746372878776672636584295574348340602,50,mpmath.zetazero (mpmath python)
1351,1816.7580233653508531844348648474233432152644303357,50,mpmath.zetazero (mpmath python)
1352,1817.7106085633424726477636085448376657166370370187,50,mpmath.zetazero (mpmath python)
1353,1819.2603340994882505640222250880248410406115193779,50,mpmath.zetazero (mpmath python)
1354,1820.1878821868112191836008365395238847186611066961,50,mpmath.zetazero (mpmath python)
1355,1821.3057083652039090603156735634191800055860320547,50,mpmath.zetazero (mpmath python)
1356,1822.4276714403025869288078533932572860024696373264,50,mpmath.zetazero (mpmath python)
1357,1823.7662658957732879562961961057269755742692348386,50,mpmath.zetazero (mpmath python)
1358,1825.2136768930133833537330718325475955036170884955,50,mpmath.zetazero (mpmath python)
1359,1825.9156836149284093654766443200936109409279380469,50,mpmath.zetazero (mpmath python)
1360,1826.7954552714926555575586737529895294877203843474,50,mpmath.zetazero (mpmath python)
1361,1828.2112704999731419339340549015678613768129204419,50,mpmath.zetazero (mpmath python)
1362,1828.6210917580311407275730155969564223912402001464,50,mpmath.zetazero (mpmath python)
1363,1829.8325297099397020458090133175885382065150308479,50,mpmath.zetazero (mpmath python)
1364,1831.9363799018152108142577182098813524358893962975,50,mpmath.zetazero (mpmath python)
1365,1832.9849402437315542476538100542890543188496380857,50,mpmath.zetazero (mpmath python)
1366,1833.2732390327303215208610530823188783500264644805,50,mpmath.zetazero (mpmath python)
1367,1834.7215597486084990261272625958907919361524438641,50,mpmath.zetazero (mpmath python)
1368,1835.8837544376925485670616281060797083820205293994,50,mpmath.zetazero (mpmath python)
1369,1836.8276725159574896408153837181418637985494714276,50,mpmath.zetazero (mpmath python)
1370,1838.0869433056445534360128075440186060924575178376,50,mpmath.zetazero (mpmath python)
1371,1838.6402887076507410707996447654159441514844352006,50,mpmath.zetazero (mpmath python)
1372,1840.1955634733573631067274971358501077905185581829,50,mpmath.zetazero (mpmath python)
1373,1841.4785825706433942570822266252577275500775392308,50,mpmath.zetazero (mpmath python)
1374,1842.8759552786672214457267154415565931343076948327,50,mpmath.zetazero (mpmath python)
1375,1843.7710577430691204565610566880805468314849372067,50,mpmath.zetazero (mpmath python)
1376,1844.7590436500958889270688127486061290707930659922,50,mpmath.zetazero (mpmath python)
1377,1845.4175341464245291848359458682278703930453223745,50,mpmath.zetazero (mpmath python)
1378,1846.3532534205164166021894040188296234117292241434,50,mpmath.zetazero (mpmath python)
1379,1848.3309806223837314334153724515884736536721018552,50,mpmath.zetazero (mpmath python)
1380,1848.7227609108908664043908342317758223891704902123,50,mpmath.zetazero (mpmath python)
1381,1850.6011840476514636598794418793805761182765184655,50,mpmath.zetazero (mpmath python)
1382,1851.4003619945897792039143708468947993344061550449,50,mpmath.zetazero (mpmath python)
1383,1852.3422047333862772363025113081185722405848177603,50,mpmath.zetazero (mpmath python)
1384,1853.5193429209895037779378611222813713325978451220,50,mpmath.zetazero (mpmath python)
1385,1854.8556321159867277700193449967042231281755960402,50,mpmath.zetazero (mpmath python)
1386,1855.5929349370554673178707172652569788347988981593,50,mpmath.zetazero (mpmath python)
1387,1856.3891791535238544675837310903959184906292059430,50,mpmath.zetazero (mpmath python)
1388,1857.4980748148801860301317457142899147990136230577,50,mpmath.zetazero (mpmath python)
1389,1859.4952715687944599783850440328116306721031465808,50,mpmath.zetazero (mpmath python)
1390,1860.5413881093368134813467669566890398546623310341,50,mpmath.zetazero (mpmath python)
1391,1861.3796715472328534625283499293984877262211686591,50,mpmath.zetazero (mpmath python)
1392,1862.1214649289442148815469013264688783031704066691,50,mpmath.zetazero (mpmath python)
1393,1863.4254648450964860065631253874654581910155883181,50,mpmath.zetazero (mpmath python)
1394,1864.3539813357462513755312806435643042828680965849,50,mpmath.zetazero (mpmath python)
1395,1865.3674337940578901056782906057686440324296198265,50,mpmath.zetazero (mpmath python)
1396,1866.8365470186081913399294573399163032724809197448,50,mpmath.zetazero (mpmath python)
1397,1868.0851909986092243660093784738126044792422742076,50,mpmath.zetazero (mpmath python)
1398,1868.7067456844081175196708494363455330831406875833,50,mpmath.zetazero (mpmath python)
1399,1870.4214717683107901517089911535110394868027521865,50,mpmath.zetazero (mpmath python)
1400,1871.4160430984071453260197763895355591482697832675,50,mpmath.zetazero (mpmath python)
1401,1872.4415664281927175885088266157564431701975397887,50,mpmath.zetazero (mpmath python)
1402,1872.8656676379676800098919166462732063408255014130,50,mpmath.zetazero (mpmath python)
1403,1874.5083614126601353384185931316266486675209540280,50,mpmath.zetazero (mpmath python)
1404,1874.9137740100395414685880084796035130993992444993,50,mpmath.zetazero (mpmath python)
1405,1877.0950641673397746124396164748072775361127148369,50,mpmath.zetazero (mpmath python)
1406,1878.0222514827534710989018146768728185574803094652,50,mpmath.zetazero (mpmath python)
1407,1879.1533030904613285717368146782459872874681371368,50,mpmath.zetazero (mpmath python)
1408,1880.0823254189943797633011871786622412474099567682,50,mpmath.zetazero (mpmath python)
1409,1880.6117664796568674141681459562476098523949723797,50,mpmath.zetazero (mpmath python)
1410,1882.3219747973846840578118909536116451941235695737,50,mpmath.zetazero (mpmath python)
1411,1883.4087242695183660307181658289797665969277658736,50,mpmath.zetazero (mpmath python)
1412,1884.0057783496671423567884383745326210170643636792,50,mpmath.zetazero (mpmath python)
1413,1885.1980751302581228760071112436369182007181206093,50,mpmath.zetazero (mpmath python)
1414,1887.0538948068901242324684816469618485947761139563,50,mpmath.zetazero (mpmath python)
1415,1887.8088414168321295271624748458020834694350238816,50,mpmath.zetazero (mpmath python)
1416,1888.9381826365794549995498508371616919374794461037,50,mpmath.zetazero (mpmath python)
1417,1890.3481286142445455973964009413784139507661297358,50,mpmath.zetazero (mpmath python)
1418,1890.6121285879332609308136291446811371735215489657,50,mpmath.zetazero (mpmath python)
1419,1891.6785105397287878512511006720116497976986404549,50,mpmath.zetazero (mpmath python)
1420,1892.8677013357911153411001706365131281018070457368,50,mpmath.zetazero (mpmath python)
1421,1894.5585375724296871873108404866222709851836225366,50,mpmath.zetazero (mpmath python)
1422,1895.6971556535845632965894955989424112958259229552,50,mpmath.zetazero (mpmath python)
1423,1896.5854943471689011752890231657894533224627063781,50,mpmath.zetazero (mpmath python)
1424,1897.5136928597119740939513821049717810385816642930,50,mpmath.zetazero (mpmath python)
1425,1898.8293728186794821098160636044374519847464100692,50,mpmath.zetazero (mpmath python)
1426,1900.0061448291439966105516448052826325793309134294,50,mpmath.zetazero (mpmath python)
1427,1900.5718842724148338316194135101769919283116507185,50,mpmath.zetazero (mpmath python)
1428,1901.8913057506000650805680563672215609310770948855,50,mpmath.zetazero (mpmath python)
1429,1902.8050592066800629833539132404177368084903073518,50,mpmath.zetazero (mpmath python)
1430,1904.0893253233517420889791853798148329032965965501,50,mpmath.zetazero (mpmath python)
1431,1906.1027561981819565020466298481515464784842134038,50,mpmath.zetazero (mpmath python)
1432,1906.5976780037662153936039234249345206103369629306,50,mpmath.zetazero (mpmath python)
1433,1907.3327801239099263460371418322132058338728868575,50,mpmath.zetazero (mpmath python)
1434,1908.4330630450517522297534675596285168294584694943,50,mpmath.zetazero (mpmath python)
1435,1909.4659300259823802539559964114469783260078430539,50,mpmath.zetazero (mpmath python)
1436,1910.7336596158915964777950089074900156135148152759,50,mpmath.zetazero (mpmath python)
1437,1911.7046909431721586283215543669631688724432554270,50,mpmath.zetazero (mpmath python)
1438,1913.1824897758830768136398797876446532659332604471,50,mpmath.zetazero (mpmath python)
1439,1914.3523000516740526772694579485153775020426957820,50,mpmath.zetazero (mpmath python)
1440,1915.0546293333472185709158418163353262954726342383,50,mpmath.zetazero (mpmath python)
1441,1916.6063718395193537904150378950586932214403472079,50,mpmath.zetazero (mpmath python)
1442,1917.3447040415663455229153536527374646093089737031,50,mpmath.zetazero (mpmath python)
1443,1918.7864989098567889867213426407332033714642554178,50,mpmath.zetazero (mpmath python)
1444,1919.2077783978052382639695285732612489298851179020,50,mpmath.zetazero (mpmath python)
1445,1919.9374573712172038965936157171574220787716489570,50,mpmath.zetazero (mpmath python)
1446,1922.1016256219937034421890103628621480926400792138,50,mpmath.zetazero (mpmath python)
1447,1923.2808379364174420575296858126493523870635242859,50,mpmath.zetazero (mpmath python)
1448,1924.0558311014408495195100242536886256398635132396,50,mpmath.zetazero (mpmath python)
1449,1925.2319879754065294119833632709058252083817228277,50,mpmath.zetazero (mpmath python)
1450,1926.2115830798940784583632846993494109360392144501,50,mpmath.zetazero (mpmath python)
1451,1926.8200927948715767446166475879014720990493820805,50,mpmath.zetazero (mpmath python)
1452,1928.4175185495194478588342241752213042925515132540,50,mpmath.zetazero (mpmath python)
1453,1929.4875601805764899872591392104411618881416848889,50,mpmath.zetazero (mpmath python)
1454,1930.2583871803873257970265318355399901377415894855,50,mpmath.zetazero (mpmath python)
1455,1931.7600694365246140113779294799704084119410168975,50,mpmath.zetazero (mpmath python)
1456,1932.8757545499469177788367509017350342822835087467,50,mpmath.zetazero (mpmath python)
1457,1934.4164363691519034164129194059612291986618082072,50,mpmath.zetazero (mpmath python)
1458,1934.9079434343656975100175708125250733620198330074,50,mpmath.zetazero (mpmath python)
1459,1935.9248488037456948445268958314194209213921010135,50,mpmath.zetazero (mpmath python)
1460,1936.8730938142789023867111022075895527816006077382,50,mpmath.zetazero (mpmath python)
1461,1937.9686334980199577196477160402963237125328357588,50,mpmath.zetazero (mpmath python)
1462,1939.0500291505441257168144736416597606122047485677,50,mpmath.zetazero (mpmath python)
1463,1940.9773267058599359930023161090260869153279829798,50,mpmath.zetazero (mpmath python)
1464,1941.8228622157802329508927946688038974908049904179,50,mpmath.zetazero (mpmath python)
1465,1942.6335686922461509145727199801728398054769705294,50,mpmath.zetazero (mpmath python)
1466,1943.3679474492527491070067327479036547089068834416,50,mpmath.zetazero (mpmath python)
1467,1945.1537963063679595842512851858795017262063065576,50,mpmath.zetazero (mpmath python)
1468,1945.9227169494833271863129541920805782892651828431,50,mpmath.zetazero (mpmath python)
1469,1946.6099453618774103112798808467729610987960179765,50,mpmath.zetazero (mpmath python)
1470,1947.9170477377036040799135656047674023810677649317,50,mpmath.zetazero (mpmath python)
1471,1949.0300300736065507369298215920237155580392034386,50,mpmath.zetazero (mpmath python)
1472,1950.7432015528631585984296926222617259085134124591,50,mpmath.zetazero (mpmath python)
1473,1951.5366958730549103983848825656121021586283320731,50,mpmath.zetazero (mpmath python)
1474,1952.8501292118657532761199484649781136578263885118,50,mpmath.zetazero (mpmath python)
1475,1953.4485563251357700528207255568755251050271068648,50,mpmath.zetazero (mpmath python)
1476,1954.4185881752141167901122114941031390129371204999,50,mpmath.zetazero (mpmath python)
1477,1955.3158092837183886860371370535579145357673222071,50,mpmath.zetazero (mpmath python)
1478,1956.8481645782155085546366022694544191868179736384,50,mpmath.zetazero (mpmath python)
1479,1958.3144035551203585649648942925477266250443561594,50,mpmath.zetazero (mpmath python)
1480,1958.8518834631948138464704266068535796405577614343,50,mpmath.zetazero (mpmath python)
1481,1960.4188452693817967648481252172789942471373785260,50,mpmath.zetazero (mpmath python)
1482,1961.3592778800143795083001890387653747554319087081,50,mpmath.zetazero (mpmath python)
1483,1962.2335718485797980725803953546087894437878160365,50,mpmath.zetazero (mpmath python)
1484,1963.6211845732020690794357940868976543587635712174,50,mpmath.zetazero (mpmath python)
1485,1964.3573909380955972097842438191034216375491455937,50,mpmath.zetazero (mpmath python)
1486,1965.3778295051038570303943179505181578986224787173,50,mpmath.zetazero (mpmath python)
1487,1966.1176585740745264741607673488082140926576536042,50,mpmath.zetazero (mpmath python)
1488,1968.4716020194204418528106225226619938081929025989,50,mpmath.zetazero (mpmath python)
1489,1969.0476175465278286150547551659185808965113211755,50,mpmath.zetazero (mpmath python)
1490,1970.3050095170337614072862291644466723630926920299,50,mpmath.zetazero (mpmath python)
1491,1970.8555475799459443089150056703426672373764951192,50,mpmath.zetazero (mpmath python)
1492,1971.9703128048113866402549190203282343233080880119,50,mpmath.zetazero (mpmath python)
1493,1973.1826634059386796917310418729083486469848004312,50,mpmath.zetazero (mpmath python)
1494,1974.3472019101200852587046404482245868286199715412,50,mpmath.zetazero (mpmath python)
1495,1975.0806103022669935560276595512935146497317282428,50,mpmath.zetazero (mpmath python)
1496,1977.1739436980398790183766841785926869742917285879,50,mpmath.zetazero (mpmath python)
1497,1977.2714461997465107416966315097500610522065826320,50,mpmath.zetazero (mpmath python)
1498,1978.8014481677315296315386508822646898771039621633,50,mpmath.zetazero (mpmath python)
1499,1980.3717722870513369271301192312425446609089637752,50,mpmath.zetazero (mpmath python)
1500,1980.9100430910242332550443807297599447510911801934,50,mpmath.zetazero (mpmath python)
1501,1981.7487688972634837403199550042467234766399480708,50,mpmath.zetazero (mpmath python)
1502,1982.6632791952765140241339310999968632286729383990,50,mpmath.zetazero (mpmath python)
1503,1983.9238046222606596710983181052469824437904611010,50,mpmath.zetazero (mpmath python)
1504,1985.4165401745267402218555705302159583329127855836,50,mpmath.zetazero (mpmath python)
1505,1986.7571077164151979706843572121682306398012416232,50,mpmath.zetazero (mpmath python)
1506,1987.8734733607243173788902675275278021440322379705,50,mpmath.zetazero (mpmath python)
1507,1988.2518768073557660207647504252986588184071622368,50,mpmath.zetazero (mpmath python)
1508,1989.7020027080216189264626232149601962295609157964,50,mpmath.zetazero (mpmath python)
1509,1990.4783525264269916467364891687186769936688637607,50,mpmath.zetazero (mpmath python)
1510,1992.0017063935279027154773566867586824503002676401,50,mpmath.zetazero (mpmath python)
1511,1992.7849878751575727817365520906444204980639584975,50,mpmath.zetazero (mpmath python)
1512,1993.5774931382599846394290902543584881418171269466,50,mpmath.zetazero (mpmath python)
1513,1995.1687396118885377481067310100993426293266348540,50,mpmath.zetazero (mpmath python)
1514,1996.7961769661882069053233621326671539592686700617,50,mpmath.zetazero (mpmath python)
1515,1997.3909140596114493119147528796058150574032243621,50,mpmath.zetazero (mpmath python)
1516,1998.2790069259848224221621113283504294486777368588,50,mpmath.zetazero (mpmath python)
1517,1999.5457641762675889038432972233069083671602721109,50,mpmath.zetazero (mpmath python)
1518,2000.4345153024322467768943364706327874810335466051,50,mpmath.zetazero (mpmath python)
1519,2000.9296206891845551440981259393487184512747778848,50,mpmath.zetazero (mpmath python)
1520,2002.8964083743617406881876830011822548068487865459,50,mpmath.zetazero (mpmath python)
1521,2004.1396692332701349586558194326667722152560874027,50,mpmath.zetazero (mpmath python)
1522,2005.0778481240987591306232733101673783552125037395,50,mpmath.zetazero (mpmath python)
1523,2005.9009348857857108992434671871192326309881621923,50,mpmath.zetazero (mpmath python)
1524,2007.1251801703011258953409037769325119553438360848,50,mpmath.zetazero (mpmath python)
1525,2008.4182403302622716793735763447574450325076993154,50,mpmath.zetazero (mpmath python)
1526,2009.1766341229495898344289792501149049289427892718,50,mpmath.zetazero (mpmath python)
1527,2010.1533247675593264084431633091500265964153794791,50,mpmath.zetazero (mpmath python)
1528,2011.0207050736500575710841167203763633480490364988,50,mpmath.zetazero (mpmath python)
1529,2012.5389354774217453323583191405573124926189714480,50,mpmath.zetazero (mpmath python)
1530,2013.8720977139908262647988707581065685954387846897,50,mpmath.zetazero (mpmath python)
1531,2015.1867286087062829095921801278435168954046658466,50,mpmath.zetazero (mpmath python)
1532,2016.0296380323753935233841002468282131543553663233,50,mpmath.zetazero (mpmath python)
1533,2016.8000756558457325379926442324042743824525200988,50,mpmath.zetazero (mpmath python)
1534,2017.3867672519615580113846400639062971853050189369,50,mpmath.zetazero (mpmath python)
1535,2019.2646002160640997613941570985687684313643136680,50,mpmath.zetazero (mpmath python)
1536,2019.8843671397552930535015425535574425926665418158,50,mpmath.zetazero (mpmath python)
1537,2021.1960427688927880243795837031233303021275852992,50,mpmath.zetazero (mpmath python)
1538,2022.5456176846882660299698691095292264264724892280,50,mpmath.zetazero (mpmath python)
1539,2023.5729117771007478482716802288269026647777562067,50,mpmath.zetazero (mpmath python)
1540,2024.4882621579512502973786924930083572768215454787,50,mpmath.zetazero (mpmath python)
1541,2025.8789062024815609897719006255283794519562157540,50,mpmath.zetazero (mpmath python)
1542,2026.7382589121520976539091747616468078295305511616,50,mpmath.zetazero (mpmath python)
1543,2027.5733170559975424123368680291480772865474104352,50,mpmath.zetazero (mpmath python)
1544,2028.5824593540399516318896679153622269658924378439,50,mpmath.zetazero (mpmath python)
1545,2029.3854795509666473791684529462148655806920218735,50,mpmath.zetazero (mpmath python)
1546,2031.7505506906187369644542530441677659445481875347,50,mpmath.zetazero (mpmath python)
1547,2032.4207808562864302246985949165356910155766213897,50,mpmath.zetazero (mpmath python)
1548,2033.0178927456698158101695712102608904872635096450,50,mpmath.zetazero (mpmath python)
1549,2034.5548287889561650865741794184483171364636396599,50,mpmath.zetazero (mpmath python)
1550,2035.0774400963040779760935054993405183040976726647,50,mpmath.zetazero (mpmath python)
1551,2036.5275264833703267165409307656717317253729205933,50,mpmath.zetazero (mpmath python)
1552,2037.2171110943408915631245668878782206254953892387,50,mpmath.zetazero (mpmath python)
1553,2038.8417382508677501558565962481173719225592280889,50,mpmath.zetazero (mpmath python)
1554,2039.4432187401044518495199920111903589614255086671,50,mpmath.zetazero (mpmath python)
1555,2040.8391196731382238878247629546364573790395585294,50,mpmath.zetazero (mpmath python)
1556,2042.3445862506042088978621956357164643273271601871,50,mpmath.zetazero (mpmath python)
1557,2043.2171165633239644789213173445942993919677711750,50,mpmath.zetazero (mpmath python)
1558,2044.1215932916674954251385861484730344530640201095,50,mpmath.zetazero (mpmath python)
1559,2045.0373208598148209254313505190438538039386584648,50,mpmath.zetazero (mpmath python)
1560,2045.8027604315619354284445336220166745033182245353,50,mpmath.zetazero (mpmath python)
1561,2047.0983363456071322746092467528354919460817129906,50,mpmath.zetazero (mpmath python)
1562,2048.4540940661611123933061039858632168178504082022,50,mpmath.zetazero (mpmath python)
1563,2049.8475256057160692641950009987628188253155693475,50,mpmath.zetazero (mpmath python)
1564,2050.9060553846845483813769892998827462190014327856,50,mpmath.zetazero (mpmath python)
1565,2051.7183881962563191619197624526012909211918941858,50,mpmath.zetazero (mpmath python)
1566,2052.4077901924010178674052521976121229721721253693,50,mpmath.zetazero (mpmath python)
1567,2054.0599168984857342584284469520241246357283863386,50,mpmath.zetazero (mpmath python)
1568,2055.1802673261666612827234175821140658576411818625,50,mpmath.zetazero (mpmath python)
1569,2055.5726028990488721787602113237511408919135100810,50,mpmath.zetazero (mpmath python)
1570,2056.6208666898937792898745515124762606009297874117,50,mpmath.zetazero (mpmath python)
1571,2058.4506511189061361281735801817120248006477190791,50,mpmath.zetazero (mpmath python)
1572,2059.4480217437714589666043803904082065567693612482,50,mpmath.zetazero (mpmath python)
1573,2060.8682472081079683757625578868235159745442029956,50,mpmath.zetazero (mpmath python)
1574,2061.3670592020318897206194019239717249902433064328,50,mpmath.zetazero (mpmath python)
1575,2062.5726509199783940918318681504010149811813425065,50,mpmath.zetazero (mpmath python)
1576,2063.2835594983807631485838001209390668438253538164,50,mpmath.zetazero (mpmath python)
1577,2064.3048676996341480831549375335480136283160134668,50,mpmath.zetazero (mpmath python)
1578,2065.8326722819114647076832434154996300620573217799,50,mpmath.zetazero (mpmath python)
1579,2066.9852293779852873512316287836255865405075142080,50,mpmath.zetazero (mpmath python)
1580,2068.3456385273700947157942032263536799497826221977,50,mpmath.zetazero (mpmath python)
1581,2068.6699410828126941617758972243822188327184715584,50,mpmath.zetazero (mpmath python)
1582,2070.5047175934459751551107731285841523977505147307,50,mpmath.zetazero (mpmath python)
1583,2071.3770831697585964499089747568040868439362042130,50,mpmath.zetazero (mpmath python)
1584,2071.9904548147607870995730698707933731017224372520,50,mpmath.zetazero (mpmath python)
1585,2073.3976037157684066272158932918028573898299232525,50,mpmath.zetazero (mpmath python)
1586,2074.1710649021524872642224402072738885570877642284,50,mpmath.zetazero (mpmath python)
1587,2075.0280655448321566332034003737333402789898662481,50,mpmath.zetazero (mpmath python)
1588,2077.1175701368772070220020590871888592780883371898,50,mpmath.zetazero (mpmath python)
1589,2078.1554846392142840755482048278482298332307182849,50,mpmath.zetazero (mpmath python)
1590,2078.9392881148769023688121851169017929844021125624,50,mpmath.zetazero (mpmath python)
1591,2079.5676284618932273572270050338440860441508435689,50,mpmath.zetazero (mpmath python)
1592,2080.9103434575612879221341806015462435047394228682,50,mpmath.zetazero (mpmath python)
1593,2081.7996865635771461361134793841620678175424592860,50,mpmath.zetazero (mpmath python)
1594,2083.3002768588279757108378228886865761795814738700,50,mpmath.zetazero (mpmath python)
1595,2083.7799925501673975843649662737813699385451049562,50,mpmath.zetazero (mpmath python)
1596,2085.3898136922859866755911257294366435346189196218,50,mpmath.zetazero (mpmath python)
1597,2086.5803185343814215219979522095994865230135950149,50,mpmath.zetazero (mpmath python)
1598,2087.4733409878580163480500950074638218294504017204,50,mpmath.zetazero (mpmath python)
1599,2088.7122811987325811894183992805173077394725448937,50,mpmath.zetazero (mpmath python)
1600,2090.0362067570169415735041981393225243453593901997,50,mpmath.zetazero (mpmath python)
1601,2090.4475500274158669382270184395235402197514471254,50,mpmath.zetazero (mpmath python)
1602,2091.2215806611312636368694923289449776577873720770,50,mpmath.zetazero (mpmath python)
1603,2092.4732181100718917423176060028159348589726740176,50,mpmath.zetazero (mpmath python)
1604,2094.3359174686319551548291881550667848457657218343,50,mpmath.zetazero (mpmath python)
1605,2095.1382566602948236692833399230633565225898691473,50,mpmath.zetazero (mpmath python)
1606,2096.3465299792525885285029264514707038621785579138,50,mpmath.zetazero (mpmath python)
1607,2097.3716063571928945392706508937819806553424192109,50,mpmath.zetazero (mpmath python)
1608,2097.9519221998870396354147321475385604575304764655,50,mpmath.zetazero (mpmath python)
1609,2099.3116512650613474635100651554332604614906262725,50,mpmath.zetazero (mpmath python)
1610,2100.5937452368612406638340947819698566709617611177,50,mpmath.zetazero (mpmath python)
1611,2101.1354894591084149182730861157879169451229180358,50,mpmath.zetazero (mpmath python)
1612,2102.5351002152977009581088743015724101121421290735,50,mpmath.zetazero (mpmath python)
1613,2103.3904548087140393485147563037572690512957701973,50,mpmath.zetazero (mpmath python)
1614,2105.3722065917998977733887952772001272545497686017,50,mpmath.zetazero (mpmath python)
1615,2105.9947043392862416768840187528054131741578897171,50,mpmath.zetazero (mpmath python)
1616,2107.1723624324433414697053911602054343432294176686,50,mpmath.zetazero (mpmath python)
1617,2107.6179114075143277942756903246925687043526196514,50,mpmath.zetazero (mpmath python)
1618,2108.9383848890153355979879490555315087822745934068,50,mpmath.zetazero (mpmath python)
1619,2109.9631431812675820224379853126672209595447731233,50,mpmath.zetazero (mpmath python)
1620,2110.8223718481318220174656088482495845868682726122,50,mpmath.zetazero (mpmath python)
1621,2112.9070875231907777138591483014886765266606701703,50,mpmath.zetazero (mpmath python)
1622,2113.4839664484308012849679300662302868794281170167,50,mpmath.zetazero (mpmath python)
1623,2114.3961373258899923859779413634277676417755896071,50,mpmath.zetazero (mpmath python)
1624,2115.5066027946841144535199330557985832432661000841,50,mpmath.zetazero (mpmath python)
1625,2116.9000560683947275738538604669710185115528056682,50,mpmath.zetazero (mpmath python)
1626,2117.7223994413629780788976601127415283766614338964,50,mpmath.zetazero (mpmath python)
1627,2118.6186462170292627131519290868530322765585655212,50,mpmath.zetazero (mpmath python)
1628,2119.4564284689392766841677068799137635924289760465,50,mpmath.zetazero (mpmath python)
1629,2120.6915625918439505427915993508421062547127890159,50,mpmath.zetazero (mpmath python)
1630,2122.4651511749283624156173566015372439913224265327,50,mpmath.zetazero (mpmath python)
1631,2123.3440423034624993248352796578275267653253198483,50,mpmath.zetazero (mpmath python)
1632,2124.3703687375688782003655573097012928776908906447,50,mpmath.zetazero (mpmath python)
1633,2125.5124000291519392217411823234794318347779828631,50,mpmath.zetazero (mpmath python)
1634,2125.9587848403733053952539499050544784152504428805,50,mpmath.zetazero (mpmath python)
1635,2126.9757111925579889626797232408498207203927980567,50,mpmath.zetazero (mpmath python)
1636,2128.7522905542628366452445942875784472295084613373,50,mpmath.zetazero (mpmath python)
1637,2129.4060802283284429975387951088484837804910998491,50,mpmath.zetazero (mpmath python)
1638,2130.5551022832359166850148032154490427643398040454,50,mpmath.zetazero (mpmath python)
1639,2132.0806209929426431711808195694004826190796955696,50,mpmath.zetazero (mpmath python)
1640,2132.7985164678841546449850038597660182144835400005,50,mpmath.zetazero (mpmath python)
1641,2134.1549339850379241724550680156777220284559269562,50,mpmath.zetazero (mpmath python)
1642,2134.9507725043156721289200326732641778224492174978,50,mpmath.zetazero (mpmath python)
1643,2136.0868975247032137116969595293910177740950430485,50,mpmath.zetazero (mpmath python)
1644,2136.9674705484718703590729267114946554160074384441,50,mpmath.zetazero (mpmath python)
1645,2137.5099405259109135758126786613039457066583670856,50,mpmath.zetazero (mpmath python)
1646,2139.3807599852011075774897349802245808064427360909,50,mpmath.zetazero (mpmath python)
1647,2140.9493626390970405882051668322632197801462591735,50,mpmath.zetazero (mpmath python)
1648,2141.7100359603899503549748424606416303178827661429,50,mpmath.zetazero (mpmath python)
1649,2142.3550431960353852675869965831146083349123750504,50,mpmath.zetazero (mpmath python)
1650,2143.3744441805378855952923505337938624947746566230,50,mpmath.zetazero (mpmath python)
1651,2144.8953374313604286933147138002829262935560652303,50,mpmath.zetazero (mpmath python)
1652,2145.5057537341808240396272196992870840803657238779,50,mpmath.zetazero (mpmath python)
1653,2146.6258944755115178270170173255574909967163917640,50,mpmath.zetazero (mpmath python)
1654,2147.7853673456308338552204878728453573111539958510,50,mpmath.zetazero (mpmath python)
1655,2149.1518493828892218862890676113115455583805444922,50,mpmath.zetazero (mpmath python)
1656,2149.9106398581021190054780103192640985032112544442,50,mpmath.zetazero (mpmath python)
1657,2151.7768851164650259479857939955684618805169281327,50,mpmath.zetazero (mpmath python)
1658,2152.3902265969196551124328656199386862822513527171,50,mpmath.zetazero (mpmath python)
1659,2153.0119641653865286390994327742294435433715745524,50,mpmath.zetazero (mpmath python)
1660,2154.2636239523203360286750746456490350289205945727,50,mpmath.zetazero (mpmath python)
1661,2154.9353458482254731232733045996329666298192051925,50,mpmath.zetazero (mpmath python)
1662,2156.3947272556816892294426809241354364803791783179,50,mpmath.zetazero (mpmath python)
1663,2157.8564895653531270321113147217874401374301670853,50,mpmath.zetazero (mpmath python)
1664,2158.8780722910832044881741917777628018392125652280,50,mpmath.zetazero (mpmath python)
1665,2159.9022860171704924811550247473373055783657426409,50,mpmath.zetazero (mpmath python)
1666,2160.8530623281841912606215626571529709814741955677,50,mpmath.zetazero (mpmath python)
1667,2161.6921721892095316507960803604052888056994285274,50,mpmath.zetazero (mpmath python)
1668,2163.1071222857323803426684482849300662582945251339,50,mpmath.zetazero (mpmath python)
1669,2164.0497203563573502735060099485911000755515805552,50,mpmath.zetazero (mpmath python)
1670,2165.0114371743142957752481011114368145509644483318,50,mpmath.zetazero (mpmath python)
1671,2165.5039490233757442107023059251437526596385266749,50,mpmath.zetazero (mpmath python)
1672,2167.6934442547468480341855786647743721342546926692,50,mpmath.zetazero (mpmath python)
1673,2168.8906158518539823830413643383469725102261270014,50,mpmath.zetazero (mpmath python)
1674,2169.2638292833649550715572413778341500949367618996,50,mpmath.zetazero (mpmath python)
1675,2170.7870749730157366115029745868892820294714184699,50,mpmath.zetazero (mpmath python)
1676,2171.3963619264946916256527393782500763930092897820,50,mpmath.zetazero (mpmath python)
1677,2172.2509628275163264070288457385989190319152912062,50,mpmath.zetazero (mpmath python)
1678,2173.5282969693166121542166662924235312061022925989,50,mpmath.zetazero (mpmath python)
1679,2174.7450208034766455267047797772916594568116224669,50,mpmath.zetazero (mpmath python)
1680,2176.2041194662156383734826197606073223823353407925,50,mpmath.zetazero (mpmath python)
1681,2176.9394516989774059842245362270086723000397026380,50,mpmath.zetazero (mpmath python)
1682,2178.0042091547611243865943382470360874337564929977,50,mpmath.zetazero (mpmath python)
1683,2179.2321850297471874836308717105783968463036286351,50,mpmath.zetazero (mpmath python)
1684,2180.4953182592787807443398877788913918007055416793,50,mpmath.zetazero (mpmath python)
1685,2181.2523670106817683612354472119943022628592776429,50,mpmath.zetazero (mpmath python)
1686,2181.7257830298195618125883273582812549107343147901,50,mpmath.zetazero (mpmath python)
1687,2183.3305840172799376270697635172196856543232696556,50,mpmath.zetazero (mpmath python)
1688,2184.1031907606805349248285569121240356531454729839,50,mpmath.zetazero (mpmath python)
1689,2185.9655283206831090044929380773776871143662709743,50,mpmath.zetazero (mpmath python)
1690,2187.0856909593725210885754308052302818523701094169,50,mpmath.zetazero (mpmath python)
1691,2187.7984558778278990414309679826275718209029366765,50,mpmath.zetazero (mpmath python)
1692,2188.5587632030885432322599633122429758248425928187,50,mpmath.zetazero (mpmath python)
1693,2189.4970729026053916292067382498491242889876629945,50,mpmath.zetazero (mpmath python)
1694,2191.0933630457492756496607711027274859241731560953,50,mpmath.zetazero (mpmath python)
1695,2191.7780174005079886888628908059861424555160118778,50,mpmath.zetazero (mpmath python)
1696,2192.8267705398612087469183872401372568448785173099,50,mpmath.zetazero (mpmath python)
1697,2194.2315300504497005621177613927425989291395156754,50,mpmath.zetazero (mpmath python)
1698,2195.2316876812557849738700624371133633374666105776,50,mpmath.zetazero (mpmath python)
1699,2196.7159776667585435409445182244048647023305292926,50,mpmath.zetazero (mpmath python)
1700,2197.2587470402059044911455509348014277644017056235,50,mpmath.zetazero (mpmath python)
1701,2198.6875126843675223336568350125527894199142027869,50,mpmath.zetazero (mpmath python)
1702,2199.3029653209695836100669639971997060920734764758,50,mpmath.zetazero (mpmath python)
1703,2200.3510209132630484274624847753631406508271277217,50,mpmath.zetazero (mpmath python)
1704,2200.9159530255518245046941986617005457074488022065,50,mpmath.zetazero (mpmath python)
1705,2203.2774537306460113421807509080218665885375897822,50,mpmath.zetazero (mpmath python)
1706,2203.9063645837735481468971467515543191310466052021,50,mpmath.zetazero (mpmath python)
1707,2204.9978017548301079491045781501197164052184255872,50,mpmath.zetazero (mpmath python)
1708,2205.8557612455439205294493247725536059099395829509,50,mpmath.zetazero (mpmath python)
1709,2207.1721619149522202888876364737672576450087257452,50,mpmath.zetazero (mpmath python)
1710,2207.8027413367369547307458588815589485929436261649,50,mpmath.zetazero (mpmath python)
1711,2209.1537444002632580741463415187701118691985688143,50,mpmath.zetazero (mpmath python)
1712,2210.2080149892503644493700270113871895437809530470,50,mpmath.zetazero (mpmath python)
1713,2210.8509410992961667392040141837259715594242303470,50,mpmath.zetazero (mpmath python)
1714,2212.3435684000364043498695250866190024714883636088,50,mpmath.zetazero (mpmath python)
1715,2213.7002562484360904593347930683502229250096487649,50,mpmath.zetazero (mpmath python)
1716,2214.9499256320924957726328530177681760349574945691,50,mpmath.zetazero (mpmath python)
1717,2215.8205656906455550327100216066759004541305047524,50,mpmath.zetazero (mpmath python)
1718,2216.2963758876451934286667873906512085226287769026,50,mpmath.zetazero (mpmath python)
1719,2217.4693751162251934325258590960777390816757714446,50,mpmath.zetazero (mpmath python)
1720,2218.5210069133952962685166266252768314116164052802,50,mpmath.zetazero (mpmath python)
1721,2219.7998156983610617895498454026824941992588849760,50,mpmath.zetazero (mpmath python)
1722,2220.8521588489141826076074107028739155832916089554,50,mpmath.zetazero (mpmath python)
1723,2222.6366045880974678568962602772278878280451625051,50,mpmath.zetazero (mpmath python)
1724,2223.0550579188104079730363553302478297921618302489,50,mpmath.zetazero (mpmath python)
1725,2223.7777725072145299788208840568578456405516694748,50,mpmath.zetazero (mpmath python)
1726,2225.5646451171694260052298843164728367438639133383,50,mpmath.zetazero (mpmath python)
1727,2226.3327344055755871327048519651748822040555659014,50,mpmath.zetazero (mpmath python)
1728,2227.2462293765953765321874458389248069023053299403,50,mpmath.zetazero (mpmath python)
1729,2227.9705738822563093798334130075045292864991409010,50,mpmath.zetazero (mpmath python)
1730,2229.1279589101233039392733862745934074837194381904,50,mpmath.zetazero (mpmath python)
1731,2230.8986908562172486293923164786556268053609439991,50,mpmath.zetazero (mpmath python)
1732,2231.9771540740733140060739636923313728999248816324,50,mpmath.zetazero (mpmath python)
1733,2232.9248538689661817784265904905020092022914288842,50,mpmath.zetazero (mpmath python)
1734,2233.7202222503129061907669202656167835254546700700,50,mpmath.zetazero (mpmath python)
1735,2234.8149345313269000143004543183638940318369474660,50,mpmath.zetazero (mpmath python)
1736,2235.5466621356000631885427230450780488548849634744,50,mpmath.zetazero (mpmath python)
1737,2236.7736438450998357811069775507974476652078241767,50,mpmath.zetazero (mpmath python)
1738,2238.1547995192976153965528267685657952480454868768,50,mpmath.zetazero (mpmath python)
1739,2239.1677439602366594644704407748517990632190930846,50,mpmath.zetazero (mpmath python)
1740,2240.0212094704710963993106134665471282455465469668,50,mpmath.zetazero (mpmath python)
1741,2241.5361865237664020520729570874232387382633789680,50,mpmath.zetazero (mpmath python)
1742,2242.6211801593794810805890557594664314559232868228,50,mpmath.zetazero (mpmath python)
1743,2243.3736684189619985357636509441188929546026756000,50,mpmath.zetazero (mpmath python)
1744,2244.3707017004303386090593230620833869557787240347,50,mpmath.zetazero (mpmath python)
1745,2245.5652865312713422349850466727571177004194517727,50,mpmath.zetazero (mpmath python)
1746,2246.0165581782856269680995908857509203096677639819,50,mpmath.zetazero (mpmath python)
1747,2247.3644312512293920224785951320586967878993436393,50,mpmath.zetazero (mpmath python)
1748,2249.5501985735370926583592452603950350888830078658,50,mpmath.zetazero (mpmath python)
1749,2249.7707665527239612764925838318938977994502624847,50,mpmath.zetazero (mpmath python)
1750,2251.0466419415531663162836454870572530925236471075,50,mpmath.zetazero (mpmath python)
1751,2251.8453183386933993579202005670812169406395867509,50,mpmath.zetazero (mpmath python)
1752,2252.6784326738388565814109037403920627267342703990,50,mpmath.zetazero (mpmath python)
1753,2254.5622469943895531084625073535553052537425222795,50,mpmath.zetazero (mpmath python)
1754,2254.7590790013039952974526681593562698049058204628,50,mpmath.zetazero (mpmath python)
1755,2255.8245655715369412384080977502235460433246300660,50,mpmath.zetazero (mpmath python)
1756,2257.3463846831328006605653766857141299131909530764,50,mpmath.zetazero (mpmath python)
1757,2258.5018472911458381694894659280776473921243401276,50,mpmath.zetazero (mpmath python)
1758,2259.5178420573842739829809402687659035939010170554,50,mpmath.zetazero (mpmath python)
1759,2260.8902594168002651211909688150921358269109099064,50,mpmath.zetazero (mpmath python)
1760,2261.6600644494810990112236619736897462998248026233,50,mpmath.zetazero (mpmath python)
1761,2262.6744306482097995387019221066240681656776757301,50,mpmath.zetazero (mpmath python)
1762,2262.8783053811611122301512287468585883957872324369,50,mpmath.zetazero (mpmath python)
1763,2264.6763997057702466381937464156137476055460699051,50,mpmath.zetazero (mpmath python)
1764,2265.7684461154694477888827327938404113773798331505,50,mpmath.zetazero (mpmath python)
1765,2267.3845010675440358322336557237190863444297569782,50,mpmath.zetazero (mpmath python)
1766,2267.8791753371660698739462536729157459158719591159,50,mpmath.zetazero (mpmath python)
1767,2269.2269982616095506592372486161080738969993651688,50,mpmath.zetazero (mpmath python)
1768,2269.9191032168383468483881116811072725420659804446,50,mpmath.zetazero (mpmath python)
1769,2271.3262824680663813713058897609616806046839977760,50,mpmath.zetazero (mpmath python)
1770,2272.0490157012376584604413174376519577892866774241,50,mpmath.zetazero (mpmath python)
1771,2273.3475340531644742747923384568375270269903102081,50,mpmath.zetazero (mpmath python)
1772,2273.9562891459430560555121949278774667754135934808,50,mpmath.zetazero (mpmath python)
1773,2275.0686647759713335096026367622217931803202961687,50,mpmath.zetazero (mpmath python)
1774,2277.0793177566235230628075166089937231812252801726,50,mpmath.zetazero (mpmath python)
1775,2278.0126283933053809808636475636750752306213208694,50,mpmath.zetazero (mpmath python)
1776,2278.5259421557841917469604183519606095553974739348,50,mpmath.zetazero (mpmath python)
1777,2279.5073058411194937547321964238314869768921063917,50,mpmath.zetazero (mpmath python)
1778,2280.8707198525862092600192128232626922792342703858,50,mpmath.zetazero (mpmath python)
1779,2281.3564836145462935895248716322214522744937315712,50,mpmath.zetazero (mpmath python)
1780,2282.6903751376478923489615288799388558436669855616,50,mpmath.zetazero (mpmath python)
1781,2284.0560114593513778620358588435333572046644315084,50,mpmath.zetazero (mpmath python)
1782,2285.2222423648665038752967390234808821384509926551,50,mpmath.zetazero (mpmath python)
1783,2286.1498141405640541686459109507168020876991507795,50,mpmath.zetazero (mpmath python)
1784,2287.0461586710106041660103930748054051516996189397,50,mpmath.zetazero (mpmath python)
1785,2288.5788494457646263698738509775984857197529975345,50,mpmath.zetazero (mpmath python)
1786,2289.3362847101341501066204689927594981814670689031,50,mpmath.zetazero (mpmath python)
1787,2290.2414582108557312495672551209975646442109105461,50,mpmath.zetazero (mpmath python)
1788,2291.0976636121120119325135079047913618232361931066,50,mpmath.zetazero (mpmath python)
1789,2291.9289012524905571801916851675706228289934264004,50,mpmath.zetazero (mpmath python)
1790,2293.8961451060867566814508651157836856116789621767,50,mpmath.zetazero (mpmath python)
1791,2294.6879184117143114399571978822624095575568859093,50,mpmath.zetazero (mpmath python)
1792,2296.1150911883303461152949056901591406332936905735,50,mpmath.zetazero (mpmath python)
1793,2296.9985224725151266339324695303887153136029515436,50,mpmath.zetazero (mpmath python)
1794,2297.3726475798095939488344659279982783155542104108,50,mpmath.zetazero (mpmath python)
1795,2298.6123633656602056668848794608355075398337543692,50,mpmath.zetazero (mpmath python)
1796,2299.9615776200896867546231397722559747116657862093,50,mpmath.zetazero (mpmath python)
1797,2301.2341257988309029577430667518707647764614202331,50,mpmath.zetazero (mpmath python)
1798,2301.4548403517284644788660412463743142204293676727,50,mpmath.zetazero (mpmath python)
1799,2303.2954819825732230446699066288527061708268901013,50,mpmath.zetazero (mpmath python)
1800,2304.3051386703745335971128209551654965579161717814,50,mpmath.zetazero (mpmath python)
1801,2305.5083567886819685749674614239052629250439024035,50,mpmath.zetazero (mpmath python)
1802,2306.5177330700035351063220429122104988029477876964,50,mpmath.zetazero (mpmath python)
1803,2307.3555533704780831338533156701840177884033363178,50,mpmath.zetazero (mpmath python)
1804,2308.2102846347646790125448835404954616645526643358,50,mpmath.zetazero (mpmath python)
1805,2309.3703582395291170234692881305484106169217381838,50,mpmath.zetazero (mpmath python)
1806,2309.9311223841836229245445652427190028375236748920,50,mpmath.zetazero (mpmath python)
1807,2312.0479964496107435730258577984584330912459050733,50,mpmath.zetazero (mpmath python)
1808,2313.1909141707478993283094232301253890467588037777,50,mpmath.zetazero (mpmath python)
1809,2313.6893599672239604079234419690096220864671696928,50,mpmath.zetazero (mpmath python)
1810,2314.6211821135941618770863957361129003911515075434,50,mpmath.zetazero (mpmath python)
1811,2316.0494547199888291550053586315422488868308118828,50,mpmath.zetazero (mpmath python)
1812,2316.9624945048407725124443826694061937818115012624,50,mpmath.zetazero (mpmath python)
1813,2317.8515318642770403034241857879908477013531138967,50,mpmath.zetazero (mpmath python)
1814,2318.8260353364301483596963219960919496460069376126,50,mpmath.zetazero (mpmath python)
1815,2320.0885232040272576457968014026434421459402113151,50,mpmath.zetazero (mpmath python)
1816,2320.9495316286596051651204697305952291531269845711,50,mpmath.zetazero (mpmath python)
1817,2322.8126326066933342565323581803965359676717939969,50,mpmath.zetazero (mpmath python)
1818,2323.5342742407660597148375274490456238349102150386,50,mpmath.zetazero (mpmath python)
1819,2324.5124552322583889545624353484336532641729826980,50,mpmath.zetazero (mpmath python)
1820,2325.5570964917654539176418826487380101255946901625,50,mpmath.zetazero (mpmath python)
1821,2325.9030159275131077484956742729485043190580281311,50,mpmath.zetazero (mpmath python)
1822,2327.3768558196995610605120770825495683878035854986,50,mpmath.zetazero (mpmath python)
1823,2328.6348751011686092684800651588220245481187888778,50,mpmath.zetazero (mpmath python)
1824,2329.7057234064495556907795250832011267389353382205,50,mpmath.zetazero (mpmath python)
1825,2331.0131102895728930274773175770773641430393550365,50,mpmath.zetazero (mpmath python)
1826,2331.9427078064027678338123868156396906131135627381,50,mpmath.zetazero (mpmath python)
1827,2332.9877654327750176842681151310608971698901033230,50,mpmath.zetazero (mpmath python)
1828,2333.7208633737822827477642496015169007083623733600,50,mpmath.zetazero (mpmath python)
1829,2335.5317125744509563618885911488759528161365135908,50,mpmath.zetazero (mpmath python)
1830,2335.8671538056497813635377501512707592652864163966,50,mpmath.zetazero (mpmath python)
1831,2336.6210367862387213395163705649328066986547405442,50,mpmath.zetazero (mpmath python)
1832,2337.7617301588206968631958741770035123069909052481,50,mpmath.zetazero (mpmath python)
1833,2339.6156838959826201967815031863811001307964490201,50,mpmath.zetazero (mpmath python)
1834,2340.8267267066444814248069392815248425743287936684,50,mpmath.zetazero (mpmath python)
1835,2341.3245961862154866620448178322298178758118631412,50,mpmath.zetazero (mpmath python)
1836,2342.6540416584692638087838091612500237760489117483,50,mpmath.zetazero (mpmath python)
1837,2343.2591589550088601528993795907144072559583768125,50,mpmath.zetazero (mpmath python)
1838,2344.3112162361517578247057203140292650612809704987,50,mpmath.zetazero (mpmath python)
1839,2345.5704836344738166458338419070541715126179297264,50,mpmath.zetazero (mpmath python)
1840,2346.4641195297878111141789318794691696449610229134,50,mpmath.zetazero (mpmath python)
1841,2347.9342546417236744060792124035516733158871545528,50,mpmath.zetazero (mpmath python)
1842,2348.8434236334556801248282249426216026484233137607,50,mpmath.zetazero (mpmath python)
1843,2349.7300542578378767061438578802938189271949251944,50,mpmath.zetazero (mpmath python)
1844,2351.4550469278512318549493256035173667538625955351,50,mpmath.zetazero (mpmath python)
1845,2352.1957015025364645895253176052434815492357608201,50,mpmath.zetazero (mpmath python)
1846,2352.7508700754545909851029143766289903470443075020,50,mpmath.zetazero (mpmath python)
1847,2353.9121358523530592979703378789777587187098491357,50,mpmath.zetazero (mpmath python)
1848,2354.9510812350081840822179896233063712695849441740,50,mpmath.zetazero (mpmath python)
1849,2355.8108139782906153561168813240281151583173084818,50,mpmath.zetazero (mpmath python)
1850,2357.6083159202474857892793155709891436234681251232,50,mpmath.zetazero (mpmath python)
1851,2358.9047051984155790004370011457245214176000428050,50,mpmath.zetazero (mpmath python)
1852,2359.4348590764398668351328660059836773266969153975,50,mpmath.zetazero (mpmath python)
1853,2360.3142850895263386515239244073136714231139105965,50,mpmath.zetazero (mpmath python)
1854,2361.3425416419326315633345348508923151992012338302,50,mpmath.zetazero (mpmath python)
1855,2362.7183179229213810333380238739435848620157340559,50,mpmath.zetazero (mpmath python)
1856,2363.4956176541186338675596425757059160508803569309,50,mpmath.zetazero (mpmath python)
1857,2364.7511760891170101112233451380151711777661370645,50,mpmath.zetazero (mpmath python)
1858,2365.1915150641319165645793558948928835956210881016,50,mpmath.zetazero (mpmath python)
1859,2367.2492198429594684778943329964531345450585208750,50,mpmath.zetazero (mpmath python)
1860,2367.9577018231558591053656847927338513292757413962,50,mpmath.zetazero (mpmath python)
1861,2369.2205777673990320263322234482441594318947598718,50,mpmath.zetazero (mpmath python)
1862,2370.0933902842321693892712682374604035292356583983,50,mpmath.zetazero (mpmath python)
1863,2371.1007479297216734898086886123360652430510404112,50,mpmath.zetazero (mpmath python)
1864,2371.9381377946101081508712357179783170207229059521,50,mpmath.zetazero (mpmath python)
1865,2372.4403472600558437397599040840026817051164198492,50,mpmath.zetazero (mpmath python)
1866,2374.4442307178166502885003397573606729527917409416,50,mpmath.zetazero (mpmath python)
1867,2375.5439670373722488997735659010861950445109390741,50,mpmath.zetazero (mpmath python)
1868,2376.3554635155601897484909088669292246284192528246,50,mpmath.zetazero (mpmath python)
1869,2377.7554079140127990160831592033395457973825211595,50,mpmath.zetazero (mpmath python)
1870,2378.2129616796621573158990997258638442061451570096,50,mpmath.zetazero (mpmath python)
1871,2379.7265029499658222423879655228606437804919776262,50,mpmath.zetazero (mpmath python)
1872,2380.5456572187362593069949794981203491680276620828,50,mpmath.zetazero (mpmath python)
1873,2381.5001237104375297310553634967459976630000330157,50,mpmath.zetazero (mpmath python)
1874,2382.5308305663664021817441090066586401895830098193,50,mpmath.zetazero (mpmath python)
1875,2383.3560139159808694700670270628033763872348719341,50,mpmath.zetazero (mpmath python)
1876,2384.9650716411824697262096820054406585338742195319,50,mpmath.zetazero (mpmath python)
1877,2386.4309371095038902898134606161006839877645521830,50,mpmath.zetazero (mpmath python)
1878,2387.2990841223365147575604363998154141679696024239,50,mpmath.zetazero (mpmath python)
1879,2387.8135685560780372867975767514898736094830619635,50,mpmath.zetazero (mpmath python)
1880,2388.7482076354931764155351076352053820443340322391,50,mpmath.zetazero (mpmath python)
1881,2389.9559881136661570047358802965442159370288672771,50,mpmath.zetazero (mpmath python)
1882,2391.2605498724033994789224409492974131867682797869,50,mpmath.zetazero (mpmath python)
1883,2391.7549823366227727781331936680377464898224084349,50,mpmath.zetazero (mpmath python)
1884,2393.6305932916998553319017863547024242087268951144,50,mpmath.zetazero (mpmath python)
1885,2394.4853678560464940156497158788670763938455119260,50,mpmath.zetazero (mpmath python)
1886,2395.2701699946470921724373377909228654578873515015,50,mpmath.zetazero (mpmath python)
1887,2396.6038787626160715817635960160887331117203593308,50,mpmath.zetazero (mpmath python)
1888,2397.7916437617737635030762529552822194488459166343,50,mpmath.zetazero (mpmath python)
1889,2398.5583113825326711583565931410747618336134116084,50,mpmath.zetazero (mpmath python)
1890,2399.4338329057852701216644520175943291800277006621,50,mpmath.zetazero (mpmath python)
1891,2400.1523565221314571948866991665878615316081087192,50,mpmath.zetazero (mpmath python)
1892,2401.4829983757717806511654797647764872907214814218,50,mpmath.zetazero (mpmath python)
1893,2403.4187984453452038916157579456306695543062468158,50,mpmath.zetazero (mpmath python)
1894,2403.9753151489675074936405316261834355490959312446,50,mpmath.zetazero (mpmath python)
1895,2404.9215934897699975692139011396970817751666074915,50,mpmath.zetazero (mpmath python)
1896,2406.2539887182894852608636395732995318486260524332,50,mpmath.zetazero (mpmath python)
1897,2406.7328511821095084436455226522043990499354329191,50,mpmath.zetazero (mpmath python)
1898,2407.7159104222699072792893708447558207733580409683,50,mpmath.zetazero (mpmath python)
1899,2409.4415023524195403451446209894884856790561300312,50,mpmath.zetazero (mpmath python)
1900,2409.8816026828795882538596883894990673073296788986,50,mpmath.zetazero (mpmath python)
1901,2411.1261933807774213690694834585056568633048628071,50,mpmath.zetazero (mpmath python)
1902,2412.2229358372840416707892825993517219744135594101,50,mpmath.zetazero (mpmath python)
1903,2413.9761231949834086064747073766668447087179705857,50,mpmath.zetazero (mpmath python)
1904,2414.3798798012704958710542096394651609465672131258,50,mpmath.zetazero (mpmath python)
1905,2415.5768934659941058124221402526736733934260501314,50,mpmath.zetazero (mpmath python)
1906,2416.5340546277039393003733042553694902074408292701,50,mpmath.zetazero (mpmath python)
1907,2417.2780874217721931089719983448364065921602208727,50,mpmath.zetazero (mpmath python)
1908,2418.2294432673573874603674377751055635523712676064,50,mpmath.zetazero (mpmath python)
1909,2419.5079171630712454634965230366714471279169956556,50,mpmath.zetazero (mpmath python)
1910,2421.1429439933281788871327653962054437953152988061,50,mpmath.zetazero (mpmath python)
1911,2422.1520849251095087812742693345940404314206186144,50,mpmath.zetazero (mpmath python)
1912,2422.9962301234869078612887049221182523786218309350,50,mpmath.zetazero (mpmath python)
1913,2423.5041468887161394142490913933348650941826284254,50,mpmath.zetazero (mpmath python)
1914,2425.1247602125567244754637164494053438166953458554,50,mpmath.zetazero (mpmath python)
1915,2426.1934375416683004735677776676158352967532717737,50,mpmath.zetazero (mpmath python)
1916,2426.9070642937536451278175946003123135087523340466,50,mpmath.zetazero (mpmath python)
1917,2427.6408969485929822564142559066366899953740219414,50,mpmath.zetazero (mpmath python)
1918,2429.1855959902569224913382582785451224749006395132,50,mpmath.zetazero (mpmath python)
1919,2430.2658126359444030687524543757016805506196581331,50,mpmath.zetazero (mpmath python)
1920,2431.6111350962539303835818901376874356627759208576,50,mpmath.zetazero (mpmath python)
1921,2432.7275692992547566311479461429575645269536802836,50,mpmath.zetazero (mpmath python)
1922,2433.7058968047038089342898923121988049749090591075,50,mpmath.zetazero (mpmath python)
1923,2433.9168732376841830155980174152894123747670917443,50,mpmath.zetazero (mpmath python)
1924,2435.3488943646945597020914254681543569772473709663,50,mpmath.zetazero (mpmath python)
1925,2436.1916003750910363953791909456697474014367447358,50,mpmath.zetazero (mpmath python)
1926,2437.7940761078260498418965038371949443857834825717,50,mpmath.zetazero (mpmath python)
1927,2438.6717907940441802005360394828737017760994615852,50,mpmath.zetazero (mpmath python)
1928,2439.9271272186722760589257184805764477947093976923,50,mpmath.zetazero (mpmath python)
1929,2440.8261602906352547483894613749148333158900930370,50,mpmath.zetazero (mpmath python)
1930,2441.9298365499984095284670160122428775447510200355,50,mpmath.zetazero (mpmath python)
1931,2443.0335600581851323318366513309473790266078231417,50,mpmath.zetazero (mpmath python)
1932,2443.7754363961997293274737124553176351697101794683,50,mpmath.zetazero (mpmath python)
1933,2445.1543810152204194220285826437174200855670168701,50,mpmath.zetazero (mpmath python)
1934,2445.7449521011549003707330597221096676376850599415,50,mpmath.zetazero (mpmath python)
1935,2446.3985233061102476055307591762170713815515512156,50,mpmath.zetazero (mpmath python)
1936,2448.9883122860351053550803853146235534615686059620,50,mpmath.zetazero (mpmath python)
1937,2449.2310320092925333925987755542880025589580148948,50,mpmath.zetazero (mpmath python)
1938,2450.5036505801081191025284332923745513982602027028,50,mpmath.zetazero (mpmath python)
1939,2451.1817083100844492213490967813721342103471428773,50,mpmath.zetazero (mpmath python)
1940,2452.2833657412138906260284457011839473804724667463,50,mpmath.zetazero (mpmath python)
1941,2453.2574858120840448678716320784115388256270475223,50,mpmath.zetazero (mpmath python)
1942,2454.3005618417899234926733067832729109857760398168,50,mpmath.zetazero (mpmath python)
1943,2455.4822883835259239528354011327208881969100991632,50,mpmath.zetazero (mpmath python)
1944,2456.5145518412885533306119202656998062066465706634,50,mpmath.zetazero (mpmath python)
1945,2457.9079990902185446840056274693342174889457262611,50,mpmath.zetazero (mpmath python)
1946,2458.5467998371280134084136165758234543871430269395,50,mpmath.zetazero (mpmath python)
1947,2460.0135794655061914982504124664979804154900211209,50,mpmath.zetazero (mpmath python)
1948,2461.2022953745062000462680284035011246211185879716,50,mpmath.zetazero (mpmath python)
1949,2461.7316286480413926972117954851276917648801814382,50,mpmath.zetazero (mpmath python)
1950,2462.4642949138537636291148572969859165433739890991,50,mpmath.zetazero (mpmath python)
1951,2463.5696672950163478435451866517332116836698216357,50,mpmath.zetazero (mpmath python)
1952,2464.9278163612234085599107180482172469532387015595,50,mpmath.zetazero (mpmath python)
1953,2466.1830970131927234062179242212180845551691703526,50,mpmath.zetazero (mpmath python)
1954,2467.6408607837790246981903782599973488131612654917,50,mpmath.zetazero (mpmath python)
1955,2468.1868163011152432384632512587434624359335141270,50,mpmath.zetazero (mpmath python)
1956,2469.3362638924974892295229578348153848496582777560,50,mpmath.zetazero (mpmath python)
1957,2469.7814850315240243090861909119944928474082068956,50,mpmath.zetazero (mpmath python)
1958,2471.5392977419967169486302050175549958410728777753,50,mpmath.zetazero (mpmath python)
1959,2472.3364175894822710673696834866392921949692784004,50,mpmath.zetazero (mpmath python)
1960,2473.1071247346450421948337211157708791888373587895,50,mpmath.zetazero (mpmath python)
1961,2474.2378497343936795111807411710489892678128164124,50,mpmath.zetazero (mpmath python)
1962,2475.5393538610027667698572496939704986336922763720,50,mpmath.zetazero (mpmath python)
1963,2477.0217550961045941565778872334122409912944444731,50,mpmath.zetazero (mpmath python)
1964,2478.0148540248094052420946293457170707792929881691,50,mpmath.zetazero (mpmath python)
1965,2478.3975975831250204404877236166400151682109134253,50,mpmath.zetazero (mpmath python)
1966,2479.9773519808707541224268654596687651498515707227,50,mpmath.zetazero (mpmath python)
1967,2480.4336069850920729277664348900417865915251440243,50,mpmath.zetazero (mpmath python)
1968,2481.3567672803589445972134929267674166913280975585,50,mpmath.zetazero (mpmath python)
1969,2482.6834115187159992322598729779894028953055096034,50,mpmath.zetazero (mpmath python)
1970,2484.5032382747446433663635457127893133609896715631,50,mpmath.zetazero (mpmath python)
1971,2485.0875905374198665107970403638486001387750756200,50,mpmath.zetazero (mpmath python)
1972,2485.7856207123927522406425555871460904761255622076,50,mpmath.zetazero (mpmath python)
1973,2487.3338364427260220668139053977041325051555847737,50,mpmath.zetazero (mpmath python)
1974,2488.1138317541930543798383961879883154445023788022,50,mpmath.zetazero (mpmath python)
1975,2489.2611574516371167429662234583806094063282056318,50,mpmath.zetazero (mpmath python)
1976,2490.0510905157467898093557683177253509971549578629,50,mpmath.zetazero (mpmath python)
1977,2491.1055164218207048183028238814373766450489336600,50,mpmath.zetazero (mpmath python)
1978,2491.9074739342928426449235269578840857378440271028,50,mpmath.zetazero (mpmath python)
1979,2493.4892954491232172275007526169529975968463115966,50,mpmath.zetazero (mpmath python)
1980,2494.8661778282552209730874715804963107783269331083,50,mpmath.zetazero (mpmath python)
1981,2495.8468404195016427554747260635054864437530405827,50,mpmath.zetazero (mpmath python)
1982,2496.4853367028232682456153314918091437716937841428,50,mpmath.zetazero (mpmath python)
1983,2497.6484652466019345498612319404280092721476172873,50,mpmath.zetazero (mpmath python)
1984,2497.9699739667522623967955032454473659284418804894,50,mpmath.zetazero (mpmath python)
1985,2499.8620428212550656863921053115000765191456547091,50,mpmath.zetazero (mpmath python)
1986,2500.5643864123174493411728375692776281744961618491,50,mpmath.zetazero (mpmath python)
1987,2501.5777446724335394644695389658902541283090991732,50,mpmath.zetazero (mpmath python)
1988,2503.1852272120868016425328686929919579349667256402,50,mpmath.zetazero (mpmath python)
1989,2504.0089336585836411757644349265184954778245439686,50,mpmath.zetazero (mpmath python)
1990,2504.7721525112120279263524289750788427991671723781,50,mpmath.zetazero (mpmath python)
1991,2506.3053519373076956617112588705138385552041202589,50,mpmath.zetazero (mpmath python)
1992,2507.1518856476755891723087261413272327755609134662,50,mpmath.zetazero (mpmath python)
1993,2507.8710395797433619747120163493986486453514223540,50,mpmath.zetazero (mpmath python)
1994,2508.7660461038266224089676670966401487338720683116,50,mpmath.zetazero (mpmath python)
1995,2509.6529974413794216937294299620082494717847105087,50,mpmath.zetazero (mpmath python)
1996,2511.6601897871866836554760545256548816527742506482,50,mpmath.zetazero (mpmath python)
1997,2512.5382209852025448086110040829579189088632353164,50,mpmath.zetazero (mpmath python)
1998,2513.5795170214648545945730755044453489847008837151,50,mpmath.zetazero (mpmath python)
1999,2514.2598590597736779066451315112252806228228664526,50,mpmath.zetazero (mpmath python)
2000,2515.2864829247128800381898865204770189425785521831,50,mpmath.zetazero (mpmath python)
