n,gamma,K,sigma_K,gamma_K,status
0,8.039737155681,192,0.500632762,8.043871779,ok
0,8.039737155681,136,0.500884183,8.045570405,ok
0,8.039737155681,96,0.501234492,8.047993809,ok
0,8.039737155681,68,0.501708046,8.051381504,ok
0,8.039737155681,48,0.502352179,8.056214422,ok
0,8.039737155681,34,0.503194783,8.062977354,ok
0,8.039737155681,24,0.504292198,8.072660755,ok
0,8.039737155681,16,0.505928216,8.089299715,ok
0,8.039737155681,11,0.507889936,8.112694482,ok
0,8.039737155681,8,0.510365881,8.142507932,ok
0,8.039737155681,6,0.514931390,8.182477592,ok
0,8.039737155681,4,0.537830142,8.275189814,ok
0,8.039737155681,3,0.593643764,8.377882446,ok
0,8.039737155681,2,0.834106751,8.529129034,ok
1,11.249206207773,192,0.501022660,11.254765710,ok
1,11.249206207773,136,0.501430789,11.257054654,ok
1,11.249206207773,96,0.502001894,11.260325365,ok
1,11.249206207773,68,0.502779938,11.264907850,ok
1,11.249206207773,48,0.503853806,11.271466925,ok
1,11.249206207773,34,0.505299112,11.280690542,ok
1,11.249206207773,24,0.507293548,11.293996502,ok
1,11.249206207773,16,0.510708259,11.317164122,ok
2,15.704619176722,192,0.498944525,15.711335561,ok
2,15.704619176722,136,0.498487096,15.714089208,ok
2,15.704619176722,96,0.497810188,15.718014310,ok
2,15.704619176722,68,0.496815402,15.723498361,ok
2,15.704619176722,48,0.495296170,15.731327725,ok
2,15.704619176722,34,0.492966122,15.742328630,ok
2,15.704619176722,24,0.489195797,15.758276869,ok
2,15.704619176722,16,0.481472474,15.786765180,ok
3,18.261997495693,192,0.499584467,18.267771161,ok
3,18.261997495693,136,0.499387013,18.270145914,ok
3,18.261997495693,96,0.499079479,18.273541688,ok
3,18.261997495693,68,0.498600469,18.278313066,ok
3,18.261997495693,48,0.497822736,18.285196192,ok
3,18.261997495693,34,0.496560948,18.295058438,ok
3,18.261997495693,24,0.494447009,18.309905759,ok
3,18.261997495693,16,0.490358353,18.338774184,ok
4,20.455770807742,192,0.502657586,20.463194807,ok
4,20.455770807742,136,0.503722973,20.466268982,ok
4,20.455770807742,96,0.505220466,20.470683001,ok
4,20.455770807742,68,0.507277014,20.476916081,ok
4,20.455770807742,48,0.510158646,20.485957041,ok
4,20.455770807742,34,0.514154176,20.498971132,ok
4,20.455770807742,24,0.520032083,20.518573022,ok
4,20.455770807742,16,0.532113129,20.556086314,ok
5,24.059414856493,192,0.498331712,24.067532405,ok
5,24.059414856493,136,0.497604157,24.070860363,ok
5,24.059414856493,96,0.496521877,24.075608621,ok
5,24.059414856493,68,0.494917861,24.082260318,ok
5,24.059414856493,48,0.492433012,24.091818465,ok
5,24.059414856493,34,0.488526092,24.105454498,ok
5,24.059414856493,24,0.481922644,24.125962677,ok
5,24.059414856493,16,0.467514266,24.166989806,ok
6,26.577868735775,192,0.498142493,26.585802300,ok
6,26.577868735775,136,0.497319455,26.589054882,ok
6,26.577868735775,96,0.496080283,26.593703173,ok
6,26.577868735775,68,0.494210212,26.600243653,ok
6,26.577868735775,48,0.491231083,26.609742575,ok
6,26.577868735775,34,0.486335948,26.623629053,ok
6,26.577868735775,24,0.477464866,26.645729595,ok
6,26.577868735775,16,0.456158358,26.697468451,ok
7,28.218164506233,192,0.502530093,28.226808907,ok
7,28.218164506233,136,0.503523300,28.230409613,ok
7,28.218164506233,96,0.504904164,28.235611186,ok
7,28.218164506233,68,0.506782049,28.243038783,ok
7,28.218164506233,48,0.509411725,28.254044485,ok
7,28.218164506233,34,0.513179884,28.270570264,ok
7,28.218164506233,24,0.519579018,28.297753617,ok
7,28.218164506233,16,0.542519180,28.361679097,ok
8,30.745040261382,192,0.502002339,30.754072455,ok
8,30.745040261382,136,0.502778477,30.757818261,ok
8,30.745040261382,96,0.503844982,30.763211369,ok
8,30.745040261382,68,0.505266089,30.770873704,ok
8,30.745040261382,59,0.505981358,30.774947882,ok
8,30.745040261382,48,0.507184736,30.782139501,ok
8,30.745040261382,42,0.508085489,30.787792083,ok
8,30.745040261382,34,0.509766089,30.798858075,ok
8,30.745040261382,30,0.510968480,30.807020484,ok
8,30.745040261382,24,0.513836986,30.825926469,ok
8,30.745040261382,21,0.516525829,30.841184808,ok
8,30.745040261382,16,0.530701121,30.888456692,ok
8,30.745040261382,15,0.538665977,30.904151088,ok
8,30.745040261382,11,0.660561644,30.972742279,ok
8,30.745040261382,8,0.675532265,30.807408754,ok
9,33.897388927259,192,0.495233361,33.907171203,ok
9,33.897388927259,136,0.493191575,33.911150905,ok
9,33.897388927259,96,0.490180407,33.916807958,ok
9,33.897388927259,68,0.485748632,33.924709276,ok
9,33.897388927259,48,0.478879510,33.936073322,ok
9,33.897388927259,34,0.467839025,33.952522647,ok
9,33.897388927259,24,0.447734975,33.978978951,ok
9,33.897388927259,16,0.398546092,34.053003106,ok
10,35.608412653939,192,0.501694055,35.618174101,ok
10,35.608412653939,136,0.502297603,35.622244814,ok
10,35.608412653939,96,0.503064836,35.628149686,ok
10,35.608412653939,68,0.503947075,35.636667703,ok
10,35.608412653939,48,0.504795380,35.649591254,ok
10,35.608412653939,34,0.505073595,35.670090532,ok
10,35.608412653939,24,0.503664853,35.708723213,ok
10,35.608412653939,16,0.520175686,35.839307666,ok
11,37.551796556365,192,0.499707870,37.562471138,ok
11,37.551796556365,136,0.499501412,37.566902522,ok
11,37.551796556365,96,0.499130322,37.573307302,ok
11,37.551796556365,68,0.498477909,37.582496553,ok
11,37.551796556365,48,0.497328265,37.596331122,ok
11,37.551796556365,34,0.495495769,37.618069349,ok
11,37.551796556365,24,0.494292082,37.658704198,ok
11,37.551796556365,16,0.548558508,37.783280661,ok
12,39.485207260929,192,0.504566710,39.495532412,ok
12,39.485207260929,136,0.506389256,39.499863853,ok
12,39.485207260929,96,0.508953266,39.506161726,ok
12,39.485207260929,68,0.512499960,39.515257185,ok
12,39.485207260929,48,0.517597320,39.529026209,ok
12,39.485207260929,34,0.525282144,39.550656610,ok
12,39.485207260929,24,0.540921760,39.590175252,ok
12,39.485207260929,16,0.646015177,39.677483553,ok
13,42.616379226158,192,0.492751758,42.627315425,ok
13,42.616379226158,136,0.489652180,42.631732728,ok
13,42.616379226158,96,0.485076757,42.637989835,ok
13,42.616379226158,68,0.478313251,42.646705286,ok
13,42.616379226158,48,0.467688249,42.659262043,ok
13,42.616379226158,34,0.449956605,42.677845270,ok
13,42.616379226158,24,0.414664381,42.712186506,ok
13,42.616379226158,16,0.359368011,42.864987999,ok
14,44.120572912072,192,0.503760148,44.132377577,ok
14,44.120572912072,136,0.505170538,44.137354659,ok
14,44.120572912072,96,0.507044655,44.144648780,ok
14,44.120572912072,68,0.509378009,44.155362552,ok
14,44.120572912072,48,0.512059209,44.172185277,ok
14,44.120572912072,34,0.514291598,44.200919959,ok
14,44.120572912072,24,0.516528972,44.266236259,ok
14,44.120572912072,16,0.697178692,44.518172687,ok
15,46.274118023513,192,0.493661669,46.286226614,ok
15,46.274118023513,136,0.490883370,46.291175200,ok
15,46.274118023513,96,0.486726667,46.298285572,ok
15,46.274118023513,68,0.480487336,46.308478522,ok
15,46.274118023513,48,0.470521610,46.324082427,ok
15,46.274118023513,34,0.453678336,46.350486937,ok
15,46.274118023513,24,0.423908999,46.414952564,ok
15,46.274118023513,16,0.620501318,46.730939173,ok
16,47.514104510117,192,0.509832381,47.526251923,ok
16,47.514104510117,136,0.513835220,47.531481144,ok
16,47.514104510117,96,0.519566068,47.539235728,ok
16,47.514104510117,91,0.520642921,47.540726206,ok
16,47.514104510117,68,0.527734933,47.550781179,ok
16,47.514104510117,64,0.529526107,47.553380285,ok
16,47.514104510117,48,0.540152821,47.569169114,ok
16,47.514104510117,46,0.542115557,47.572132710,ok
16,47.514104510117,34,0.561315891,47.600904312,ok
16,47.514104510117,32,0.567024151,47.609059970,ok
16,47.514104510117,24,0.621457267,47.667858594,ok
16,47.514104510117,23,0.638222341,47.679679947,ok
16,47.514104510117,16,0.973343169,47.390638899,ok
16,47.514104510117,12,0.704168573,47.531633990,ok
17,50.375138650636,192,0.497099484,50.386804893,ok
17,50.375138650636,136,0.495782112,50.391613888,ok
17,50.375138650636,96,0.493757946,50.398545278,ok
17,50.375138650636,68,0.490598990,50.408485983,ok
17,50.375138650636,48,0.485254591,50.423596348,ok
17,50.375138650636,34,0.475479948,50.448671489,ok
17,50.375138650636,24,0.460621892,50.509023266,ok
17,50.375138650636,16,0.612773448,50.565654386,ok
18,52.496749599061,192,0.496743084,52.510190847,ok
18,52.496749599061,136,0.495199066,52.515727469,ok
18,52.496749599061,96,0.492740058,52.523716066,ok
18,52.496749599061,68,0.488680321,52.535214403,ok
18,52.496749599061,48,0.481155909,52.552878509,ok
18,52.496749599061,34,0.465063097,52.583317937,ok
18,52.496749599061,24,0.430187273,52.669681541,ok
18,52.496749599061,16,0.691876345,52.784889500,ok
19,54.193843101552,192,0.498236642,54.206966343,ok
19,54.193843101552,136,0.497292511,54.212457321,ok
19,54.193843101552,96,0.495689989,54.220518182,ok
19,54.193843101552,68,0.492849674,54.232509556,ok
19,54.193843101552,48,0.487168939,54.252183299,ok
19,54.193843101552,34,0.474364603,54.290951573,ok
19,54.193843101552,24,0.463140567,54.422401848,ok
19,54.193843101552,16,0.834684052,54.242508654,ok
20,55.642558700216,192,0.503464041,55.657006840,ok
20,55.642558700216,136,0.504758956,55.663157629,ok
20,55.642558700216,96,0.506530123,55.672270136,ok
20,55.642558700216,68,0.508959957,55.685957294,ok
20,55.642558700216,48,0.512762098,55.708596018,ok
20,55.642558700216,34,0.522113199,55.752963083,ok
20,55.642558700216,24,0.612880989,55.873722626,ok
20,55.642558700216,16,0.607414128,55.613370686,ok
21,57.584056360449,192,0.503914167,57.597290972,ok
21,57.584056360449,136,0.505424423,57.602897841,ok
21,57.584056360449,96,0.507516765,57.611159226,ok
21,57.584056360449,68,0.510393358,57.623437796,ok
21,57.584056360449,48,0.514729449,57.643328379,ok
21,57.584056360449,34,0.524198379,57.680777901,ok
21,57.584056360449,24,0.605240683,57.762927913,ok
21,57.584056360449,16,0.616511936,57.684874262,ok
22,60.026857456716,192,0.497037439,60.039876986,ok
22,60.026857456716,136,0.495640878,60.045267279,ok
22,60.026857456716,96,0.493427981,60.053089668,ok
22,60.026857456716,68,0.489797818,60.064485810,ok
22,60.026857456716,48,0.483099654,60.082537252,ok
22,60.026857456716,34,0.469198310,60.117143948,ok
22,60.026857456716,24,0.482401036,60.229870641,ok
22,60.026857456716,16,0.575979176,60.252850130,ok
23,62.206078122282,192,0.488340399,62.221994013,ok
23,62.206078122282,136,0.483132473,62.228324888,ok
23,62.206078122282,96,0.475118703,62.237245923,ok
23,62.206078122282,68,0.462364400,62.249679177,ok
23,62.206078122282,48,0.439255405,62.268086570,ok
23,62.206078122282,34,0.387466602,62.302208472,ok
23,62.206078122282,24,0.284049554,62.468756845,ok
23,62.206078122282,16,0.337546437,62.702949833,ok
24,63.176992767339,192,0.510333499,63.191283879,ok
24,63.176992767339,136,0.514466256,63.197694844,ok
24,63.176992767339,121,0.516212516,63.200545569,ok
24,63.176992767339,96,0.520327485,63.207635752,ok
24,63.176992767339,85,0.522909216,63.212377763,ok
24,63.176992767339,68,0.528597766,63.223740879,ok
24,63.176992767339,61,0.531927688,63.231047273,ok
24,63.176992767339,48,0.541192554,63.254214998,ok
24,63.176992767339,43,0.546885805,63.270343082,ok
24,63.176992767339,34,0.568832131,63.331665048,ok
24,63.176992767339,31,0.589895808,63.375790718,ok
24,63.176992767339,24,0.894419515,63.572881123,ok
24,63.176992767339,22,1.212722686,63.436775738,ok
24,63.176992767339,16,1.311546796,62.906947736,ok
25,65.294925544084,192,0.494580229,65.311741469,ok
25,65.294925544084,136,0.492058408,65.318740513,ok
25,65.294925544084,96,0.488142077,65.329004350,ok
25,65.294925544084,68,0.481956511,65.344350532,ok
25,65.294925544084,48,0.471336954,65.370390008,ok
25,65.294925544084,34,0.455014869,65.430977492,ok
25,65.294925544084,24,0.657654978,65.593176909,ok
25,65.294925544084,16,0.550487202,65.323463275,ok
26,66.623134625533,192,0.511030432,66.637085604,ok
26,66.623134625533,136,0.515546156,66.643201048,ok
26,66.623134625533,96,0.522086342,66.652458409,ok
26,66.623134625533,68,0.531696745,66.666834124,ok
26,66.623134625533,48,0.547790954,66.692097050,ok
26,66.623134625533,34,0.590989016,66.747077906,ok
26,66.623134625533,24,0.821123407,66.620736320,ok
26,66.623134625533,16,0.643769415,66.677245008,ok
27,69.513022985980,192,0.487976753,69.526364810,ok
27,69.513022985980,136,0.482757572,69.531681574,ok
27,69.513022985980,96,0.474882843,69.539200954,ok
27,69.513022985980,68,0.462654787,69.549793038,ok
27,69.513022985980,48,0.440935893,69.566139522,ok
27,69.513022985980,34,0.392697099,69.605283401,ok
27,69.513022985980,24,0.439762880,69.768299255,ok
27,69.513022985980,16,0.420998860,69.802155483,ok
28,70.819798695547,192,0.504020760,70.838716736,ok
28,70.819798695547,136,0.505265091,70.846849083,ok
28,70.819798695547,96,0.506555268,70.859077367,ok
28,70.819798695547,68,0.507152143,70.878078454,ok
28,70.819798695547,48,0.504326672,70.912583030,ok
28,70.819798695547,34,0.495467923,71.007497335,ok
28,70.819798695547,24,0.853963885,71.120930600,ok
28,70.819798695547,16,1.065620428,71.064891561,ok
29,72.656149070697,192,0.495462039,72.670764267,ok
29,72.656149070697,136,0.493260277,72.676947486,ok
29,72.656149070697,96,0.489670918,72.686238481,ok
29,72.656149070697,68,0.483440039,72.700890790,ok
29,72.656149070697,48,0.470491230,72.729208136,ok
29,72.656149070697,34,0.447782260,72.823535837,ok
29,72.656149070697,24,0.822814640,72.752538033,ok
29,72.656149070697,16,0.746313501,72.498125835,ok
30,74.005428521004,192,0.502760348,74.025343323,ok
30,74.005428521004,136,0.503618329,74.033944740,ok
30,74.005428521004,96,0.504647894,74.046960844,ok
30,74.005428521004,68,0.505876253,74.067516452,ok
30,74.005428521004,48,0.508435653,74.106614092,ok
30,74.005428521004,34,0.550000980,74.219829265,ok
30,74.005428521004,24,0.649706045,73.948773558,ok
30,74.005428521004,16,0.505258750,74.006406529,ok
31,75.622406964031,192,0.508277293,75.637260239,ok
31,75.622406964031,136,0.511637909,75.643752700,ok
31,75.622406964031,96,0.516519680,75.653621314,ok
31,75.622406964031,68,0.523854850,75.669209591,ok
31,75.622406964031,48,0.537643588,75.698360800,ok
31,75.622406964031,34,0.605910879,75.766136360,ok
31,75.622406964031,24,0.606893495,75.646106797,ok
31,75.622406964031,16,0.632033185,75.724364320,ok
32,78.217481270927,192,0.489943202,78.232632871,ok
32,78.217481270927,150,0.486917616,78.236817265,ok
32,78.217481270927,136,0.485451723,78.238788080,ok
32,78.217481270927,105,0.480604557,78.245058105,ok
32,78.217481270927,96,0.478503510,78.247664985,ok
32,78.217481270927,75,0.471082647,78.256392681,ok
32,78.217481270927,68,0.467221866,78.260672389,ok
32,78.217481270927,53,0.453379557,78.274985468,ok
32,78.217481270927,48,0.445250040,78.283070398,ok
32,78.217481270927,38,0.415605719,78.319578849,ok
32,78.217481270927,34,0.402075762,78.360792844,ok
32,78.217481270927,27,0.512045800,78.435882697,ok
32,78.217481270927,24,0.469685116,78.396469936,ok
32,78.217481270927,19,0.473255754,78.461803107,ok
32,78.217481270927,16,0.516160377,78.548612051,ok
33,79.637975751908,192,0.502416223,79.657162842,ok
33,79.637975751908,136,0.502961079,79.665421147,ok
33,79.637975751908,96,0.503167403,79.677916406,ok
33,79.637975751908,68,0.501923869,79.697723161,ok
33,79.637975751908,48,0.495020771,79.736665554,ok
33,79.637975751908,34,0.504315435,79.875315195,ok
33,79.637975751908,24,0.669105420,79.880364047,ok
33,79.637975751908,16,1.059960244,79.706257298,ok
34,81.611987609471,192,0.485561497,81.628590072,ok
34,81.611987609471,136,0.478952003,81.635260730,ok
34,81.611987609471,96,0.468447466,81.644971086,ok
34,81.611987609471,68,0.450450011,81.659773300,ok
34,81.611987609471,48,0.411177073,81.689159367,ok
34,81.611987609471,34,0.321264997,81.834955239,ok
34,81.611987609471,24,0.456782752,82.024070830,ok
34,81.611987609471,16,0.685880342,81.444450585,patched
35,82.470252512222,192,0.513928901,82.491271304,ok
35,82.470252512222,136,0.519561653,82.500934406,ok
35,82.470252512222,96,0.527820192,82.516323127,ok
35,82.470252512222,68,0.540637623,82.542835047,ok
35,82.470252512222,48,0.568125789,82.602962384,ok
35,82.470252512222,34,0.809050854,82.794559482,ok
35,82.470252512222,24,1.052592879,82.288269764,ok
35,82.470252512222,16,0.457883338,82.524370549,ok
36,84.412286638293,192,0.502982316,84.430015642,ok
36,84.412286638293,136,0.504019190,84.437702435,ok
36,84.412286638293,96,0.505391234,84.449413744,ok
36,84.412286638293,68,0.507331570,84.468282372,ok
36,84.412286638293,48,0.512995377,84.507125279,ok
36,84.412286638293,34,0.634949223,84.587897630,ok
36,84.412286638293,24,0.631069516,84.455964331,ok
36,84.412286638293,16,0.635161039,84.597789338,ok
37,86.327646283014,192,0.501260203,86.344214103,ok
37,86.327646283014,136,0.501523951,86.351333987,ok
37,86.327646283014,96,0.501620597,86.362114808,ok
37,86.327646283014,68,0.501111113,86.379345201,ok
37,86.327646283014,48,0.499659433,86.415018597,ok
37,86.327646283014,34,0.586083979,86.505120283,ok
37,86.327646283014,24,0.620930848,86.426644450,ok
37,86.327646283014,16,0.760384338,86.458179363,ok
38,88.652617208539,192,0.481852039,88.669444587,ok
38,88.652617208539,136,0.473747438,88.675928734,ok
38,88.652617208539,96,0.461066978,88.684902668,ok
38,88.652617208539,68,0.439699541,88.697251102,ok
38,88.652617208539,48,0.392184926,88.719058305,ok
38,88.652617208539,34,0.313737707,88.873288189,ok
38,88.652617208539,24,0.419553647,88.942012798,ok
38,88.652617208539,16,0.492184865,89.378294654,ok
39,89.646402756842,192,0.509463817,89.669465021,ok
39,89.646402756842,136,0.512726322,89.679989971,ok
39,89.646402756842,96,0.516616241,89.696840518,ok
39,89.646402756842,68,0.519923912,89.726543179,ok
39,89.646402756842,48,0.518660105,89.801502489,ok
39,89.646402756842,34,0.772309464,90.112653861,ok
39,89.646402756842,24,0.990655227,89.725449865,ok
39,89.646402756842,16,0.944447661,88.916560869,ok
40,91.335610354433,192,0.497015084,91.353974390,ok
40,91.335610354433,175,0.496651547,91.355832232,ok
40,91.335610354433,136,0.495377499,91.362025914,ok
40,91.335610354433,123,0.494718443,91.365080660,ok
40,91.335610354433,96,0.492547832,91.374676326,ok
40,91.335610354433,88,0.491534298,91.378997347,ok
40,91.335610354433,68,0.487286953,91.396818565,ok
40,91.335610354433,62,0.485112000,91.406269665,ok
40,91.335610354433,48,0.478304753,91.455841154,ok
40,91.335610354433,44,0.481420986,91.491806184,ok
40,91.335610354433,34,0.817440850,91.586513308,ok
40,91.335610354433,31,0.699194183,91.325368268,ok
40,91.335610354433,24,0.639672849,91.328978885,ok
40,91.335610354433,22,0.621929688,91.214408038,ok
40,91.335610354433,16,0.503593726,91.448574410,ok
41,92.753464387119,192,0.504095665,92.776109734,ok
41,92.753464387119,136,0.505473538,92.786105682,ok
41,92.753464387119,96,0.507287888,92.801678382,ok
41,92.753464387119,68,0.510015738,92.828157218,ok
41,92.753464387119,48,0.523344427,92.892677293,ok
41,92.753464387119,34,0.790857445,92.777560058,ok
41,92.753464387119,24,0.613398087,92.814005572,ok
41,92.753464387119,16,0.745089066,92.909201974,ok
42,94.394358797163,192,0.507648843,94.411438440,ok
42,94.394358797163,136,0.510708732,94.419035151,ok
42,94.394358797163,96,0.515159478,94.430904643,ok
42,94.394358797163,68,0.522142304,94.451076610,ok
42,94.394358797163,48,0.543328918,94.498914352,ok
42,94.394358797163,34,0.666673573,94.411742719,ok
42,94.394358797163,24,0.647127545,94.460783358,ok
42,94.394358797163,16,0.717675184,94.360852465,ok
43,96.874252089785,192,0.484484103,96.890345904,ok
43,96.874252089785,136,0.477509949,96.896740479,ok
43,96.874252089785,96,0.466475981,96.905890981,ok
43,96.874252089785,68,0.447263533,96.919502172,ok
43,96.874252089785,48,0.400760099,96.952487403,ok
43,96.874252089785,34,0.468643904,97.078530689,ok
43,96.874252089785,24,0.463550293,97.133525551,ok
43,96.874252089785,16,0.567087377,97.084528348,ok
44,98.126454904242,192,0.500860735,98.152731941,ok
44,98.126454904242,136,0.500195184,98.164243383,ok
44,98.126454904242,96,0.497752416,98.182164741,ok
44,98.126454904242,68,0.489548021,98.212903422,ok
44,98.126454904242,48,0.459966799,98.298363724,ok
44,98.126454904242,34,0.757711138,98.401695014,ok
44,98.126454904242,24,0.989433156,98.384070483,ok
44,98.126454904242,16,0.860438560,98.192357227,ok
45,99.533489264059,192,0.503350029,99.551326979,ok
45,99.533489264059,136,0.504383407,99.559528511,ok
45,99.533489264059,96,0.505460798,99.573046796,ok
45,99.533489264059,68,0.505921366,99.599094772,ok
45,99.533489264059,48,0.514985373,99.687276190,ok
45,99.533489264059,34,0.746248643,99.519275740,ok
45,99.533489264059,24,0.677805903,99.352212926,ok
45,99.533489264059,16,0.635648019,99.426639559,ok
46,101.374963467900,192,0.477457389,101.402052823,ok
46,101.374963467900,136,0.466761749,101.412815754,ok
46,101.374963467900,96,0.449483484,101.428540130,ok
46,101.374963467900,68,0.418905299,101.453852531,ok
46,101.374963467900,48,0.349853416,101.530582875,ok
46,101.374963467900,34,0.554425424,101.552229428,ok
46,101.374963467900,24,0.489786593,101.464482511,ok
46,101.374963467900,16,0.459719938,101.516362857,ok
47,102.116361845065,192,0.531439738,102.134416918,ok
47,102.116361845065,136,0.545189708,102.143895870,ok
47,102.116361845065,96,0.566568295,102.160473756,ok
47,102.116361845065,68,0.603786842,102.193748107,ok
47,102.116361845065,48,0.733093897,102.288332781,ok
47,102.116361845065,34,0.701853178,102.026776835,ok
47,102.116361845065,24,0.706141989,102.114836060,ok
47,102.116361845065,16,0.801021907,102.086167110,ok
48,104.765375470165,201,0.490429613,104.781960068,ok
48,104.765375470165,192,0.489942696,104.782738550,ok
48,104.765375470165,141,0.485832436,104.789095405,ok
48,104.765375470165,136,0.485235540,104.789988438,ok
48,104.765375470165,101,0.478941555,104.798996643,ok
48,104.765375470165,96,0.477545098,104.800904678,ok
48,104.765375470165,71,0.465796086,104.816055537,ok
48,104.765375470165,68,0.463372671,104.819071252,ok
48,104.765375470165,51,0.438481447,104.858275627,ok
48,104.765375470165,48,0.433837186,104.877686089,ok
48,104.765375470165,36,0.515801124,104.888583687,ok
48,104.765375470165,34,0.487315660,104.907594409,ok
48,104.765375470165,26,0.515056140,104.921655270,ok
48,104.765375470165,24,0.519691098,104.971003589,ok
48,104.765375470165,16,0.628158234,104.993487688,ok
49,106.246061848876,192,0.498201575,106.269719459,ok
49,106.246061848876,136,0.496622239,106.279993076,ok
49,106.246061848876,96,0.493071575,106.295964027,ok
49,106.246061848876,68,0.483688817,106.323951113,ok
49,106.246061848876,48,0.464109895,106.418365870,ok
49,106.246061848876,34,0.577123293,106.470487075,ok
49,106.246061848876,24,0.778460949,106.506061932,ok
49,106.246061848876,16,0.848751583,106.244042317,ok
50,107.970316117138,192,0.491262112,107.991733250,ok
50,107.970316117138,136,0.486528787,108.000938546,ok
50,107.970316117138,96,0.477716323,108.015336835,ok
50,107.970316117138,68,0.457518177,108.041502338,ok
50,107.970316117138,48,0.400190415,108.152047122,ok
50,107.970316117138,34,0.557306107,108.303007447,ok
50,107.970316117138,24,0.933398788,107.996505275,ok
50,107.970316117138,16,0.610031631,107.918339900,ok
51,109.137603914492,192,0.501457314,109.162519753,ok
51,109.137603914492,136,0.501376538,109.174059159,ok
51,109.137603914492,96,0.500435221,109.193433103,ok
51,109.137603914492,68,0.496762646,109.233368938,ok
51,109.137603914492,48,0.531773156,109.405500788,ok
51,109.137603914492,34,0.927081328,109.246598946,ok
51,109.137603914492,24,0.518201659,108.985949882,ok
51,109.137603914492,16,0.555208748,109.232680078,ok
52,110.523351036813,192,0.505988700,110.547911802,ok
52,110.523351036813,136,0.508230141,110.559186990,ok
52,110.523351036813,96,0.511591709,110.577731376,ok
52,110.523351036813,68,0.518598006,110.614328152,ok
52,110.523351036813,48,0.620423125,110.736572970,ok
52,110.523351036813,34,0.683636825,110.482036340,ok
52,110.523351036813,24,0.532783562,110.601116746,ok
52,110.523351036813,16,0.729137701,110.592602037,ok
53,112.154771842200,192,0.506501813,112.175343077,ok
53,112.154771842200,136,0.509023770,112.184680475,ok
53,112.154771842200,96,0.512731946,112.199807806,ok
53,112.154771842200,68,0.519641460,112.228678353,ok
53,112.154771842200,48,0.600628066,112.306548112,ok
53,112.154771842200,34,0.623524301,112.184857061,ok
53,112.154771842200,24,0.638608536,112.277566959,ok
53,112.154771842200,16,0.670859130,112.147153930,ok
54,114.217148271564,192,0.493616444,114.237079778,ok
54,114.217148271564,136,0.490297811,114.245647837,ok
54,114.217148271564,96,0.484383390,114.258982480,ok
54,114.217148271564,68,0.471763344,114.283316643,ok
54,114.217148271564,48,0.472826573,114.382386804,ok
54,114.217148271564,34,0.562296521,114.354006842,ok
54,114.217148271564,24,0.632255522,114.436505414,ok
54,114.217148271564,16,0.626436753,114.352765659,ok
55,115.898142441843,192,0.491438033,115.921415885,ok
55,115.898142441843,136,0.486737381,115.931348550,ok
55,115.898142441843,96,0.477865328,115.946756543,ok
55,115.898142441843,68,0.456681320,115.975091791,ok
55,115.898142441843,48,0.427758150,116.117494916,ok
55,115.898142441843,34,0.589442536,116.118087030,ok
55,115.898142441843,24,0.874199886,116.113474846,ok
55,115.898142441843,16,0.808225876,116.055175669,ok
56,117.369750996605,225,0.491062030,117.393144357,ok
56,117.369750996605,192,0.489124104,117.397260169,ok
56,117.369750996605,157,0.485867343,117.403664091,ok
56,117.369750996605,136,0.482760385,117.409278129,ok
56,117.369750996605,113,0.477261144,117.418289297,ok
56,117.369750996605,96,0.470181825,117.428595586,ok
56,117.369750996605,79,0.456500785,117.445923831,ok
56,117.369750996605,68,0.437958934,117.467058763,ok
56,117.369750996605,57,0.397320024,117.521050404,ok
56,117.369750996605,48,0.369850447,117.685204117,ok
56,117.369750996605,40,0.610100926,117.668246730,ok
56,117.369750996605,34,0.808034762,117.683268599,ok
56,117.369750996605,29,1.041403941,117.610436910,ok
56,117.369750996605,24,0.751195698,117.164760183,ok
56,117.369750996605,16,0.703909974,117.205714010,ok
57,118.299418307898,192,0.514915413,118.322411271,ok
57,118.299418307898,136,0.521351266,118.334004197,ok
57,118.299418307898,96,0.531800133,118.355044884,ok
57,118.299418307898,68,0.554394195,118.406105707,ok
57,118.299418307898,48,0.882428436,118.593279047,ok
57,118.299418307898,34,0.646654922,118.090365236,ok
57,118.299418307898,24,0.455096539,118.282402752,ok
57,118.299418307898,16,0.483600003,118.319479937,ok
58,120.255182238494,192,0.488094571,120.283532949,ok
58,120.255182238494,136,0.481985367,120.295846693,ok
58,120.255182238494,96,0.471424602,120.315583204,ok
58,120.255182238494,68,0.450316465,120.355760002,ok
58,120.255182238494,48,0.541574244,120.541964787,ok
58,120.255182238494,34,0.548513585,120.396019584,ok
58,120.255182238494,24,0.469537517,120.483001315,ok
58,120.255182238494,16,0.559804092,120.604385924,ok
59,121.278841596507,192,0.521328788,121.299127788,ok
59,121.278841596507,136,0.530633068,121.309171753,ok
59,121.278841596507,96,0.545543486,121.326673960,ok
59,121.278841596507,68,0.576791932,121.365094514,ok
59,121.278841596507,48,0.824658295,121.304338252,ok
59,121.278841596507,34,0.695111988,121.280961794,ok
59,121.278841596507,24,0.837900969,121.289579963,ok
59,121.278841596507,16,0.856301029,121.056866966,ok
60,123.890490659810,192,0.478566567,123.906898853,ok
60,123.890490659810,136,0.468739426,123.913259812,ok
60,123.890490659810,96,0.452403816,123.922383710,ok
60,123.890490659810,68,0.418256195,123.938448136,ok
60,123.890490659810,48,0.393713733,124.068345958,ok
60,123.890490659810,34,0.422984921,124.088801607,ok
60,123.890490659810,24,0.534316353,124.195273871,ok
60,123.890490659810,16,0.548588322,124.059444216,ok
61,125.010783500604,192,0.500493847,125.044468618,ok
61,125.010783500604,136,0.498812316,125.059706743,ok
61,125.010783500604,96,0.493146616,125.084778570,ok
61,125.010783500604,68,0.471773551,125.138342876,ok
61,125.010783500604,48,0.602591714,125.393359009,ok
61,125.010783500604,34,0.806248817,125.375399997,ok
61,125.010783500604,24,0.965885659,124.941653957,ok
61,125.010783500604,16,0.828968702,125.107009148,ok
62,126.397312255835,192,0.503548091,126.419853231,ok
62,126.397312255835,136,0.504236840,126.430844748,ok
62,126.397312255835,96,0.503882202,126.450731446,ok
62,126.397312255835,68,0.498854914,126.502738026,ok
62,126.397312255835,48,0.827147024,126.636456363,ok
62,126.397312255835,34,0.840687982,126.310671721,ok
62,126.397312255835,24,0.551169336,126.306856032,ok
62,126.397312255835,16,0.676974709,126.263148436,ok
63,128.052677184236,192,0.480690988,128.080171639,ok
63,128.052677184236,136,0.471000794,128.092095418,ok
63,128.052677184236,96,0.453864558,128.111964703,ok
63,128.052677184236,68,0.415223398,128.160306760,ok
63,128.052677184236,48,0.818106634,128.454985388,patched
63,128.052677184236,34,0.620454061,128.068613866,patched
63,128.052677184236,24,0.454690703,128.199757359,patched
63,128.052677184236,16,0.469466193,128.091545408,patched
64,128.937236928624,247,0.518341367,128.959335046,ok
64,128.937236928624,192,0.523650603,128.966525991,ok
64,128.937236928624,173,0.526316218,128.970266461,ok
64,128.937236928624,136,0.533904534,128.981369374,ok
64,128.937236928624,124,0.537516785,128.986876994,ok
64,128.937236928624,96,0.550845629,129.008217111,ok
64,128.937236928624,87,0.558159441,129.020364985,ok
64,128.937236928624,68,0.594236769,129.075447091,ok
64,128.937236928624,62,0.633456104,129.115739308,ok
64,128.937236928624,48,0.691865568,128.626182764,ok
64,128.937236928624,44,0.705641154,128.936155584,ok
64,128.937236928624,34,0.591053660,128.918710847,ok
64,128.937236928624,31,0.561712035,128.936331368,ok
64,128.937236928624,24,0.797102922,128.992497333,ok
64,128.937236928624,16,0.729297029,129.046018567,ok
65,130.811369910239,192,0.504694702,130.832072200,ok
65,130.811369910239,136,0.506414619,130.841691014,ok
65,130.811369910239,96,0.508900140,130.858076372,ok
65,130.811369910239,68,0.516639203,130.896398454,ok
65,130.811369910239,48,0.599033922,130.848723276,ok
65,130.811369910239,34,0.583234982,130.891920781,ok
65,130.811369910239,24,0.666096890,130.848401356,ok
65,130.811369910239,16,0.724658273,130.829353125,ok
66,133.032449649301,192,0.475008183,133.052846621,ok
66,133.032449649301,136,0.463209667,133.060639505,ok
66,133.032449649301,96,0.442891298,133.071744140,ok
66,133.032449649301,68,0.395594297,133.094147488,ok
66,133.032449649301,48,0.437092859,133.203695348,ok
66,133.032449649301,34,0.388319694,133.254167166,ok
66,133.032449649301,24,0.521904045,133.314259807,ok
66,133.032449649301,16,0.655020332,133.199424997,ok
67,133.990862643415,192,0.511453429,134.023587765,ok
67,133.990862643415,136,0.514684547,134.039537772,ok
67,133.990862643415,96,0.516772942,134.067964933,ok
67,133.990862643415,68,0.511719420,134.143124875,ok
67,133.990862643415,48,0.732113121,134.151571894,ok
67,133.990862643415,34,0.914132224,134.245108116,ok
67,133.990862643415,24,0.885558232,133.906993223,ok
67,133.990862643415,16,0.678393580,133.928398568,ok
68,135.820891223150,192,0.484304197,135.843094930,ok
68,135.820891223150,136,0.475832997,135.853008174,ok
68,135.820891223150,96,0.459027829,135.870186504,ok
68,135.820891223150,68,0.410657439,135.921037460,ok
68,135.820891223150,48,0.580315281,136.015225915,ok
68,135.820891223150,34,0.895948422,135.939769676,ok
68,135.820891223150,24,0.634353489,135.853000626,ok
68,135.820891223150,16,0.742108782,135.938837289,ok
69,136.826373271550,192,0.503342129,136.862066134,ok
69,136.826373271550,136,0.503616133,136.879637143,ok
69,136.826373271550,96,0.502745422,136.912349364,ok
69,136.826373271550,68,0.504943467,137.012166684,ok
69,136.826373271550,48,0.711044630,136.876645932,ok
69,136.826373271550,34,0.562244370,136.647569723,ok
69,136.826373271550,24,0.588194368,136.843959477,ok
69,136.826373271550,16,0.554894809,136.705787154,ok
70,138.095359556469,192,0.515061374,138.121280852,ok
70,138.095359556469,136,0.521780319,138.134185775,ok
70,138.095359556469,96,0.533746489,138.157909623,ok
70,138.095359556469,68,0.579798710,138.223510428,ok
70,138.095359556469,48,0.626293035,138.111554297,ok
70,138.095359556469,34,0.550898530,138.103903595,ok
70,138.095359556469,24,0.645595023,138.129345769,ok
70,138.095359556469,16,0.604596296,138.174578991,ok
71,139.998280075505,192,0.498491611,140.022423127,ok
71,139.998280075505,136,0.497167178,140.033555400,ok
71,139.998280075505,96,0.494228096,140.052833971,ok
71,139.998280075505,68,0.492560961,140.105538516,ok
71,139.998280075505,48,0.555506693,140.107122350,ok
71,139.998280075505,34,0.554549328,140.114618235,ok
71,139.998280075505,24,0.638588259,140.115772840,ok
71,139.998280075505,16,0.732503952,140.128787081,ok
72,141.647847111849,271,0.498402907,141.664889025,ok
72,141.647847111849,192,0.497311463,141.672234641,ok
72,141.647847111849,190,0.497266033,141.672506660,ok
72,141.647847111849,136,0.495143175,141.683390132,ok
72,141.647847111849,96,0.489960661,141.702609630,ok
72,141.647847111849,95,0.489705914,141.703425582,ok
72,141.647847111849,68,0.477776192,141.757726819,ok
72,141.647847111849,48,0.554245752,141.794191221,ok
72,141.647847111849,34,0.598407898,141.819440098,ok
72,141.647847111849,24,0.700969045,141.748426097,ok
72,141.647847111849,16,0.712054741,141.598784198,ok
73,143.638477145127,192,0.458824375,143.660293048,ok
73,143.638477145127,136,0.439302572,143.666511152,ok
73,143.638477145127,96,0.404935564,143.672376865,ok
73,143.638477145127,68,0.313109174,143.688311148,ok
73,143.638477145127,48,0.275470938,143.817740633,ok
73,143.638477145127,34,0.251537777,143.916689194,ok
73,143.638477145127,24,0.354271370,144.040142678,ok
73,143.638477145127,16,0.412900665,143.758860166,ok
74,144.251663982588,192,0.529372874,144.290619079,ok
74,144.251663982588,136,0.539766531,144.313068093,ok
74,144.251663982588,96,0.551608657,144.359303933,ok
74,144.251663982588,68,0.574023040,144.523457369,ok
74,144.251663982588,48,1.018296146,144.613468059,ok
74,144.251663982588,34,1.376389575,144.206321631,ok
74,144.251663982588,24,1.036604703,143.835689129,ok
74,144.251663982588,16,0.933819322,144.270565893,ok
75,145.919629567447,192,0.494758319,145.946369565,ok
75,145.919629567447,136,0.491559093,145.959554941,ok
75,145.919629567447,96,0.485137720,145.985267999,ok
75,145.919629567447,68,0.485828307,146.085051791,ok
75,145.919629567447,48,0.730310393,145.986132629,ok
75,145.919629567447,34,0.547659821,145.838894245,ok
75,145.919629567447,24,0.518795220,145.995372849,ok
75,145.919629567447,16,0.600812870,145.826004733,ok
76,147.224230281957,192,0.503495737,147.258307970,ok
76,147.224230281957,136,0.504216956,147.274906025,ok
76,147.224230281957,96,0.505041926,147.305959413,ok
76,147.224230281957,68,0.537204957,147.410277175,ok
76,147.224230281957,48,0.676399949,147.244897865,ok
76,147.224230281957,34,0.529672519,147.285629839,ok
76,147.224230281957,24,0.675941382,147.371572161,ok
76,147.224230281957,16,0.526233080,147.341093487,ok
77,148.603136989264,192,0.513213946,148.627657422,ok
77,148.603136989264,136,0.518934564,148.639905994,ok
77,148.603136989264,96,0.528923547,148.662982838,ok
77,148.603136989264,68,0.585342623,148.730163253,ok
77,148.603136989264,48,0.628169759,148.608107953,ok
77,148.603136989264,34,0.617621053,148.684454046,ok
77,148.603136989264,24,0.708982677,148.579547899,ok
77,148.603136989264,16,0.777547348,148.660086899,ok
78,150.716489569813,192,0.487742627,150.738387039,ok
78,150.716489569813,136,0.481222577,150.748052554,ok
78,150.716489569813,96,0.468262346,150.764633136,ok
78,150.716489569813,68,0.438896357,150.827361704,ok
78,150.716489569813,48,0.527871536,150.846124337,ok
78,150.716489569813,34,0.528808966,150.914715990,ok
78,150.716489569813,24,0.616861547,150.841428137,ok
78,150.716489569813,16,0.723516612,150.746226034,ok
79,152.318529151590,192,0.473880937,152.350574571,ok
79,152.318529151590,136,0.459438048,152.363293534,ok
79,152.318529151590,96,0.429781040,152.382499409,ok
79,152.318529151590,68,0.337634436,152.458243957,ok
79,152.318529151590,48,0.445040683,152.598357516,ok
79,152.318529151590,34,0.366714697,152.763868623,ok
79,152.318529151590,24,0.605069103,152.890605599,ok
79,152.318529151590,16,0.523748733,152.358128709,patched
80,153.190716494260,293,0.512554796,153.211453655,ok
80,153.190716494260,205,0.517481556,153.221900404,ok
80,153.190716494260,192,0.518550558,153.224452029,ok
80,153.190716494260,147,0.523447026,153.238142703,ok
80,153.190716494260,136,0.525012483,153.243533267,ok
80,153.190716494260,103,0.530579484,153.272913370,ok
80,153.190716494260,96,0.531746090,153.284896928,ok
80,153.190716494260,74,0.541531359,153.386526430,ok
80,153.190716494260,68,0.577357010,153.472328228,ok
80,153.190716494260,52,0.872552100,153.457652040,ok
80,153.190716494260,48,0.915114671,153.246195011,ok
80,153.190716494260,37,1.253487579,153.118536442,ok
80,153.190716494260,34,1.320511420,152.899664426,ok
80,153.190716494260,24,0.826845769,152.647580260,ok
80,153.190716494260,16,0.774241913,153.273030948,ok
81,154.815216151925,192,0.491439203,154.841460601,ok
81,154.815216151925,136,0.486442007,154.854671957,ok
81,154.815216151925,96,0.475924692,154.882109190,ok
81,154.815216151925,68,0.488468937,155.019693040,ok
81,154.815216151925,48,0.620412343,154.862113074,ok
81,154.815216151925,34,0.518593068,154.736182689,ok
81,154.815216151925,24,0.543572913,154.840781383,ok
81,154.815216151925,16,0.665521502,154.706525112,ok
82,156.136480891007,192,0.493083791,156.179211326,ok
82,156.136480891007,136,0.487904254,156.199872924,ok
82,156.136480891007,96,0.476423448,156.239820844,ok
82,156.136480891007,68,0.499239959,156.417101996,ok
82,156.136480891007,48,0.607604412,156.252172402,ok
82,156.136480891007,34,0.477294191,156.248966710,ok
82,156.136480891007,24,0.597550835,156.325974326,ok
82,156.136480891007,16,0.450274769,156.239949528,ok
83,157.148381276594,192,0.528775146,157.170189918,ok
83,157.148381276594,136,0.542779983,157.182394746,ok
83,157.148381276594,96,0.570412662,157.208145221,ok
83,157.148381276594,68,0.755534798,157.246984610,ok
83,157.148381276594,48,0.655513395,157.120414707,ok
83,157.148381276594,34,0.688929541,157.201695705,ok
83,157.148381276594,24,0.733734866,157.059580277,ok
83,157.148381276594,16,0.800917843,157.171551549,ok
84,159.718252420750,192,0.467279439,159.736068919,ok
84,159.718252420750,136,0.451677020,159.742414459,ok
84,159.718252420750,96,0.422561639,159.751542417,ok
84,159.718252420750,68,0.348664349,159.822050216,ok
84,159.718252420750,48,0.384810767,159.868669602,ok
84,159.718252420750,34,0.352984934,159.948766095,ok
84,159.718252420750,24,0.450521984,160.002250426,ok
84,159.718252420750,16,0.495765984,160.352313565,ok
85,160.568314696626,192,0.513437351,160.609432265,ok
85,160.568314696626,136,0.516526548,160.630451471,ok
85,160.568314696626,96,0.516070990,160.672330696,ok
85,160.568314696626,68,0.575196474,160.848658916,ok
85,160.568314696626,48,0.750703574,160.811323131,ok
85,160.568314696626,34,1.066409945,160.773314477,ok
85,160.568314696626,24,0.951707267,160.470239187,ok
85,160.568314696626,16,0.850437238,159.957393062,ok
86,162.415075570967,192,0.481981628,162.441553288,ok
86,162.415075570967,136,0.470921421,162.453639456,ok
86,162.415075570967,96,0.444224695,162.476630856,ok
86,162.415075570967,68,0.382800471,162.635366878,ok
86,162.415075570967,48,0.581992803,162.761291777,ok
86,162.415075570967,34,0.845775223,162.333042106,ok
86,162.415075570967,24,0.623410189,162.428245720,ok
86,162.415075570967,16,0.516455539,162.694791712,ok
87,163.417951938299,192,0.500702066,163.455473837,ok
87,163.417951938299,136,0.498857195,163.475788130,ok
87,163.417951938299,96,0.491281890,163.521839544,ok
87,163.417951938299,68,0.598324438,163.796327395,ok
87,163.417951938299,48,0.950925113,163.332324856,ok
87,163.417951938299,34,0.449650751,163.297645750,ok
87,163.417951938299,24,0.573277859,163.447857474,ok
87,163.417951938299,16,0.884617802,163.219157349,ok
88,164.674326596558,315,0.504376427,164.695405017,ok
88,164.674326596558,221,0.505963071,164.705274140,ok
88,164.674326596558,192,0.506740088,164.710624144,ok
88,164.674326596558,158,0.508013952,164.720121587,ok
88,164.674326596558,136,0.509227203,164.729885297,ok
88,164.674326596558,111,0.511544653,164.749284783,ok
88,164.674326596558,96,0.514703540,164.772415608,ok
88,164.674326596558,79,0.539335234,164.844106168,ok
88,164.674326596558,68,0.767216256,164.915978667,ok
88,164.674326596558,56,0.742105082,164.685196217,ok
88,164.674326596558,48,0.599860316,164.614281975,ok
88,164.674326596558,40,0.526312003,164.644743114,ok
88,164.674326596558,34,0.500033472,164.780183609,ok
88,164.674326596558,24,0.656371721,164.744760905,ok
88,164.674326596558,16,0.482001643,164.672718690,ok
89,166.066252529276,192,0.511661997,166.095453046,ok
89,166.066252529276,136,0.516841511,166.110659438,ok
89,166.066252529276,96,0.527828287,166.142782298,ok
89,166.066252529276,68,0.702775646,166.157406883,ok
89,166.066252529276,48,0.581967097,166.085666426,ok
89,166.066252529276,34,0.648435936,166.197301847,ok
89,166.066252529276,24,0.667217909,166.073192350,ok
89,166.066252529276,16,0.675704995,166.186502358,ok
90,167.867728531281,192,0.496722631,167.894234121,ok
90,167.867728531281,136,0.494118186,167.907108569,ok
90,167.867728531281,96,0.487679062,167.933055654,ok
90,167.867728531281,68,0.566095396,168.011819318,ok
90,167.867728531281,48,0.553138593,167.964199164,ok
90,167.867728531281,34,0.659077065,168.023798197,ok
90,167.867728531281,24,0.635322354,167.949900550,ok
90,167.867728531281,16,0.750551951,167.911705871,ok
91,169.598284560817,192,0.483206975,169.627004357,ok
91,169.598284560817,136,0.473234898,169.639802373,ok
91,169.598284560817,96,0.449722343,169.663712647,ok
91,169.598284560817,68,0.464090299,169.807578223,ok
91,169.598284560817,48,0.503028778,169.787310851,ok
91,169.598284560817,34,0.760422165,169.847935987,ok
91,169.598284560817,24,0.687884703,169.784728059,ok
91,169.598284560817,16,0.659829139,169.586736928,ok
92,170.847483042399,192,0.496058833,170.882773222,ok
92,170.847483042399,136,0.490855480,170.900574588,ok
92,170.847483042399,96,0.472820750,170.938873260,ok
92,170.847483042399,68,0.573955619,171.153799931,ok
92,170.847483042399,48,0.673038520,171.098356060,ok
92,170.847483042399,34,0.776776956,170.678428330,ok
92,170.847483042399,24,0.759171817,170.763893114,ok
92,170.847483042399,16,0.570310593,170.901500033,ok
93,172.307630253830,192,0.476349057,172.344050789,ok
93,172.307630253830,136,0.460798440,172.361634071,ok
93,172.307630253830,96,0.420155031,172.399471828,ok
93,172.307630253830,68,1.203120379,173.037781443,patched
93,172.307630253830,48,1.008423918,172.578784127,patched
93,172.307630253830,34,0.501906071,172.254025369,patched
93,172.307630253830,24,0.545744521,172.293610433,patched
93,172.307630253830,16,0.914129040,172.472033032,patched
94,173.060233619416,192,0.528808115,173.095151198,ok
94,173.060233619416,136,0.543417234,173.117064442,ok
94,173.060233619416,96,0.577542620,173.175839991,ok
94,173.060233619416,68,0.397479877,172.696593366,ok
94,173.060233619416,48,0.488390452,172.813945975,ok
94,173.060233619416,34,0.566468471,173.146970588,ok
94,173.060233619416,24,0.606422548,173.095329754,ok
94,173.060233619416,16,0.440458956,172.844431405,ok
95,174.971359930670,192,0.484056860,175.008681969,ok
95,174.971359930670,136,0.474560976,175.026761066,ok
95,174.971359930670,96,0.453780015,175.066037463,ok
95,174.971359930670,68,0.625367418,175.125532228,ok
95,174.971359930670,48,0.565720734,175.076508994,ok
95,174.971359930670,34,0.538658151,175.247257532,ok
95,174.971359930670,24,0.635027575,175.217070729,ok
95,174.971359930670,16,0.474780086,175.133567821,ok
96,175.930081815384,337,0.515020323,175.944839566,ok
96,175.930081815384,236,0.521643106,175.952090430,ok
96,175.930081815384,192,0.526920159,175.958208049,ok
96,175.930081815384,169,0.530949872,175.963084903,ok
96,175.930081815384,136,0.539834411,175.974449289,ok
96,175.930081815384,118,0.547912220,175.985414883,ok
96,175.930081815384,96,0.568305153,176.013222876,ok
96,175.930081815384,85,0.601538057,176.045115485,ok
96,175.930081815384,68,0.678336095,175.873735368,ok
96,175.930081815384,59,0.668449930,175.889362672,ok
96,175.930081815384,48,0.648310896,175.915297414,ok
96,175.930081815384,43,0.653098915,175.972550691,ok
96,175.930081815384,34,0.829102469,175.835742320,ok
96,175.930081815384,24,0.726994818,175.767432558,ok
96,175.930081815384,16,0.835304734,175.923463272,ok
97,178.256167655476,192,0.476122363,178.277005220,ok
97,178.256167655476,136,0.463373558,178.285799984,ok
97,178.256167655476,96,0.434170352,178.302864644,ok
97,178.256167655476,68,0.472174605,178.392313632,ok
97,178.256167655476,48,0.470803954,178.405695454,ok
97,178.256167655476,34,0.584064880,178.430303408,ok
97,178.256167655476,24,0.556831184,178.415876848,ok
97,178.256167655476,16,0.763398915,178.328269872,ok
98,179.518833457922,192,0.477237114,179.563573814,ok
98,179.518833457922,136,0.460957136,179.583275627,ok
98,179.518833457922,96,0.415728453,179.621057988,ok
98,179.518833457922,68,0.491407306,179.820135567,ok
98,179.518833457922,48,0.498015604,179.892999715,ok
98,179.518833457922,34,0.824270052,179.644004034,patched
98,179.518833457922,24,0.928621293,179.717635188,patched
98,179.518833457922,16,0.491803336,179.432824467,patched
99,180.431386810031,192,0.521891872,180.466321411,ok
99,180.431386810031,136,0.530293146,180.489175780,ok
99,180.431386810031,96,0.541762044,180.555878296,ok
99,180.431386810031,68,0.867079116,180.471087474,ok
99,180.431386810031,48,0.987245356,180.348890405,ok
99,180.431386810031,34,0.572237275,180.288746938,ok
99,180.431386810031,24,0.536033908,180.185397320,ok
99,180.431386810031,16,0.685893989,180.610286237,ok
100,182.192116598912,192,0.473637229,182.221280839,ok
100,182.192116598912,136,0.458471205,182.236138837,ok
100,182.192116598912,96,0.420932822,182.275862421,ok
100,182.192116598912,68,0.584706582,182.327710950,ok
100,182.192116598912,48,0.620691859,182.269266199,ok
100,182.192116598912,34,0.513326727,182.311974043,ok
100,182.192116598912,24,0.483289034,182.241469431,ok
100,182.192116598912,16,0.829112710,182.058696721,ok
101,183.086900528491,192,0.515896955,183.136755561,ok
101,183.086900528491,136,0.522050768,183.165242530,ok
101,183.086900528491,96,0.537823084,183.240534125,ok
101,183.086900528491,68,0.669904676,183.100638580,ok
101,183.086900528491,48,0.633408295,183.076132705,ok
101,183.086900528491,34,0.727739228,183.151608315,ok
101,183.086900528491,24,0.683431882,183.234070484,ok
101,183.086900528491,16,0.375968122,183.099729935,ok
102,184.431819560809,192,0.519357297,184.459934821,ok
102,184.431819560809,136,0.529114351,184.475952835,ok
102,184.431819560809,96,0.556199462,184.516580423,ok
102,184.431819560809,68,0.600099254,184.450917360,ok
102,184.431819560809,48,0.611189916,184.445170762,ok
102,184.431819560809,34,0.651160841,184.404968855,ok
102,184.431819560809,24,0.713779594,184.390274830,ok
102,184.431819560809,16,0.729214938,184.588115881,ok
103,186.467254959950,192,0.486829369,186.492987924,ok
103,186.467254959950,136,0.478894775,186.505437191,ok
103,186.467254959950,96,0.459087444,186.535160299,ok
103,186.467254959950,68,0.500056053,186.571551201,ok
103,186.467254959950,48,0.530918621,186.598324880,ok
103,186.467254959950,34,0.574228342,186.592443645,ok
103,186.467254959950,24,0.629395164,186.555663359,ok
103,186.467254959950,16,0.814401065,186.473416572,ok
104,188.004432724511,360,0.487918380,188.023795645,ok
104,188.004432724511,252,0.481828134,188.031952151,ok
104,188.004432724511,192,0.474559123,188.040550969,ok
104,188.004432724511,180,0.472301954,188.043000944,ok
104,188.004432724511,136,0.458315985,188.056295261,ok
104,188.004432724511,126,0.452579382,188.060998444,ok
104,188.004432724511,96,0.413256672,188.090236306,ok
104,188.004432724511,90,0.395432160,188.108716185,ok
104,188.004432724511,68,0.440903802,188.190464124,ok
104,188.004432724511,63,0.488856912,188.238773897,ok
104,188.004432724511,48,0.498498141,188.294973285,ok
104,188.004432724511,45,0.491338302,188.344713525,ok
104,188.004432724511,34,0.621000700,188.337710446,ok
104,188.004432724511,24,0.672069256,188.174632897,ok
104,188.004432724511,16,0.486256655,187.919577421,ok
105,189.001067145021,192,0.511842511,189.041549691,ok
105,189.001067145021,136,0.513411733,189.065899670,ok
105,189.001067145021,96,0.506101051,189.137650503,ok
105,189.001067145021,68,0.674294047,189.209097463,ok
105,189.001067145021,48,0.933744621,189.062747094,ok
105,189.001067145021,34,0.868374668,188.810875117,ok
105,189.001067145021,24,0.715971754,188.898568424,ok
105,189.001067145021,16,0.658040710,189.259719698,ok
106,190.601924735044,192,0.480233283,190.632373969,ok
106,190.601924735044,136,0.466922796,190.649202657,ok
106,190.601924735044,96,0.427124371,190.702122463,ok
106,190.601924735044,68,0.546465999,190.820664679,ok
106,190.601924735044,48,0.696574051,190.613358413,ok
106,190.601924735044,34,0.583161871,190.566172833,ok
106,190.601924735044,24,0.605459028,190.604821506,ok
106,190.601924735044,16,0.866575007,190.405399946,ok
107,191.630396675495,192,0.499042829,191.682650652,ok
107,191.630396675495,136,0.495581428,191.712889701,ok
107,191.630396675495,96,0.487106034,191.805277023,ok
107,191.630396675495,68,0.758823571,191.819754841,ok
107,191.630396675495,48,0.580374481,191.605323190,ok
107,191.630396675495,34,0.531427275,191.702598869,ok
107,191.630396675495,24,0.560011255,191.693558913,ok
107,191.630396675495,16,0.345195744,191.642838706,ok
108,192.710197236518,192,0.528084344,192.742202460,ok
108,192.710197236518,136,0.543509159,192.762033860,ok
108,192.710197236518,96,0.597193582,192.820273826,ok
108,192.710197236518,68,0.690538451,192.659292421,ok
108,192.710197236518,48,0.593141759,192.716188579,ok
108,192.710197236518,34,0.666051669,192.747765768,ok
108,192.710197236518,24,0.686510561,192.723088978,ok
108,192.710197236518,16,0.749857702,192.847589010,ok
109,194.664864109039,192,0.491849980,194.694656620,ok
109,194.664864109039,136,0.486273972,194.710116551,ok
109,194.664864109039,96,0.473784189,194.753268863,ok
109,194.664864109039,68,0.552216671,194.779621346,ok
109,194.664864109039,48,0.544825678,194.786026802,ok
109,194.664864109039,34,0.616331890,194.809702637,ok
109,194.664864109039,24,0.667000892,194.774957293,ok
109,194.664864109039,16,0.719093490,194.688829006,ok
110,196.108458364151,192,0.494187053,196.142590805,ok
110,196.108458364151,136,0.488553987,196.160360700,ok
110,196.108458364151,96,0.471307450,196.210839284,ok
110,196.108458364151,68,0.574379509,196.261172219,ok
110,196.108458364151,48,0.607833413,196.278460854,ok
110,196.108458364151,34,0.728365463,196.209458294,ok
110,196.108458364151,24,0.695832405,196.114029901,ok
110,196.108458364151,16,0.625986136,196.120018124,ok
111,197.699606489158,192,0.481397314,197.732605274,ok
111,197.699606489158,136,0.467724349,197.748660182,ok
111,197.699606489158,96,0.422146382,197.796172015,ok
111,197.699606489158,68,0.523169441,197.927579182,ok
111,197.699606489158,48,0.628940489,197.983133570,ok
111,197.699606489158,34,0.736238409,197.745344816,ok
111,197.699606489158,24,0.611234637,197.763495168,ok
111,197.699606489158,16,0.705189782,197.761331386,ok
112,199.008858798638,381,0.486297304,199.032095332,ok
112,199.008858798638,267,0.478853630,199.041954602,ok
112,199.008858798638,192,0.466832587,199.055247833,ok
112,199.008858798638,191,0.466576213,199.055503200,ok
112,199.008858798638,136,0.440984829,199.076926707,ok
112,199.008858798638,134,0.439237593,199.078166551,ok
112,199.008858798638,96,0.353959109,199.137766649,ok
112,199.008858798638,68,1.177567317,199.491918154,patched
112,199.008858798638,67,0.416633103,199.405773867,ok
112,199.008858798638,48,1.122437616,198.989045328,patched
112,199.008858798638,34,0.618145180,198.962737729,patched
112,199.008858798638,24,0.847192068,199.182148930,patched
112,199.008858798638,16,0.535252568,199.016382707,patched
113,199.681423183603,192,0.538498514,199.720721574,ok
113,199.681423183603,136,0.559654552,199.752495097,ok
113,199.681423183603,96,0.633785492,199.886657052,ok
113,199.681423183603,68,0.383240241,199.394547575,ok
113,199.681423183603,48,0.386439571,199.534486840,ok
113,199.681423183603,34,0.545404921,199.681448437,ok
113,199.681423183603,24,0.476582082,199.463259877,ok
113,199.681423183603,16,0.719535338,199.675198225,ok
114,201.588006636177,192,0.468222108,201.629434488,ok
114,201.588006636177,136,0.448770284,201.650305983,ok
114,201.588006636177,96,0.399313336,201.721793668,ok
114,201.588006636177,68,0.576219761,201.709331058,ok
114,201.588006636177,48,0.472994968,201.675612332,ok
114,201.588006636177,34,0.474218225,201.843076599,ok
114,201.588006636177,24,0.463440157,201.724939198,ok
114,201.588006636177,16,0.630763427,201.588023726,ok
115,202.354900753127,192,0.540567249,202.393174377,ok
115,202.354900753127,136,0.562093678,202.419195759,ok
115,202.354900753127,96,0.647002293,202.505135192,ok
115,202.354900753127,68,0.644462463,202.297279589,ok
115,202.354900753127,48,0.670580201,202.401670212,ok
115,202.354900753127,34,0.853590983,202.243374541,ok
115,202.354900753127,24,0.794760125,202.361103957,ok
115,202.354900753127,16,0.585597422,202.386930143,ok
116,204.341566860435,192,0.493781351,204.370179803,ok
116,204.341566860435,136,0.488843070,204.385663549,ok
116,204.341566860435,96,0.480212946,204.437695969,ok
116,204.341566860435,68,0.540155662,204.424241898,ok
116,204.341566860435,48,0.564812660,204.469721628,ok
116,204.341566860435,34,0.612356646,204.406321317,ok
116,204.341566860435,24,0.681946708,204.404879060,ok
116,204.341566860435,16,0.777426692,204.488617812,ok
117,206.044349753669,192,0.470744452,206.075050650,ok
117,206.044349753669,136,0.452005941,206.088564826,ok
117,206.044349753669,96,0.392675225,206.136059676,ok
117,206.044349753669,68,0.458222541,206.204418791,ok
117,206.044349753669,48,0.483975992,206.326381195,ok
117,206.044349753669,34,0.583624446,206.248515878,ok
117,206.044349753669,24,0.670424459,206.108836341,ok
117,206.044349753669,16,0.712645044,205.855882852,ok
118,207.140302536268,192,0.491757610,207.191437331,ok
118,207.140302536268,136,0.478743760,207.220147977,ok
118,207.140302536268,96,0.424127077,207.327865509,ok
118,207.140302536268,68,0.606092909,207.417246486,ok
118,207.140302536268,48,1.150024595,207.323349874,ok
118,207.140302536268,34,0.858302898,207.169952841,ok
118,207.140302536268,24,0.609737993,207.174288409,ok
118,207.140302536268,16,0.318845273,207.237975127,ok
119,208.239005690982,192,0.509584079,208.277935425,ok
119,208.239005690982,136,0.511467992,208.306013797,ok
119,208.239005690982,96,0.531166839,208.439555199,ok
119,208.239005690982,68,0.765026493,208.310792476,ok
119,208.239005690982,48,0.552313752,207.994957412,ok
119,208.239005690982,34,0.584019313,208.115511367,ok
119,208.239005690982,24,0.697458020,208.228949089,ok
119,208.239005690982,16,1.058229264,208.408148355,ok
120,209.681812464747,401,0.494821546,209.699386375,ok
120,209.681812464747,281,0.492109785,209.707363561,ok
120,209.681812464747,201,0.487878389,209.719115676,ok
120,209.681812464747,192,0.487093962,209.721241759,ok
120,209.681812464747,141,0.479341226,209.742079139,ok
120,209.681812464747,136,0.477989554,209.745774447,ok
120,209.681812464747,101,0.464225680,209.820920243,ok
120,209.681812464747,96,0.473310767,209.858461024,ok
120,209.681812464747,71,0.626204137,209.713612135,ok
120,209.681812464747,68,0.622631211,209.777281519,ok
120,209.681812464747,51,0.540426450,209.670221903,ok
120,209.681812464747,48,0.500263882,209.673069808,ok
120,209.681812464747,34,0.526340405,209.728660750,ok
120,209.681812464747,24,0.590444084,209.655946752,ok
120,209.681812464747,16,0.469546825,209.421558858,ok
121,210.868807593637,192,0.503406286,210.922830497,ok
121,210.868807593637,136,0.502430685,210.955845658,ok
121,210.868807593637,96,0.535032720,211.089636644,ok
121,210.868807593637,68,0.662385234,210.962642705,ok
121,210.868807593637,48,0.540568282,210.994999856,ok
121,210.868807593637,34,0.629395675,211.022700950,ok
121,210.868807593637,24,0.565476160,210.987997453,ok
121,210.868807593637,16,0.392666878,211.098491830,ok
122,211.984134746517,192,0.528976693,212.011844479,ok
122,211.984134746517,136,0.545847866,212.030534188,ok
122,211.984134746517,96,0.644345632,212.082543939,ok
122,211.984134746517,68,0.638351886,211.959618170,ok
122,211.984134746517,48,0.663801537,212.017855456,ok
122,211.984134746517,34,0.697228268,211.932902821,ok
122,211.984134746517,24,0.728129926,211.958388941,ok
122,211.984134746517,16,0.915167977,211.977887149,ok
123,214.575936417903,192,0.414032235,214.560435465,ok
123,214.575936417903,136,0.380785899,214.546838990,ok
123,214.575936417903,96,0.284256799,214.538832817,ok
123,214.575936417903,68,0.271581228,214.614731871,ok
123,214.575936417903,48,0.226986818,214.641224496,ok
123,214.575936417903,34,0.243899242,214.700616234,ok
123,214.575936417903,24,0.248553430,214.785074181,ok
123,214.575936417903,16,0.355383997,214.909660469,ok
124,214.921126188652,192,0.554309851,215.015451834,ok
124,214.921126188652,136,0.560483132,215.071936829,ok
124,214.921126188652,96,0.585796877,215.275381358,ok
124,214.921126188652,68,0.873883221,215.269864497,ok
124,214.921126188652,48,1.155310320,215.295138222,ok
124,214.921126188652,34,1.167214513,214.976438298,ok
124,214.921126188652,24,1.109279524,214.756333711,ok
124,214.921126188652,16,0.882022273,214.581068828,ok
125,216.751745568453,192,0.485447651,216.785458433,ok
125,216.751745568453,136,0.471223307,216.805899050,ok
125,216.751745568453,96,0.429520719,216.923333352,ok
125,216.751745568453,68,0.656703898,216.948613760,ok
125,216.751745568453,48,0.787449442,216.693536968,ok
125,216.751745568453,34,0.589558805,216.721983403,ok
125,216.751745568453,24,0.517045502,216.873120447,ok
125,216.751745568453,16,0.685355397,217.016326280,ok
126,217.955809966512,192,0.477282501,218.001200802,ok
126,217.955809966512,136,0.457908801,218.030162507,ok
126,217.955809966512,96,0.410199945,218.198497539,ok
126,217.955809966512,68,0.795011764,218.051940122,ok
126,217.955809966512,48,0.540694423,217.840838567,ok
126,217.955809966512,34,0.513553497,218.038724132,ok
126,217.955809966512,24,0.879616738,218.035196019,ok
126,217.955809966512,16,0.764484131,217.706695843,ok
127,218.877069206881,192,0.519821324,218.930921085,ok
127,218.877069206881,136,0.530200829,218.969912066,ok
127,218.877069206881,96,0.681376525,219.164630076,ok
127,218.877069206881,68,0.611018938,218.774727303,ok
127,218.877069206881,48,0.501082463,218.930944827,ok
127,218.877069206881,34,0.698108739,218.949860335,ok
127,218.877069206881,24,0.481730222,218.737834671,ok
127,218.877069206881,16,0.438121570,218.903848392,ok
128,220.251865356446,421,0.506779523,220.267480492,ok
128,220.251865356446,295,0.509642797,220.274818895,ok
128,220.251865356446,211,0.513646792,220.285724110,ok
128,220.251865356446,192,0.515146380,220.289963026,ok
128,220.251865356446,148,0.520975840,220.306797471,ok
128,220.251865356446,136,0.523941106,220.315212626,ok
128,220.251865356446,106,0.555591812,220.368891331,ok
128,220.251865356446,96,0.643606943,220.390485945,ok
128,220.251865356446,74,0.586623987,220.276957618,ok
128,220.251865356446,68,0.578619568,220.268710761,ok
128,220.251865356446,53,0.571224253,220.289150431,ok
128,220.251865356446,48,0.596978329,220.354544271,ok
128,220.251865356446,34,0.664772369,220.248679763,ok
128,220.251865356446,24,0.574857849,220.350323720,ok
128,220.251865356446,16,0.689384873,220.381165023,ok
129,221.895406284374,192,0.498222736,221.929332547,ok
129,221.895406284374,136,0.495334133,221.949868166,ok
129,221.895406284374,96,0.537219477,222.031414144,ok
129,221.895406284374,68,0.553558761,221.975179015,ok
129,221.895406284374,48,0.609553404,222.031634006,ok
129,221.895406284374,34,0.620072792,221.948360610,ok
129,221.895406284374,24,0.728411159,222.020229696,ok
129,221.895406284374,16,0.736959461,221.886069161,ok
130,223.547587458248,192,0.480319793,223.582427868,ok
130,223.547587458248,136,0.465076945,223.600997293,ok
130,223.547587458248,96,0.444322193,223.704429427,ok
130,223.547587458248,68,0.505244799,223.697125976,ok
130,223.547587458248,48,0.619089325,223.792256654,ok
130,223.547587458248,34,0.616274226,223.699838824,ok
130,223.547587458248,24,0.752470791,223.514190360,ok
130,223.547587458248,16,0.611922160,223.560032230,ok
131,224.825568423127,192,0.487186227,224.869920890,ok
131,224.825568423127,136,0.471884282,224.895846794,ok
131,224.825568423127,96,0.454358879,225.049330177,ok
131,224.825568423127,68,0.574153950,225.052571153,ok
131,224.825568423127,48,0.920173016,224.913799187,ok
131,224.825568423127,34,0.780411784,224.902030064,ok
131,224.825568423127,24,0.500706931,224.793172189,ok
131,224.825568423127,16,0.666137207,224.902964725,ok
132,226.113045751289,192,0.484346690,226.157575067,ok
132,226.113045751289,136,0.465769213,226.187028769,ok
132,226.113045751289,96,0.444055518,226.393419533,ok
132,226.113045751289,68,0.690874750,226.408982826,ok
132,226.113045751289,48,0.656252251,225.937186970,ok
132,226.113045751289,34,0.667811438,226.019130969,ok
132,226.113045751289,24,0.562786090,226.463118149,ok
132,226.113045751289,16,0.647001258,226.068689486,ok
133,227.163954811853,192,0.500225590,227.215845647,ok
133,227.163954811853,136,0.495702641,227.255743957,ok
133,227.163954811853,96,0.635830421,227.528788314,ok
133,227.163954811853,68,0.832175186,227.124604316,ok
133,227.163954811853,48,0.466617156,227.144323613,ok
133,227.163954811853,34,0.510354635,227.159870191,ok
133,227.163954811853,24,0.895620533,226.876381359,ok
133,227.163954811853,16,0.599779669,227.237853874,ok
134,228.310362968067,192,0.515265933,228.355758893,ok
134,228.310362968067,136,0.525160036,228.389315922,ok
134,228.310362968067,96,0.784115942,228.459732773,ok
134,228.310362968067,68,0.615241029,228.260851014,ok
134,228.310362968067,48,0.555146395,228.414871437,ok
134,228.310362968067,34,0.605434729,228.398332755,ok
134,228.310362968067,24,0.449787628,228.292730535,ok
134,228.310362968067,16,0.671255372,228.236253992,ok
135,229.860320759958,192,0.498250291,229.904227855,ok
135,229.860320759958,136,0.495121544,229.932821262,ok
135,229.860320759958,96,0.616574165,230.019707007,ok
135,229.860320759958,68,0.586664827,229.925275262,ok
135,229.860320759958,48,0.610574924,230.032298786,ok
135,229.860320759958,34,0.677955830,229.987873427,ok
135,229.860320759958,24,0.583130499,230.102054693,ok
135,229.860320759958,16,0.545363518,229.936443574,ok
136,231.112666766788,442,0.506101174,231.126365338,ok
136,231.112666766788,309,0.508624941,231.132812501,ok
136,231.112666766788,221,0.511964292,231.142291880,ok
136,231.112666766788,192,0.513774371,231.147986515,ok
136,231.112666766788,155,0.517288697,231.160376733,ok
136,231.112666766788,136,0.520364182,231.172350869,ok
136,231.112666766788,111,0.537845603,231.213332198,ok
136,231.112666766788,96,0.643124947,231.204401646,ok
136,231.112666766788,78,0.590814209,231.167752703,ok
136,231.112666766788,68,0.606481633,231.150373891,ok
136,231.112666766788,56,0.615900950,231.174958504,ok
136,231.112666766788,48,0.711567971,231.149830556,ok
136,231.112666766788,34,0.684404950,231.069700888,ok
136,231.112666766788,24,0.834492342,231.044367126,ok
136,231.112666766788,16,0.766364211,231.169366407,ok
137,233.247327885644,192,0.449874825,233.265422647,ok
137,233.247327885644,136,0.418567912,233.269800141,ok
137,233.247327885644,96,0.344949539,233.372094550,ok
137,233.247327885644,68,0.390968785,233.394531698,ok
137,233.247327885644,48,0.422775862,233.535164745,ok
137,233.247327885644,34,0.511941163,233.464670804,ok
137,233.247327885644,24,0.643210918,233.234375197,ok
137,233.247327885644,16,0.832023012,233.158466925,ok
138,234.062185827723,192,0.496429747,234.133544201,ok
138,234.062185827723,136,0.476706400,234.179097376,ok
138,234.062185827723,96,0.523310991,234.459860966,ok
138,234.062185827723,68,0.742942326,234.415205483,ok
138,234.062185827723,48,1.090315875,233.972315371,ok
138,234.062185827723,34,0.849147677,234.039197515,ok
138,234.062185827723,24,0.462301216,234.167287536,ok
138,234.062185827723,16,0.296353428,234.057736185,ok
139,235.190183680595,192,0.514027438,235.234052378,ok
139,235.190183680595,136,0.516969215,235.273738059,ok
139,235.190183680595,96,0.829890312,235.455151556,ok
139,235.190183680595,68,0.787803887,235.122504669,ok
139,235.190183680595,48,0.506330435,235.079438954,ok
139,235.190183680595,34,0.600691869,235.115149695,ok
139,235.190183680595,24,0.878234147,235.255862353,ok
139,235.190183680595,16,0.882912440,235.499407806,ok
140,236.667423278931,192,0.480538236,236.708424311,ok
140,236.667423278931,136,0.464707195,236.739583734,ok
140,236.667423278931,96,0.668903576,236.884158265,ok
140,236.667423278931,68,0.603289205,236.713429957,ok
140,236.667423278931,48,0.481641803,236.737815846,ok
140,236.667423278931,34,0.561306199,236.717367911,ok
140,236.667423278931,24,0.579254177,236.501182155,ok
140,236.667423278931,16,0.637944902,236.348232098,ok
141,237.799847538519,192,0.494936711,237.866034325,ok
141,237.799847538519,136,0.486189466,237.913378584,ok
141,237.799847538519,96,0.817929092,237.944524221,ok
141,237.799847538519,68,0.620290314,237.882378268,ok
141,237.799847538519,48,0.600175338,238.037275998,ok
141,237.799847538519,34,0.628691696,237.926002477,ok
141,237.799847538519,24,0.412766264,237.935134639,ok
141,237.799847538519,16,0.350389238,237.918796338,ok
142,238.781519275041,192,0.540621773,238.814928645,ok
142,238.781519275041,136,0.569975125,238.843263649,ok
142,238.781519275041,96,0.648276781,238.664983844,ok
142,238.781519275041,68,0.630097702,238.749594250,ok
142,238.781519275041,48,0.748776296,238.703016450,ok
142,238.781519275041,34,0.677140170,238.712837854,ok
142,238.781519275041,24,0.820420897,238.833646762,ok
142,238.781519275041,16,0.841119879,238.862897766,ok
143,240.954621619925,192,0.473317210,240.982919166,ok
143,240.954621619925,136,0.453698097,240.999008518,ok
143,240.954621619925,96,0.494041428,241.074214409,ok
143,240.954621619925,68,0.487102432,241.083203845,ok
143,240.954621619925,48,0.559756226,241.114562664,ok
143,240.954621619925,34,0.572083154,241.130104155,ok
143,240.954621619925,24,0.740993611,241.037306566,ok
143,240.954621619925,16,0.769273364,241.016458716,ok
144,242.135551632678,463,0.496018727,242.154831795,ok
144,242.135551632678,324,0.493563209,242.163366262,ok
144,242.135551632678,232,0.489268435,242.175315809,ok
144,242.135551632678,192,0.484993503,242.184934656,ok
144,242.135551632678,162,0.478680895,242.196715490,ok
144,242.135551632678,136,0.466434151,242.215664904,ok
144,242.135551632678,116,0.444157995,242.258158115,ok
144,242.135551632678,96,0.563703555,242.322742846,ok
144,242.135551632678,81,0.533655053,242.326851704,ok
144,242.135551632678,68,0.590185502,242.353702014,ok
144,242.135551632678,58,0.602851859,242.406648618,ok
144,242.135551632678,48,0.739355938,242.257895161,ok
144,242.135551632678,34,0.799273793,242.201571193,ok
144,242.135551632678,24,0.562167328,242.052922217,ok
144,242.135551632678,16,0.551949781,242.013239862,ok
145,243.490322225724,192,0.479978023,243.541068028,ok
145,243.490322225724,136,0.452869855,243.574458807,ok
145,243.490322225724,96,0.574750183,243.755937681,ok
145,243.490322225724,68,0.709628923,243.851157403,ok
145,243.490322225724,48,0.737396876,243.500578136,ok
145,243.490322225724,34,0.672522443,243.420160927,ok
145,243.490322225724,24,0.517923555,243.732373350,ok
145,243.490322225724,16,0.433280023,243.681170375,ok
146,244.456220186348,192,0.512726042,244.502145412,ok
146,244.456220186348,136,0.515243039,244.547256493,ok
146,244.456220186348,96,0.780917417,244.491212161,ok
146,244.456220186348,68,0.800609765,244.262148331,ok
146,244.456220186348,48,0.558981557,244.381136389,ok
146,244.456220186348,34,0.527700692,244.432900353,ok
146,244.456220186348,24,0.864275750,244.303811469,ok
146,244.456220186348,16,0.974203836,244.401897168,ok
147,246.302824434501,192,0.357042034,246.257202180,ok
147,246.302824434501,136,0.307302353,246.246072822,ok
147,246.302824434501,96,0.297358187,246.356732713,ok
147,246.302824434501,68,0.349292711,246.367668799,ok
147,246.302824434501,48,0.293139186,246.298920527,ok
147,246.302824434501,34,0.257923898,246.324836537,ok
147,246.302824434501,24,0.425262096,246.162848595,ok
147,246.302824434501,16,0.451881493,245.996453167,ok
148,246.414896476564,192,0.648941334,246.571111625,ok
148,246.414896476564,136,0.697346132,246.674164277,ok
148,246.414896476564,96,0.997311348,246.456415252,ok
148,246.414896476564,68,0.868521822,246.355802415,ok
148,246.414896476564,48,0.941830164,246.550912093,ok
148,246.414896476564,34,1.049863098,246.509016394,ok
148,246.414896476564,24,0.702754748,246.610795538,ok
148,246.414896476564,16,0.598258905,246.755515480,ok
149,248.391247539970,192,0.504571334,248.427014615,ok
149,248.391247539970,136,0.507113859,248.454249795,ok
149,248.391247539970,96,0.558079586,248.438111000,ok
149,248.391247539970,68,0.557942553,248.449052699,ok
149,248.391247539970,48,0.609754878,248.442309100,ok
149,248.391247539970,34,0.604096248,248.414483550,ok
149,248.391247539970,24,0.695065390,248.450871033,ok
149,248.391247539970,16,0.788855289,248.416895286,ok
150,250.156285744909,192,0.470527377,250.192453917,ok
150,250.156285744909,136,0.446064848,250.214106248,ok
150,250.156285744909,96,0.478398154,250.269931283,ok
150,250.156285744909,68,0.479799450,250.309330619,ok
150,250.156285744909,48,0.557765901,250.341722703,ok
150,250.156285744909,34,0.568325480,250.340997948,ok
150,250.156285744909,24,0.707284269,250.244528043,ok
150,250.156285744909,16,0.611384559,250.140130802,ok
151,251.207296474379,192,0.503012002,251.258379655,ok
151,251.207296474379,136,0.494889862,251.297780418,ok
151,251.207296474379,96,0.582259248,251.341165813,ok
151,251.207296474379,68,0.664169922,251.382549224,ok
151,251.207296474379,48,0.761942542,251.255902857,ok
151,251.207296474379,34,0.788675322,251.212113917,ok
151,251.207296474379,24,0.612975795,251.128886270,ok
151,251.207296474379,16,0.644423944,251.269860909,ok
152,252.933350897017,484,0.483501774,252.947134406,ok
152,252.933350897017,339,0.475587536,252.952600274,ok
152,252.933350897017,242,0.463444798,252.959697017,ok
152,252.933350897017,192,0.449812643,252.966076890,ok
152,252.933350897017,170,0.439153998,252.970141638,ok
152,252.933350897017,136,0.403299846,252.981168132,ok
152,252.933350897017,121,0.360851912,253.001758281,ok
152,252.933350897017,96,0.399435166,253.098889587,ok
152,252.933350897017,85,0.385991576,253.140383195,ok
152,252.933350897017,68,0.397463183,253.238569549,ok
152,252.933350897017,61,0.388959799,253.305554058,ok
152,252.933350897017,48,0.550121272,253.465228755,ok
152,252.933350897017,34,0.479282367,253.601365596,ok
152,252.933350897017,24,0.506001685,253.118140210,ok
152,252.933350897017,16,0.731957471,252.898153368,ok
153,253.682825985490,192,0.506836991,253.758028562,ok
153,253.682825985490,136,0.491277016,253.831543377,ok
153,253.682825985490,96,0.718625984,253.951973903,ok
153,253.682825985490,68,1.190726525,253.639720805,ok
153,253.682825985490,48,0.799128324,253.146106632,ok
153,253.682825985490,34,0.752455831,252.960184415,ok
153,253.682825985490,24,0.837881893,253.624308282,patched
153,253.682825985490,16,0.452242117,253.769757754,patched
154,254.760087744231,192,0.522475856,254.808722947,ok
154,254.760087744231,136,0.543705994,254.860911020,ok
154,254.760087744231,96,0.690594677,254.773491964,ok
154,254.760087744231,68,0.530899560,254.647999432,ok
154,254.760087744231,48,0.535514841,254.766069027,ok
154,254.760087744231,34,0.582738079,254.829386510,ok
154,254.760087744231,24,0.560563816,254.672961083,ok
154,254.760087744231,16,0.783286257,254.699197866,ok
155,256.413288291284,192,0.474315771,256.467863338,ok
155,256.413288291284,136,0.451219317,256.510047821,ok
155,256.413288291284,96,0.529836267,256.571353583,ok
155,256.413288291284,68,0.532576756,256.490066496,ok
155,256.413288291284,48,0.518083516,256.592975175,ok
155,256.413288291284,34,0.651314512,256.667756629,ok
155,256.413288291284,24,0.515193219,256.542804767,ok
155,256.413288291284,16,0.488259613,256.418340827,ok
156,257.281084587224,192,0.540037265,257.325195854,ok
156,257.281084587224,136,0.571432051,257.367959016,ok
156,257.281084587224,96,0.681517659,257.309255701,ok
156,257.281084587224,68,0.620938922,257.292264839,ok
156,257.281084587224,48,0.745430096,257.264657940,ok
156,257.281084587224,34,0.701885222,257.092692741,ok
156,257.281084587224,24,0.749332032,257.277020407,ok
156,257.281084587224,16,0.722933596,257.367796411,ok
157,259.273197416329,192,0.479617616,259.306171312,ok
157,259.273197416329,136,0.460322214,259.329907730,ok
157,259.273197416329,96,0.494712905,259.390246420,ok
157,259.273197416329,68,0.509294726,259.392057628,ok
157,259.273197416329,48,0.591829214,259.412742350,ok
157,259.273197416329,34,0.577586773,259.362009277,ok
157,259.273197416329,24,0.720680102,259.374796782,ok
157,259.273197416329,16,0.772588831,259.306270157,ok
158,260.669022225815,192,0.465186394,260.713768339,ok
158,260.669022225815,136,0.427986055,260.741688130,ok
158,260.669022225815,96,0.446392939,260.864522840,ok
158,260.669022225815,68,0.486822344,260.908734381,ok
158,260.669022225815,48,0.735009469,260.906294201,ok
158,260.669022225815,34,0.648829496,260.899190731,ok
158,260.669022225815,24,0.651974994,260.564365398,ok
158,260.669022225815,16,0.563354714,260.588160250,ok
159,261.733190004625,192,0.490195299,261.796193764,ok
159,261.733190004625,136,0.460165331,261.851970245,ok
159,261.733190004625,96,0.586166900,262.052030117,ok
159,261.733190004625,68,0.872637565,262.092078015,ok
159,261.733190004625,48,0.753188914,261.569128869,ok
159,261.733190004625,34,0.834330694,261.607150402,ok
159,261.733190004625,24,0.447203238,261.827373140,ok
159,261.733190004625,16,0.543368057,261.852801780,ok
160,262.841360384073,502,0.502646429,262.857667247,ok
160,262.841360384073,352,0.503388396,262.865479310,ok
160,262.841360384073,251,0.503915026,262.877686743,ok
160,262.841360384073,192,0.503495148,262.894684812,ok
160,262.841360384073,176,0.502857050,262.903194004,ok
160,262.841360384073,136,0.496743058,262.957668750,ok
160,262.841360384073,126,0.498510120,263.003211699,ok
160,262.841360384073,96,0.804596319,263.024215067,ok
160,262.841360384073,88,0.815479254,262.953485369,ok
160,262.841360384073,68,0.782703207,262.645802209,ok
160,262.841360384073,63,0.599305204,262.637279784,ok
160,262.841360384073,48,0.520282456,262.791197608,ok
160,262.841360384073,34,0.513401327,262.749596518,ok
160,262.841360384073,24,0.900170119,262.960439159,ok
160,262.841360384073,16,0.776780055,262.901668015,ok
161,264.092725133263,192,0.494754552,264.145520474,ok
161,264.092725133263,136,0.490177443,264.201632372,ok
161,264.092725133263,96,0.702011704,264.152400781,ok
161,264.092725133263,68,0.578206802,264.047437216,ok
161,264.092725133263,48,0.533597451,264.178150743,ok
161,264.092725133263,34,0.513869800,264.182196163,ok
161,264.092725133263,24,0.541547411,263.890416716,ok
161,264.092725133263,16,0.642202749,263.941837609,ok
162,265.405491697318,192,0.488952839,265.473176113,ok
162,265.405491697318,136,0.474619695,265.535165650,ok
162,265.405491697318,96,0.669982831,265.515916782,ok
162,265.405491697318,68,0.564246923,265.470426348,ok
162,265.405491697318,48,0.634202091,265.623615860,ok
162,265.405491697318,34,0.701820466,265.682869865,ok
162,265.405491697318,24,0.404271920,265.540654726,patched
162,265.405491697318,16,0.419381856,265.452532354,patched
163,266.346768813515,192,0.543385862,266.384573220,ok
163,266.346768813515,136,0.585500926,266.426009737,ok
163,266.346768813515,96,0.636206518,266.281441483,ok
163,266.346768813515,68,0.611359830,266.338098383,ok
163,266.346768813515,48,0.713499552,266.233495871,ok
163,266.346768813515,34,0.697070819,266.132243713,ok
163,266.346768813515,24,0.844784401,266.407593666,ok
163,266.346768813515,16,0.794011149,266.459718767,ok
164,268.533404809193,192,0.464829428,268.559647381,ok
164,268.533404809193,136,0.432871129,268.578284653,ok
164,268.533404809193,96,0.473620488,268.645822470,ok
164,268.533404809193,68,0.461869656,268.658029382,ok
164,268.533404809193,48,0.540951401,268.685592238,ok
164,268.533404809193,34,0.559364651,268.641609700,ok
164,268.533404809193,24,0.777188774,268.572453151,ok
164,268.533404809193,16,0.857697406,268.491853744,ok
165,269.763347529030,192,0.443764740,269.823046515,ok
165,269.763347529030,136,0.381752974,269.853958332,ok
165,269.763347529030,96,0.411320574,270.016798560,ok
165,269.763347529030,68,0.376649703,270.060546172,ok
165,269.763347529030,48,0.470536716,270.213526471,ok
165,269.763347529030,34,0.512007279,270.128876819,ok
165,269.763347529030,24,0.455073219,269.654032625,patched
165,269.763347529030,16,0.323255192,269.624857731,patched
166,270.483792661486,192,0.544801463,270.546181535,ok
166,270.483792661486,136,0.562808065,270.635214885,ok
166,270.483792661486,96,0.891942618,270.562677759,ok
166,270.483792661486,68,1.074318177,270.532516869,ok
166,270.483792661486,48,0.975741054,270.058359511,ok
166,270.483792661486,34,0.904711991,270.156229472,ok
166,270.483792661486,24,0.646888669,270.673327960,ok
166,270.483792661486,16,0.741045588,270.812472623,ok
167,272.454700146476,192,0.411289918,272.460694110,ok
167,272.454700146476,136,0.336437851,272.464384301,ok
167,272.454700146476,96,0.359509956,272.624151350,ok
167,272.454700146476,68,0.367744483,272.713190351,ok
167,272.454700146476,48,0.457723635,272.549898971,ok
167,272.454700146476,34,0.606697257,272.500438533,ok
167,272.454700146476,24,0.233860549,272.873622686,ok
167,272.454700146476,16,0.278142995,273.000054101,ok
168,272.870099174117,522,0.522311493,272.902696294,ok
168,272.870099174117,365,0.530469580,272.919266062,ok
168,272.870099174117,261,0.540266455,272.944654815,ok
168,272.870099174117,192,0.551258969,272.986153661,ok
168,272.870099174117,183,0.553144392,272.995840687,ok
168,272.870099174117,136,0.571577697,273.125835731,ok
168,272.870099174117,131,0.582496134,273.167333425,ok
168,272.870099174117,96,0.939025923,272.891533378,ok
168,272.870099174117,92,1.059466228,273.022310545,ok
168,272.870099174117,68,0.963033509,272.605635287,ok
168,272.870099174117,66,0.829708290,272.515006291,ok
168,272.870099174117,48,0.716157166,272.890630124,ok
168,272.870099174117,34,0.533407567,272.872556021,ok
168,272.870099174117,24,1.039709166,272.297436843,ok
168,272.870099174117,16,0.911592725,272.129906591,ok
169,274.207589014293,192,0.526168086,274.259664207,ok
169,274.207589014293,136,0.561216437,274.320872011,ok
169,274.207589014293,96,0.595802814,274.208188212,ok
169,274.207589014293,68,0.559411114,274.211795049,ok
169,274.207589014293,48,0.636733041,274.230320822,ok
169,274.207589014293,34,0.660153641,274.279694881,ok
169,274.207589014293,24,0.593233472,274.398237515,ok
169,274.207589014293,16,0.714478047,274.345211324,ok
170,275.723203495208,192,0.505050084,275.765616139,ok
170,275.723203495208,136,0.511832177,275.809717806,ok
170,275.723203495208,96,0.561227690,275.781452865,ok
170,275.723203495208,68,0.563764826,275.786512232,ok
170,275.723203495208,48,0.619468955,275.776747502,ok
170,275.723203495208,34,0.677845188,275.754551438,ok
170,275.723203495208,24,0.776111818,275.747603510,ok
170,275.723203495208,16,0.687834190,275.712012730,ok
171,277.392264556036,192,0.474432577,277.432943292,ok
171,277.392264556036,136,0.445576776,277.470076752,ok
171,277.392264556036,96,0.496005962,277.510641460,ok
171,277.392264556036,68,0.515096482,277.540497057,ok
171,277.392264556036,48,0.597405915,277.547929367,ok
171,277.392264556036,34,0.650667798,277.464128235,ok
171,277.392264556036,24,0.640369528,277.376654304,ok
171,277.392264556036,16,0.695786031,277.438624672,ok
172,278.594783147111,192,0.486648139,278.648736884,ok
172,278.594783147111,136,0.459246020,278.703546974,ok
172,278.594783147111,96,0.548401195,278.760862833,ok
172,278.594783147111,68,0.632404229,278.799172944,ok
172,278.594783147111,48,0.744303961,278.676017356,ok
172,278.594783147111,34,0.632133133,278.610501827,ok
172,278.594783147111,24,0.585239570,278.647919332,ok
172,278.594783147111,16,0.587354911,278.536290627,ok
173,280.028875466697,192,0.459289581,280.079115906,ok
173,280.028875466697,136,0.395944070,280.127254856,ok
173,280.028875466697,96,0.461851066,280.270447995,ok
173,280.028875466697,68,0.548565625,280.494292280,ok
173,280.028875466697,48,0.523031164,280.785672721,ok
173,280.028875466697,34,0.678885507,280.696713252,ok
173,280.028875466697,24,0.541943709,280.739526002,ok
173,280.028875466697,16,0.767094640,280.656045278,ok
174,280.879711871717,192,0.509946660,280.948365076,ok
174,280.879711871717,136,0.504917680,281.056504484,ok
174,280.879711871717,96,0.817160639,281.061632852,ok
174,280.879711871717,68,1.007481427,280.506595234,ok
174,280.879711871717,48,0.751095959,280.043009088,ok
174,280.879711871717,34,0.666043504,280.227613987,ok
174,280.879711871717,24,0.774631077,280.157468732,ok
174,280.879711871717,16,0.564971190,280.288622233,ok
175,282.210884369933,192,0.481850590,282.276272680,ok
175,282.210884369933,136,0.461052085,282.367763498,ok
175,282.210884369933,96,0.694249824,282.328775908,ok
175,282.210884369933,68,0.558318927,282.179037852,ok
175,282.210884369933,48,0.520620279,282.308210545,ok
175,282.210884369933,34,0.519213246,282.223939316,ok
175,282.210884369933,24,0.594992839,282.316258334,ok
175,282.210884369933,16,0.523314006,282.262525715,ok
176,283.161229168161,541,0.510878897,283.177357345,ok
176,283.161229168161,379,0.515626484,283.185151409,ok
176,283.161229168161,271,0.522414188,283.196976596,ok
176,283.161229168161,192,0.534588943,283.219645686,ok
176,283.161229168161,190,0.535130440,283.220680252,ok
176,283.161229168161,136,0.591160949,283.299649000,ok
176,283.161229168161,96,0.660694204,283.113626979,ok
176,283.161229168161,95,0.633385159,283.095196146,ok
176,283.161229168161,68,0.560066295,283.172145722,ok
176,283.161229168161,48,0.676682774,283.206775446,ok
176,283.161229168161,34,0.627097889,283.229937421,ok
176,283.161229168161,24,0.646046529,283.099973358,ok
176,283.161229168161,16,0.678126282,283.151439361,ok
177,284.793205517568,192,0.494545845,284.842465383,ok
177,284.793205517568,136,0.492870427,284.900591519,ok
177,284.793205517568,96,0.578052246,284.875322732,ok
177,284.793205517568,68,0.551411768,284.890969130,ok
177,284.793205517568,48,0.641226697,284.889683271,ok
177,284.793205517568,34,0.685988990,284.911487380,ok
177,284.793205517568,24,0.597286341,284.899734011,ok
177,284.793205517568,16,0.621020100,284.864123396,ok
178,286.067176790720,192,0.504958067,286.112956584,ok
178,286.067176790720,136,0.510586285,286.168845074,ok
178,286.067176790720,96,0.596370304,286.139652119,ok
178,286.067176790720,68,0.607541537,286.161795985,ok
178,286.067176790720,48,0.662866459,286.082214753,ok
178,286.067176790720,34,0.683539791,286.014467805,ok
178,286.067176790720,24,0.748573788,286.084630605,ok
178,286.067176790720,16,0.718072967,286.075144743,ok
179,287.985725291945,192,0.431614392,288.005736791,ok
179,287.985725291945,136,0.356835694,288.018437094,ok
179,287.985725291945,96,0.371609792,288.135353526,ok
179,287.985725291945,68,0.347346080,288.185647267,ok
179,287.985725291945,48,0.467132793,288.241014272,ok
179,287.985725291945,34,0.532851026,288.111608701,ok
179,287.985725291945,24,0.749107570,287.932577806,ok
179,287.985725291945,16,0.786608943,287.941737056,ok
180,288.710102831769,192,0.495500013,288.805223583,ok
180,288.710102831769,136,0.442997566,288.927493019,ok
180,288.710102831769,96,0.772683860,289.093946423,ok
180,288.710102831769,68,1.215314992,289.017165107,ok
180,288.710102831769,48,0.927027203,288.613355529,ok
180,288.710102831769,34,0.738182172,288.780614524,ok
180,288.710102831769,24,0.369382805,288.728156276,ok
180,288.710102831769,16,0.355627554,288.682655562,ok
181,289.819631386501,192,0.513872129,289.880449271,ok
181,289.819631386501,136,0.528167179,290.003372283,ok
181,289.819631386501,96,0.794270775,289.746507735,ok
181,289.819631386501,68,0.575967703,289.576340603,ok
181,289.819631386501,48,0.557093846,289.753419414,ok
181,289.819631386501,34,0.685850136,289.723396497,ok
181,289.819631386501,24,0.830780172,290.056697610,ok
181,289.819631386501,16,0.762701198,290.119598019,ok
182,291.149716012312,192,0.488326438,291.204274203,ok
182,291.149716012312,136,0.489951765,291.300126224,ok
182,291.149716012312,96,0.604489987,291.162160035,ok
182,291.149716012312,68,0.525930795,291.118751004,ok
182,291.149716012312,48,0.547849225,291.204283005,ok
182,291.149716012312,34,0.541172310,291.118865245,ok
182,291.149716012312,24,0.645759064,290.896366781,ok
182,291.149716012312,16,0.726063053,290.850303840,ok
183,292.499400472564,192,0.449067583,292.583072577,ok
183,292.499400472564,136,0.383975405,292.682565503,ok
183,292.499400472564,96,0.563450263,292.660463135,ok
183,292.499400472564,68,0.471604265,292.629831465,ok
183,292.499400472564,48,0.480421748,292.785512529,ok
183,292.499400472564,34,0.410344408,292.696770016,ok
183,292.499400472564,24,0.322444382,292.540924961,ok
183,292.499400472564,16,0.296388203,292.497962893,ok
184,293.146157971230,560,0.523992481,293.154650033,ok
184,293.146157971230,392,0.535281002,293.159587496,ok
184,293.146157971230,280,0.552008998,293.168023800,ok
184,293.146157971230,196,0.583953235,293.187858717,ok
184,293.146157971230,192,0.586716408,293.189795258,ok
184,293.146157971230,140,0.699476266,293.263683783,ok
184,293.146157971230,136,0.739001659,293.275164925,ok
184,293.146157971230,98,0.609328098,292.968780358,ok
184,293.146157971230,96,0.653518145,293.046920431,ok
184,293.146157971230,70,0.668563729,293.137780037,ok
184,293.146157971230,68,0.699734157,293.126592565,ok
184,293.146157971230,48,0.833546496,292.935539208,ok
184,293.146157971230,34,0.882117754,293.066101328,ok
184,293.146157971230,24,0.847748940,293.280194492,ok
184,293.146157971230,16,0.855850339,293.326098184,ok
185,295.405273413190,192,0.462965609,295.435614146,ok
185,295.405273413190,136,0.421885677,295.478974107,ok
185,295.405273413190,96,0.468124149,295.503997898,ok
185,295.405273413190,68,0.469433019,295.549577615,ok
185,295.405273413190,48,0.532697287,295.555276771,ok
185,295.405273413190,34,0.640943244,295.554990091,ok
185,295.405273413190,24,0.825413577,295.494101839,ok
185,295.405273413190,16,0.828652936,295.396699853,ok
186,296.523783545687,192,0.471033135,296.586366899,ok
186,296.523783545687,136,0.424239192,296.670046504,ok
186,296.523783545687,96,0.519030248,296.717039333,ok
186,296.523783545687,68,0.604603798,296.827963175,ok
186,296.523783545687,48,0.755012979,296.699867636,ok
186,296.523783545687,34,0.685130321,296.479812681,ok
186,296.523783545687,24,0.496879103,296.353024944,ok
186,296.523783545687,16,0.437159489,296.434648791,ok
187,297.693253493865,192,0.487990469,297.759768531,ok
187,297.693253493865,136,0.451888226,297.874470246,ok
187,297.693253493865,96,0.624397525,297.921040195,ok
187,297.693253493865,68,0.984454922,297.810491716,ok
187,297.693253493865,48,0.741162708,297.601712929,ok
187,297.693253493865,34,0.572800625,297.736911155,ok
187,297.693253493865,24,0.455490174,297.897806996,ok
187,297.693253493865,16,0.629227925,297.920220862,ok
188,298.885852645719,192,0.487845840,298.945738725,ok
188,298.885852645719,136,0.468614668,299.077688200,ok
188,298.885852645719,96,0.714052972,299.048803205,ok
188,298.885852645719,68,0.666190075,298.704633089,ok
188,298.885852645719,48,0.556160998,298.829289581,ok
188,298.885852645719,34,0.715698207,298.949465720,ok
188,298.885852645719,24,1.016998950,298.886448706,ok
188,298.885852645719,16,0.751690741,298.807420999,ok
189,300.044241112508,192,0.483861059,300.111148833,ok
189,300.044241112508,136,0.488212264,300.254222424,ok
189,300.044241112508,96,0.700363280,300.108380775,ok
189,300.044241112508,68,0.508872571,299.997168187,ok
189,300.044241112508,48,0.522515057,300.111628707,ok
189,300.044241112508,34,0.600469719,299.956249962,ok
189,300.044241112508,24,0.429621967,299.866270126,ok
189,300.044241112508,16,0.623163998,299.980997921,ok
190,301.194849827991,192,0.495235850,301.280883828,ok
190,301.194849827991,136,0.523090792,301.444802051,ok
190,301.194849827991,96,0.676038026,301.242026224,ok
190,301.194849827991,68,0.515801888,301.286872583,ok
190,301.194849827991,48,0.648903239,301.374626434,ok
190,301.194849827991,34,0.513464791,301.285956735,ok
190,301.194849827991,24,0.425006306,301.400208511,ok
190,301.194849827991,16,0.460639608,301.195594341,ok
191,302.147793843267,192,0.551919754,302.192786722,ok
191,302.147793843267,136,0.695097196,302.242296756,ok
191,302.147793843267,96,0.607091307,302.088787441,ok
191,302.147793843267,68,0.637095490,302.178265336,ok
191,302.147793843267,48,0.686532612,302.046887855,ok
191,302.147793843267,34,0.707992381,302.155360531,ok
191,302.147793843267,24,0.850572617,302.133649902,ok
191,302.147793843267,16,0.730570762,302.262440198,ok
192,304.234598785248,582,0.489438089,304.245478752,ok
192,304.234598785248,407,0.484496954,304.250083021,ok
192,304.234598785248,291,0.477253851,304.256331344,ok
192,304.234598785248,204,0.463573101,304.266753508,ok
192,304.234598785248,192,0.459906122,304.269314456,ok
192,304.234598785248,146,0.426606478,304.298531241,ok
192,304.234598785248,136,0.419799483,304.332296819,ok
192,304.234598785248,102,0.485938104,304.341046404,ok
192,304.234598785248,96,0.485452384,304.347119241,ok
192,304.234598785248,73,0.457974823,304.369099818,ok
192,304.234598785248,68,0.467610962,304.398528936,ok
192,304.234598785248,48,0.553068924,304.386590471,ok
192,304.234598785248,34,0.666630777,304.448123416,ok
192,304.234598785248,24,0.686436141,304.314068395,ok
192,304.234598785248,16,0.855362708,304.204925517,ok
193,305.266717757777,192,0.486348058,305.334692290,ok
193,305.266717757777,136,0.474113610,305.449827364,ok
193,305.266717757777,96,0.602322176,305.429356627,ok
193,305.266717757777,68,0.711261365,305.525457461,ok
193,305.266717757777,48,0.736895835,305.334080442,ok
193,305.266717757777,34,0.709451512,305.123983087,ok
193,305.266717757777,24,0.600891094,305.215406523,ok
193,305.266717757777,16,0.382392322,305.201677689,ok
194,306.574640131823,192,0.486159975,306.632097051,ok
194,306.574640131823,136,0.470813808,306.753723106,ok
194,306.574640131823,96,0.628502163,306.720281035,ok
194,306.574640131823,68,0.846620683,306.648049014,ok
194,306.574640131823,48,0.670543043,306.570199205,ok
194,306.574640131823,34,0.529760950,306.592559171,ok
194,306.574640131823,24,0.617286075,306.640924118,ok
194,306.574640131823,16,0.825123017,306.879267163,ok
195,308.056416853186,192,0.414108555,308.095718861,ok
195,308.056416853186,136,0.289167381,308.183275760,ok
195,308.056416853186,96,0.394005901,308.322478474,ok
195,308.056416853186,68,0.385991425,308.524591172,ok
195,308.056416853186,48,0.659375884,308.175391099,ok
195,308.056416853186,34,0.312528584,308.329895805,patched
195,308.056416853186,24,0.839670459,308.165795228,ok
195,308.056416853186,16,0.431604556,308.933096762,ok
196,308.596026097826,192,0.549621780,308.708047302,ok
196,308.596026097826,136,0.682598858,309.016729682,ok
196,308.596026097826,96,1.001675106,308.490630192,ok
196,308.596026097826,68,0.850420153,307.931310975,ok
196,308.596026097826,48,0.560964696,308.487465385,patched
196,308.596026097826,34,1.077749776,308.346699878,ok
196,308.596026097826,24,nan,nan,dup
196,308.596026097826,16,0.585639132,307.648883476,ok
197,309.913165987785,192,0.517664128,309.976011363,ok
197,309.913165987785,136,0.667046709,310.081324554,ok
197,309.913165987785,96,0.578967834,309.909848164,ok
197,309.913165987785,68,0.517152659,309.972464391,ok
197,309.913165987785,48,0.589777168,309.954295148,ok
197,309.913165987785,34,0.494147072,309.918955883,ok
197,309.913165987785,24,0.590543263,309.940957965,ok
197,309.913165987785,16,0.838783496,309.753313811,ok
198,311.399712605129,192,0.486244496,311.464783051,ok
198,311.399712605129,136,0.536719939,311.583728501,ok
198,311.399712605129,96,0.554819633,311.493206679,ok
198,311.399712605129,68,0.534696245,311.559041121,ok
198,311.399712605129,48,0.617109765,311.534596916,ok
198,311.399712605129,34,0.563226947,311.622092375,ok
198,311.399712605129,24,0.624688583,311.514691849,ok
198,311.399712605129,16,0.426532589,311.472199629,ok
199,312.437670042188,192,0.528842167,312.490045070,ok
199,312.437670042188,136,0.643177298,312.545952022,ok
199,312.437670042188,96,0.614602685,312.475769209,ok
199,312.437670042188,68,0.691948070,312.495399049,ok
199,312.437670042188,48,0.680612383,312.402549624,ok
199,312.437670042188,34,0.798955001,312.365526473,ok
199,312.437670042188,24,0.690706921,312.391945075,ok
199,312.437670042188,16,0.837057556,312.498489349,ok
200,314.508985165246,601,0.481955138,314.517650294,ok
200,314.508985165246,421,0.473874497,314.520845812,ok
200,314.508985165246,301,0.462297121,314.524677993,ok
200,314.508985165246,211,0.441289500,314.529480264,ok
200,314.508985165246,192,0.432308005,314.530821283,ok
200,314.508985165246,151,0.382982473,314.542337825,ok
200,314.508985165246,136,0.352926404,314.599408239,ok
200,314.508985165246,106,0.408636654,314.634016548,ok
200,314.508985165246,96,0.388824715,314.636182563,ok
200,314.508985165246,76,0.370132124,314.667871985,ok
200,314.508985165246,68,0.380924841,314.735183327,ok
200,314.508985165246,48,0.465959588,314.751609418,ok
200,314.508985165246,34,0.693520758,314.604663956,ok
200,314.508985165246,24,0.873070704,314.717440888,ok
200,314.508985165246,16,0.700873435,314.453591691,ok
201,315.247800825845,192,0.498859733,315.338723445,ok
201,315.247800825845,136,0.529210395,315.532270641,ok
201,315.247800825845,96,0.688232779,315.511715370,ok
201,315.247800825845,68,1.082460189,315.385955928,ok
201,315.247800825845,48,0.896451515,315.174162643,ok
201,315.247800825845,34,0.525647760,315.180316744,ok
201,315.247800825845,24,0.435822285,315.003133170,ok
201,315.247800825845,16,0.508908575,315.288524337,ok
202,316.747867988882,192,0.437420840,316.809379541,ok
202,316.747867988882,136,0.337990292,316.971163628,ok
202,316.747867988882,96,0.428353257,317.101852863,ok
202,316.747867988882,68,0.418736342,317.347193101,ok
202,316.747867988882,48,0.538506862,317.373576131,ok
202,316.747867988882,34,0.382697447,317.055773955,ok
202,316.747867988882,24,0.328390082,316.883450817,ok
202,316.747867988882,16,0.651569958,316.854138409,ok
203,317.409990102487,192,0.545190485,317.495595225,ok
203,317.409990102487,136,0.824508356,317.757322124,ok
203,317.409990102487,96,1.075269164,317.212123693,ok
203,317.409990102487,68,0.761752607,316.582403730,ok
203,317.409990102487,48,0.634623773,316.745674132,ok
203,317.409990102487,34,0.993542267,317.133643080,ok
203,317.409990102487,24,1.023606146,317.429657273,ok
203,317.409990102487,16,0.666424590,317.376466449,ok
204,318.992901346549,192,0.461139187,319.060422235,ok
204,318.992901346549,136,0.526884830,319.246976625,ok
204,318.992901346549,96,0.594976804,319.045539019,ok
204,318.992901346549,68,0.451202580,319.086404365,ok
204,318.992901346549,48,0.538034301,319.141509309,ok
204,318.992901346549,34,0.475703153,318.989556735,ok
204,318.992901346549,24,0.524659187,318.852636648,ok
204,318.992901346549,16,0.683333901,318.876639092,ok
205,319.883553923763,192,0.535470455,319.967509303,ok
205,319.883553923763,136,0.807777396,320.020469273,ok
205,319.883553923763,96,0.613015421,319.874391090,ok
205,319.883553923763,68,0.659384756,320.031925534,ok
205,319.883553923763,48,0.735721486,319.895702416,ok
205,319.883553923763,34,0.627067797,320.039713266,ok
205,319.883553923763,24,0.494676759,320.037829116,ok
205,319.883553923763,16,0.438152765,319.957053233,ok
206,321.223850451591,192,0.522209201,321.273499711,ok
206,321.223850451591,136,0.638770183,321.276307707,ok
206,321.223850451591,96,0.578746182,321.247087507,ok
206,321.223850451591,68,0.665082373,321.269302899,ok
206,321.223850451591,48,0.628787750,321.204137725,ok
206,321.223850451591,34,0.735874294,321.219208488,ok
206,321.223850451591,24,0.796326069,321.295808405,ok
206,321.223850451591,16,0.789187012,321.335851921,ok
207,323.088370051147,192,0.459766389,323.123667565,ok
207,323.088370051147,136,0.457858826,323.215097598,ok
207,323.088370051147,96,0.482702648,323.195189581,ok
207,323.088370051147,68,0.547359352,323.270523757,ok
207,323.088370051147,48,0.556902793,323.221447403,ok
207,323.088370051147,34,0.670781458,323.138306437,ok
207,323.088370051147,24,0.750172987,323.033679273,ok
207,323.088370051147,16,0.764941614,322.995872104,ok
208,324.475072838128,620,0.464664999,324.494946045,ok
208,324.475072838128,434,0.448605193,324.500270203,ok
208,324.475072838128,310,0.426397708,324.504586240,ok
208,324.475072838128,217,0.389558781,324.505355091,ok
208,324.475072838128,192,0.370074340,324.503377895,ok
208,324.475072838128,155,0.300161392,324.503293580,ok
208,324.475072838128,136,0.254344276,324.591763566,ok
208,324.475072838128,109,0.293233770,324.615837251,ok
208,324.475072838128,96,0.281287169,324.618530543,ok
208,324.475072838128,78,0.247107188,324.665884841,ok
208,324.475072838128,68,0.268226346,324.733692053,ok
208,324.475072838128,48,0.295272072,324.717512163,ok
208,324.475072838128,34,0.505467168,324.533479510,ok
208,324.475072838128,24,0.364191897,324.351750512,ok
208,324.475072838128,16,0.352217022,324.355436823,ok
209,324.868227719328,192,0.597568383,325.000635410,ok
209,324.868227719328,136,0.921375806,325.293810639,ok
209,324.868227719328,96,1.037767380,325.075783214,ok
209,324.868227719328,68,1.270394805,324.585202901,ok
209,324.868227719328,48,1.148780440,324.618908800,ok
209,324.868227719328,34,0.719239956,324.853607847,ok
209,324.868227719328,24,0.745815576,325.155135438,ok
209,324.868227719328,16,0.731116643,325.142112917,ok
210,326.674899828116,192,0.453581056,326.720949558,ok
210,326.674899828116,136,0.516333898,326.903315594,ok
210,326.674899828116,96,0.600982055,326.805990097,ok
210,326.674899828116,68,0.501489281,326.656319177,ok
210,326.674899828116,48,0.519302439,326.687650705,ok
210,326.674899828116,34,0.730637568,326.742568221,ok
210,326.674899828116,24,0.867311997,326.560111609,ok
210,326.674899828116,16,0.907575692,326.587375498,ok
211,327.689912646510,192,0.435703785,327.793880434,ok
211,327.689912646510,136,1.138822414,328.172700949,patched
211,327.689912646510,96,0.747555202,327.842110140,patched
211,327.689912646510,68,0.426162159,327.831595849,patched
211,327.689912646510,48,0.477144533,327.878873130,patched
211,327.689912646510,34,0.521975648,327.594349305,patched
211,327.689912646510,24,0.342262945,327.590003312,patched
211,327.689912646510,16,0.333780456,327.534447094,patched
212,328.379149076549,192,0.596698507,328.461302582,ok
212,328.379149076549,136,0.454367076,328.095600492,ok
212,328.379149076549,96,0.592289818,328.221175311,ok
212,328.379149076549,68,0.767414519,328.439336181,ok
212,328.379149076549,48,0.800634564,328.320531805,ok
212,328.379149076549,34,0.588878732,328.440483723,ok
212,328.379149076549,24,0.647707949,328.564920740,ok
212,328.379149076549,16,0.615712526,328.606182401,ok
213,330.058076297175,192,0.504882572,330.109178859,ok
213,330.058076297175,136,0.586074432,330.102368932,ok
213,330.058076297175,96,0.566569770,330.103022227,ok
213,330.058076297175,68,0.623039247,330.127753733,ok
213,330.058076297175,48,0.623683602,330.088910821,ok
213,330.058076297175,34,0.666210890,330.146733366,ok
213,330.058076297175,24,0.735150282,330.096489993,ok
213,330.058076297175,16,0.780658639,330.064545073,ok
214,331.709835052047,192,0.457972342,331.757127209,ok
214,331.709835052047,136,0.497643664,331.838832058,ok
214,331.709835052047,96,0.501648248,331.840711458,ok
214,331.709835052047,68,0.580993387,331.898636065,ok
214,331.709835052047,48,0.599935715,331.850984797,ok
214,331.709835052047,34,0.748278875,331.809547394,ok
214,331.709835052047,24,0.686555205,331.714695508,ok
214,331.709835052047,16,0.625419792,331.691276130,ok
215,332.761085850638,192,0.487422754,332.834424500,ok
215,332.761085850638,136,0.595227877,332.917677599,ok
215,332.761085850638,96,0.626218709,332.914880700,ok
215,332.761085850638,68,0.770719203,332.801507269,ok
215,332.761085850638,48,0.709216784,332.776999567,ok
215,332.761085850638,34,0.589498539,332.643942108,ok
215,332.761085850638,24,0.559756258,332.732727006,ok
215,332.761085850638,16,0.609487945,332.778977297,ok
216,334.228126634867,639,0.490646266,334.243577749,ok
216,334.228126634867,447,0.485787769,334.250221032,ok
216,334.228126634867,320,0.478004981,334.259324530,ok
216,334.228126634867,224,0.460673391,334.274849383,ok
216,334.228126634867,192,0.444492022,334.285980289,ok
216,334.228126634867,160,0.397718543,334.323217685,ok
216,334.228126634867,136,0.486255871,334.448383014,ok
216,334.228126634867,112,0.500343246,334.430642209,ok
216,334.228126634867,96,0.553259021,334.491042662,ok
216,334.228126634867,80,0.586688286,334.639886911,ok
216,334.228126634867,68,0.706907924,334.261422638,patched
216,334.228126634867,48,0.678767296,334.309085293,patched
216,334.228126634867,34,0.477423361,334.350927755,patched
216,334.228126634867,24,0.587971220,334.465353303,patched
216,334.228126634867,16,0.629300043,334.304951151,patched
217,335.109040429704,192,0.492756465,335.201980599,ok
217,335.109040429704,136,0.772004031,335.298219873,ok
217,335.109040429704,96,0.858653446,335.112007410,ok
217,335.109040429704,68,0.549898044,335.033649989,ok
217,335.109040429704,48,0.606035477,335.027879524,ok
217,335.109040429704,34,0.850190112,335.182940053,ok
217,335.109040429704,24,0.777198179,334.928797120,ok
217,335.109040429704,16,0.672518497,335.093735762,ok
218,336.293879137474,192,0.482934188,336.381656276,ok
218,336.293879137474,136,0.697034844,336.355752474,ok
218,336.293879137474,96,0.624674588,336.269804799,ok
218,336.293879137474,68,0.527243097,336.366912444,ok
218,336.293879137474,48,0.555257389,336.332656056,ok
218,336.293879137474,34,0.588047226,336.153270040,ok
218,336.293879137474,24,0.513369049,336.278557135,ok
218,336.293879137474,16,0.611366059,336.237307961,ok
219,337.323117595179,192,0.525035908,337.410836422,ok
219,337.323117595179,136,0.632614511,337.314623526,ok
219,337.323117595179,96,0.583109897,337.325163567,ok
219,337.323117595179,68,0.639402508,337.410335678,ok
219,337.323117595179,48,0.626628042,337.377846452,ok
219,337.323117595179,34,0.508528954,337.368205404,ok
219,337.323117595179,24,0.627162146,337.398552531,ok
219,337.323117595179,16,0.565584747,337.356996343,ok
220,338.613733673156,192,0.519280127,338.677941910,ok
220,338.613733673156,136,0.581350263,338.643199042,ok
220,338.613733673156,96,0.578305778,338.655455015,ok
220,338.613733673156,68,0.647693697,338.654054099,ok
220,338.613733673156,48,0.645290591,338.645733434,ok
220,338.613733673156,34,0.653877840,338.721473223,ok
220,338.613733673156,24,0.661017865,338.614907271,ok
220,338.613733673156,16,0.671631728,338.654947972,ok
221,340.168912723446,192,0.482793707,340.225482315,ok
221,340.168912723446,136,0.532412119,340.250331572,ok
221,340.168912723446,96,0.544339358,340.271131135,ok
221,340.168912723446,68,0.613808036,340.263502493,ok
221,340.168912723446,48,0.635011543,340.254577380,ok
221,340.168912723446,34,0.741285837,340.244168825,ok
221,340.168912723446,24,0.645080291,340.247479744,ok
221,340.168912723446,16,0.688941174,340.202494280,ok
222,341.473818484650,192,0.480368426,341.533556404,ok
222,341.473818484650,136,0.532289129,341.575651728,ok
222,341.473818484650,96,0.568339852,341.608225202,ok
222,341.473818484650,68,0.645065190,341.553637494,ok
222,341.473818484650,48,0.666434092,341.516614438,ok
222,341.473818484650,34,0.644143658,341.386163329,ok
222,341.473818484650,24,0.722305877,341.458891834,ok
222,341.473818484650,16,0.643113576,341.447591399,ok
223,343.051787541586,192,0.407035720,343.086711097,ok
223,343.051787541586,136,0.382601586,343.187997208,ok
223,343.051787541586,96,0.360394987,343.276398790,ok
223,343.051787541586,68,0.488546242,343.363671464,ok
223,343.051787541586,48,nan,nan,dup
223,343.051787541586,34,0.436913291,343.095131196,patched
223,343.051787541586,24,0.441076779,343.931499968,ok
223,343.051787541586,16,0.425562921,343.697667836,ok
224,343.734835777424,657,0.507746741,343.760200678,ok
224,343.734835777424,460,0.509858434,343.772529479,ok
224,343.734835777424,329,0.511062639,343.791314919,ok
224,343.734835777424,230,0.506537157,343.829331587,ok
224,343.734835777424,192,0.493483434,343.869146176,ok
224,343.734835777424,165,0.462066722,343.956198852,ok
224,343.734835777424,136,0.681276396,344.022936760,ok
224,343.734835777424,115,0.807544619,344.087347019,ok
224,343.734835777424,96,1.188198364,343.951168151,ok
224,343.734835777424,83,1.277694177,343.762392098,ok
224,343.734835777424,68,0.915695283,343.512574145,ok
224,343.734835777424,48,0.626536746,343.515392645,ok
224,343.734835777424,34,0.876677898,344.028069491,ok
224,343.734835777424,24,nan,nan,dup
224,343.734835777424,16,nan,nan,dup
225,344.740561672194,192,0.537188631,344.820596331,ok
225,344.740561672194,136,0.689249465,344.747355454,ok
225,344.740561672194,96,0.548087822,344.567105590,ok
225,344.740561672194,68,0.530866536,344.693693724,ok
225,344.740561672194,48,0.554009083,344.718418934,ok
225,344.740561672194,34,0.603412475,344.457394976,ok
225,344.740561672194,24,0.902237647,344.680849506,ok
225,344.740561672194,16,0.780925112,344.882326532,ok
226,346.404559348578,192,0.415624736,346.468874767,ok
226,346.404559348578,136,0.452051709,346.552725200,ok
226,346.404559348578,96,0.532701086,346.486654520,ok
226,346.404559348578,68,0.449585313,346.541218631,ok
226,346.404559348578,48,0.464456052,346.579894986,ok
226,346.404559348578,34,0.444776674,346.399908252,ok
226,346.404559348578,24,0.525806057,346.269441632,ok
226,346.404559348578,16,0.684583304,346.133374078,ok
227,347.045134037714,192,0.573330102,347.162096530,ok
227,347.045134037714,136,0.728237802,347.119073987,ok
227,347.045134037714,96,0.630641182,347.032946432,ok
227,347.045134037714,68,0.765565146,347.084097686,ok
227,347.045134037714,48,0.807539367,347.014335012,ok
227,347.045134037714,34,0.667638025,347.215598984,ok
227,347.045134037714,24,0.517683107,347.222008752,ok
227,347.045134037714,16,0.354304466,347.214766567,ok
228,348.441096484347,192,0.528198049,348.494252268,ok
228,348.441096484347,136,0.585631837,348.482901327,ok
228,348.441096484347,96,0.576730760,348.468173269,ok
228,348.441096484347,68,0.621607680,348.441337969,ok
228,348.441096484347,48,0.618091244,348.419598463,ok
228,348.441096484347,34,0.728782435,348.419364264,ok
228,348.441096484347,24,0.781865254,348.475055558,ok
228,348.441096484347,16,0.875549269,348.553901191,ok
229,350.558843705000,192,0.404156219,350.561335679,ok
229,350.558843705000,136,0.354843947,350.619181398,ok
229,350.558843705000,96,0.350518963,350.649722645,ok
229,350.558843705000,68,0.354071976,350.717148594,ok
229,350.558843705000,48,0.364670195,350.748909839,ok
229,350.558843705000,34,0.418815294,350.999156597,ok
229,350.558843705000,24,0.344439387,351.083940255,ok
229,350.558843705000,16,0.358477811,351.298404384,ok
230,351.146432574537,192,0.496587090,351.278651801,ok
230,351.146432574537,136,0.588502861,351.420454848,ok
230,351.146432574537,96,0.711690024,351.464495304,ok
230,351.146432574537,68,0.989233908,351.329786665,ok
230,351.146432574537,48,1.018589235,351.170628254,ok
230,351.146432574537,34,0.833478143,350.707907268,ok
230,351.146432574537,24,0.870029008,350.535627519,ok
230,351.146432574537,16,0.738168484,350.351183758,ok
231,352.476789564989,192,0.482434414,352.557600410,ok
231,352.476789564989,136,0.578959896,352.676075020,ok
231,352.476789564989,96,0.761226068,352.634797615,ok
231,352.476789564989,68,0.687374161,352.384538356,ok
231,352.476789564989,48,0.601744288,352.390364004,ok
231,352.476789564989,34,0.566975142,352.638775238,ok
231,352.476789564989,24,0.560483900,352.723550994,ok
231,352.476789564989,16,0.821890167,352.544771937,ok
232,353.721305268879,676,0.493769008,353.736409854,ok
232,353.721305268879,473,0.490427526,353.743287707,ok
232,353.721305268879,338,0.484940384,353.753455750,ok
232,353.721305268879,237,0.472425669,353.773396862,ok
232,353.721305268879,192,0.452804500,353.800894591,ok
232,353.721305268879,169,0.426230428,353.853254562,ok
232,353.721305268879,136,0.549823754,353.957948191,ok
232,353.721305268879,119,0.621215726,353.884479615,ok
232,353.721305268879,96,0.779656692,353.770337004,ok
232,353.721305268879,85,0.704776650,353.593092179,ok
232,353.721305268879,68,0.560081079,353.685633799,ok
232,353.721305268879,48,0.520963619,353.748340897,ok
232,353.721305268879,34,0.885148216,353.692944722,ok
232,353.721305268879,24,0.959875985,353.601878010,ok
232,353.721305268879,16,0.539466062,353.775736591,ok
233,354.628808934632,192,0.508863756,354.736695527,ok
233,354.628808934632,136,0.748569968,354.760043004,ok
233,354.628808934632,96,0.598069550,354.530196976,ok
233,354.628808934632,68,0.533713647,354.669202699,ok
233,354.628808934632,48,0.605401853,354.712459495,ok
233,354.628808934632,34,0.437572838,354.508549653,ok
233,354.628808934632,24,0.399538405,354.519598270,ok
233,354.628808934632,16,0.731543597,354.469536022,ok
234,355.928715348460,192,0.484923239,356.036604094,ok
234,355.928715348460,136,0.662086112,356.081917947,ok
234,355.928715348460,96,0.577133415,355.971628510,ok
234,355.928715348460,68,0.581387654,356.093283410,ok
234,355.928715348460,48,0.700091002,356.056098412,ok
234,355.928715348460,34,0.464822569,356.115078532,ok
234,355.928715348460,24,0.445640986,356.128360088,ok
234,355.928715348460,16,0.369727237,355.963821515,ok
235,356.819583974127,192,0.570121670,356.879531227,ok
235,356.819583974127,136,0.657465143,356.762462020,ok
235,356.819583974127,96,0.589744129,356.797769370,ok
235,356.819583974127,68,0.688544685,356.768760142,ok
235,356.819583974127,48,0.622141462,356.696319079,ok
235,356.819583974127,34,0.809914216,356.791202406,ok
235,356.819583974127,24,0.848974022,356.791396003,ok
235,356.819583974127,16,0.834957170,356.940209404,ok
236,358.989504346121,192,0.422433902,359.015163258,ok
236,358.989504346121,136,0.410929084,359.099042708,ok
236,358.989504346121,96,0.417494672,359.097854867,ok
236,358.989504346121,68,0.431250107,359.180208136,ok
236,358.989504346121,48,0.460840295,359.164101847,ok
236,358.989504346121,34,0.756504984,359.201142031,patched
236,358.989504346121,24,0.797314106,359.069661282,patched
236,358.989504346121,16,0.814925308,358.907698079,patched
237,359.739911415335,192,0.492509840,359.849258128,ok
237,359.739911415335,136,0.628310493,359.952610264,ok
237,359.739911415335,96,0.659146777,359.940554755,ok
237,359.739911415335,68,0.887200660,359.842568642,ok
237,359.739911415335,48,0.837867903,359.794315082,ok
237,359.739911415335,34,0.542780835,359.544533927,ok
237,359.739911415335,24,0.452728544,359.621464017,ok
237,359.739911415335,16,0.386474813,359.735007197,ok
238,361.148528692098,192,0.462400373,361.224307871,ok
238,361.148528692098,136,0.567267101,361.353001911,ok
238,361.148528692098,96,0.637391341,361.350157262,ok
238,361.148528692098,68,0.708814458,361.121236475,ok
238,361.148528692098,48,0.696438633,361.124364434,ok
238,361.148528692098,34,0.544883630,361.257694259,ok
238,361.148528692098,24,0.567119669,361.377460530,ok
238,361.148528692098,16,0.729813368,361.418827907,ok
239,362.278726921439,192,0.462193065,362.363929903,ok
239,362.278726921439,136,0.653647712,362.494513224,ok
239,362.278726921439,96,0.767369800,362.386595524,ok
239,362.278726921439,68,0.568112866,362.220861792,ok
239,362.278726921439,48,0.563198669,362.223678893,ok
239,362.278726921439,34,0.776657148,362.341095076,ok
239,362.278726921439,24,0.846749929,362.127754316,ok
239,362.278726921439,16,0.688623671,362.037773118,ok
240,363.510631948738,695,0.480160769,363.534546716,ok
240,363.510631948738,486,0.469875856,363.544196747,ok
240,363.510631948738,348,0.454106448,363.556772348,ok
240,363.510631948738,243,0.422172974,363.577020495,ok
240,363.510631948738,192,0.374038450,363.602338856,ok
240,363.510631948738,174,0.331811874,363.634252335,ok
240,363.510631948738,136,1.070278885,363.734211667,patched
240,363.510631948738,122,0.401959318,363.781460036,ok
240,363.510631948738,96,0.841372289,363.510842023,patched
240,363.510631948738,87,0.496341695,363.976343961,ok
240,363.510631948738,68,0.432854533,363.603982950,patched
240,363.510631948738,48,0.413782203,363.629107810,patched
240,363.510631948738,34,0.613943720,363.400035999,patched
240,363.510631948738,24,0.373564578,363.461523725,patched
240,363.510631948738,16,0.363571380,363.546585981,patched
241,363.995810691432,192,0.651666557,364.129986058,ok
241,363.995810691432,136,0.388953934,363.811914160,ok
241,363.995810691432,96,0.445782297,363.876505573,ok
241,363.995810691432,68,0.732338505,364.002803957,ok
241,363.995810691432,48,0.793487058,363.973569702,ok
241,363.995810691432,34,0.519402339,364.007009706,ok
241,363.995810691432,24,0.730884110,364.088517569,ok
241,363.995810691432,16,0.805650382,364.026194318,ok
242,365.857127789801,192,0.466718707,365.932881932,ok
242,365.857127789801,136,0.550267931,365.940548785,ok
242,365.857127789801,96,0.530960983,365.939993583,ok
242,365.857127789801,68,0.575886926,366.011300779,ok
242,365.857127789801,48,0.623348961,365.986524234,ok
242,365.857127789801,34,0.580052960,366.053608532,ok
242,365.857127789801,24,0.641501562,365.922575656,ok
242,365.857127789801,16,0.611184892,365.890635487,ok
243,366.810722268315,192,0.531936127,366.890931874,ok
243,366.810722268315,136,0.606176994,366.840995541,ok
243,366.810722268315,96,0.612416618,366.854174255,ok
243,366.810722268315,68,0.699949767,366.799258670,ok
243,366.810722268315,48,0.664715074,366.751403636,ok
243,366.810722268315,34,0.755624540,366.736195367,ok
243,366.810722268315,24,0.637099835,366.796717749,ok
243,366.810722268315,16,0.649448979,366.839265263,ok
244,368.547133840727,192,0.456225335,368.599580583,ok
244,368.547133840727,136,0.503860551,368.646024483,ok
244,368.547133840727,96,0.515059207,368.671435783,ok
244,368.547133840727,68,0.595360291,368.660244987,ok
244,368.547133840727,48,0.583897591,368.642761886,ok
244,368.547133840727,34,0.646594864,368.588150855,ok
244,368.547133840727,24,0.741118568,368.640797380,ok
244,368.547133840727,16,0.779812040,368.553081572,ok
245,369.861768120165,192,0.407253726,369.923569121,ok
245,369.861768120165,136,0.437416961,370.041496919,ok
245,369.861768120165,96,0.436759246,370.120024809,ok
245,369.861768120165,68,0.712398973,370.142318704,patched
245,369.861768120165,48,0.770973050,370.256270567,patched
245,369.861768120165,34,0.615429089,369.887138928,patched
245,369.861768120165,24,0.595766486,369.697629264,patched
245,369.861768120165,16,0.459343911,369.758631895,patched
246,370.648477039985,192,0.495295597,370.782296280,ok
246,370.648477039985,136,0.722715362,370.839396086,ok
246,370.648477039985,96,0.992774821,370.783595616,ok
246,370.648477039985,68,0.677275340,370.421730267,ok
246,370.648477039985,48,0.643014770,370.282533276,ok
246,370.648477039985,34,0.585688485,370.677941077,ok
246,370.648477039985,24,0.449962652,370.801389750,ok
246,370.648477039985,16,0.662736826,370.860606559,ok
247,371.886714318709,192,0.473990445,371.989899529,ok
247,371.886714318709,136,0.647771193,371.983066773,ok
247,371.886714318709,96,0.679371778,371.812965834,ok
247,371.886714318709,68,0.552560423,371.884753139,ok
247,371.886714318709,48,0.527550014,371.856971785,ok
247,371.886714318709,34,0.729593472,371.950273445,ok
247,371.886714318709,24,0.929694217,371.945182672,ok
247,371.886714318709,16,0.678685927,371.803709732,ok
248,372.923515454527,713,0.501923399,372.940258017,ok
248,372.923515454527,499,0.502485397,372.948130060,ok
248,372.923515454527,357,0.503071953,372.959898379,ok
248,372.923515454527,250,0.503724483,372.983641295,ok
248,372.923515454527,192,0.506014849,373.034730150,ok
248,372.923515454527,179,0.516491273,373.074577805,ok
248,372.923515454527,136,0.623070315,372.965265144,ok
248,372.923515454527,125,0.668538013,372.937987414,ok
248,372.923515454527,96,0.565120775,372.890793473,ok
248,372.923515454527,90,0.515056296,372.901352510,ok
248,372.923515454527,68,0.571914061,372.978147680,ok
248,372.923515454527,48,0.550528446,373.000202004,ok
248,372.923515454527,34,0.581085740,372.805450042,ok
248,372.923515454527,24,0.470638276,372.763117166,ok
248,372.923515454527,16,0.641055907,372.908990024,ok
249,374.199650944546,192,0.486231379,374.311917848,ok
249,374.199650944546,136,0.582745336,374.298960181,ok
249,374.199650944546,96,0.561794097,374.266173493,ok
249,374.199650944546,68,0.617271036,374.324423997,ok
249,374.199650944546,48,0.662947935,374.365707483,ok
249,374.199650944546,34,0.498232164,374.279580566,ok
249,374.199650944546,24,0.495463539,374.337834167,ok
249,374.199650944546,16,0.516572149,374.160058636,ok
250,375.183325167447,192,0.556981808,375.264710506,ok
250,375.183325167447,136,0.619509088,375.206131924,ok
250,375.183325167447,96,0.609846119,375.199303220,ok
250,375.183325167447,68,0.665743885,375.151635225,ok
250,375.183325167447,48,0.687900385,375.085347808,ok
250,375.183325167447,34,0.715945383,375.250020599,ok
250,375.183325167447,24,0.748832457,375.199591625,ok
250,375.183325167447,16,0.662322210,375.315394571,ok
251,376.910142482347,192,0.472904693,376.967865481,ok
251,376.910142482347,136,0.515710517,376.999261663,ok
251,376.910142482347,96,0.535747856,377.006245906,ok
251,376.910142482347,68,0.582698533,376.996442960,ok
251,376.910142482347,48,0.596479793,376.958056565,ok
251,376.910142482347,34,0.731360728,376.958907476,ok
251,376.910142482347,24,0.706773554,376.962804565,ok
251,376.910142482347,16,0.808230938,376.883161899,ok
252,378.485366030557,192,0.381718171,378.513084368,ok
252,378.485366030557,136,0.353488446,378.607309342,ok
252,378.485366030557,96,0.352091291,378.665822402,ok
252,378.485366030557,68,0.395101297,378.739510983,ok
252,378.485366030557,48,0.445811883,378.711290652,ok
252,378.485366030557,34,0.657645993,378.378710271,patched
252,378.485366030557,24,0.727318105,378.345838864,patched
252,378.485366030557,16,0.515298130,378.376583676,patched
253,379.133570192807,192,0.486928675,379.300039632,ok
253,379.133570192807,136,0.668001030,379.477178057,ok
253,379.133570192807,96,1.031482793,379.461549623,ok
253,379.133570192807,68,1.071183248,379.056390407,ok
253,379.133570192807,48,0.951215049,379.056015420,ok
253,379.133570192807,34,0.414381002,379.228459631,ok
253,379.133570192807,24,0.335894236,379.184963419,ok
253,379.133570192807,16,0.547913180,379.270124755,ok
254,380.291499446651,192,0.508077099,380.399506368,ok
254,380.291499446651,136,0.739721430,380.400551315,ok
254,380.291499446651,96,0.683341304,380.128530116,ok
254,380.291499446651,68,0.545971978,380.195696017,ok
254,380.291499446651,48,0.572124856,380.197090296,ok
254,380.291499446651,34,0.839260550,380.456244563,ok
254,380.291499446651,24,0.888469459,380.621828145,ok
254,380.291499446651,16,0.714104203,380.397853448,ok
255,381.670934364399,192,0.439467182,381.760571162,ok
255,381.670934364399,136,0.597733089,381.825018195,ok
255,381.670934364399,96,0.578600026,381.668817685,ok
255,381.670934364399,68,0.499711992,381.712903847,ok
255,381.670934364399,48,0.506238229,381.703942159,ok
255,381.670934364399,34,0.653707837,381.446265339,ok
255,381.670934364399,24,0.658326769,381.268953434,ok
255,381.670934364399,16,0.804480493,381.462212182,ok
256,382.735773845155,731,0.490530865,382.766252389,ok
256,382.735773845155,512,0.484656724,382.779685161,ok
256,382.735773845155,366,0.474615396,382.798543108,ok
256,382.735773845155,256,0.451884753,382.831427737,ok
256,382.735773845155,192,0.396970622,382.893909606,ok
256,382.735773845155,183,0.378386068,382.922413715,ok
256,382.735773845155,136,0.914849011,382.978035657,patched
256,382.735773845155,128,0.495593462,383.125201982,ok
256,382.735773845155,96,0.556261037,382.846706549,patched
256,382.735773845155,92,0.624543159,383.273452071,ok
256,382.735773845155,68,0.437669380,382.986055093,ok
256,382.735773845155,48,0.416352371,382.997184715,ok
256,382.735773845155,34,0.310791851,382.763159819,patched
256,382.735773845155,24,0.214245675,382.756828840,patched
256,382.735773845155,16,0.242325929,382.656395783,patched
257,383.330610096012,192,0.689827968,383.426209285,ok
257,383.330610096012,136,0.475064217,383.109566972,ok
257,383.330610096012,96,0.626144388,383.244624375,ok
257,383.330610096012,68,0.859070267,383.186399844,ok
257,383.330610096012,48,0.911028585,383.151410622,ok
257,383.330610096012,34,0.801897107,383.468795196,ok
257,383.330610096012,24,0.893188600,383.554990863,ok
257,383.330610096012,16,0.812920813,383.591884150,ok
258,385.454292649275,192,0.449626452,385.508938152,ok
258,385.454292649275,136,0.502338451,385.548077203,ok
258,385.454292649275,96,0.490539965,385.560613547,ok
258,385.454292649275,68,0.545608171,385.587932454,ok
258,385.454292649275,48,0.589356032,385.570036289,ok
258,385.454292649275,34,0.766192789,385.596495623,ok
258,385.454292649275,24,0.760882736,385.450954071,ok
258,385.454292649275,16,0.809464129,385.406685591,ok
259,386.550910547178,192,0.459243767,386.644259106,ok
259,386.550910547178,136,0.556566589,386.694137216,ok
259,386.550910547178,96,0.574428496,386.732836888,ok
259,386.550910547178,68,0.699285937,386.679081179,ok
259,386.550910547178,48,0.680381847,386.591211035,ok
259,386.550910547178,34,0.597334651,386.386658479,ok
259,386.550910547178,24,0.508143139,386.502423372,ok
259,386.550910547178,16,0.459154728,386.510243664,ok
260,387.803689933328,192,0.448790244,387.900138410,ok
260,387.803689933328,136,0.572690252,387.980571542,ok
260,387.803689933328,96,0.654967581,388.039981022,ok
260,387.803689933328,68,0.729982572,387.831590511,ok
260,387.803689933328,48,0.643951584,387.841917511,ok
260,387.803689933328,34,0.473997019,387.891803125,ok
260,387.803689933328,24,0.652382551,387.952992448,ok
260,387.803689933328,16,0.696329208,387.957325105,ok
261,388.939389678555,192,0.453659241,389.048055537,ok
261,388.939389678555,136,0.650199587,389.108757913,ok
261,388.939389678555,96,0.843887479,389.016902133,ok
261,388.939389678555,68,0.620144558,388.881103218,ok
261,388.939389678555,48,0.655598007,388.952321545,ok
261,388.939389678555,34,0.844157340,389.140129501,ok
261,388.939389678555,24,0.657507096,388.862904236,ok
261,388.939389678555,16,0.616874388,388.851463959,ok
262,390.139296301331,192,0.400412365,390.256062238,ok
262,390.139296301331,136,0.710829915,390.381667353,patched
262,390.139296301331,96,0.723483706,390.047334886,patched
262,390.139296301331,68,0.526338577,390.177955160,patched
262,390.139296301331,48,0.629121495,390.139602738,patched
262,390.139296301331,34,0.631179633,389.880321780,patched
262,390.139296301331,24,0.647370002,390.327128973,patched
262,390.139296301331,16,0.693006409,390.300410755,patched
263,390.852647577212,192,0.576317351,391.024804947,ok
263,390.852647577212,136,0.654547879,390.688671249,ok
263,390.852647577212,96,0.494854062,390.783489731,ok
263,390.852647577212,68,0.617620201,390.888810900,ok
263,390.852647577212,48,0.548377085,390.829574434,ok
263,390.852647577212,34,0.444641272,390.910912341,ok
263,390.852647577212,24,0.590978081,390.627962965,ok
263,390.852647577212,16,0.551444086,390.661546339,ok
264,392.263672334082,750,0.500679213,392.280170406,ok
264,392.263672334082,525,0.500656577,392.287784678,ok
264,392.263672334082,375,0.500348255,392.298990183,ok
264,392.263672334082,263,0.499202247,392.320331752,ok
264,392.263672334082,192,0.501349750,392.383552357,ok
264,392.263672334082,188,0.505494121,392.395648328,ok
264,392.263672334082,136,0.575401717,392.312773542,ok
264,392.263672334082,132,0.608688630,392.314872409,ok
264,392.263672334082,96,0.536315564,392.325274377,ok
264,392.263672334082,94,0.521321886,392.321299559,ok
264,392.263672334082,68,0.623553135,392.362751823,ok
264,392.263672334082,48,0.596354890,392.381093432,ok
264,392.263672334082,34,0.654364317,392.441719508,ok
264,392.263672334082,24,0.511355878,392.368765779,ok
264,392.263672334082,16,0.547767285,392.355558594,ok
265,393.329782539818,192,0.549583102,393.420875074,ok
265,393.329782539818,136,0.585614808,393.354809758,ok
265,393.329782539818,96,0.593437690,393.378572380,ok
265,393.329782539818,68,0.650640420,393.315780524,ok
265,393.329782539818,48,0.686700726,393.317180107,ok
265,393.329782539818,34,0.687348844,393.241262737,ok
265,393.329782539818,24,0.758961095,393.348076699,ok
265,393.329782539818,16,0.722102831,393.337788606,ok
266,395.108282525967,192,0.433232061,395.173902028,ok
266,395.108282525967,136,0.478090055,395.214191456,ok
266,395.108282525967,96,0.480839556,395.257238268,ok
266,395.108282525967,68,0.561789146,395.257128532,ok
266,395.108282525967,48,0.636807475,395.242102338,ok
266,395.108282525967,34,0.593722463,395.242836398,ok
266,395.108282525967,24,0.663083424,395.124938316,ok
266,395.108282525967,16,0.712492079,395.129693710,ok
267,396.059958299255,192,0.486073933,396.173096769,ok
267,396.059958299255,136,0.583068137,396.190435827,ok
267,396.059958299255,96,0.675778603,396.223965805,ok
267,396.059958299255,68,0.709215386,396.087390985,ok
267,396.059958299255,48,0.657446016,395.997122905,ok
267,396.059958299255,34,0.725305786,396.002692387,ok
267,396.059958299255,24,0.593562458,396.064740442,ok
267,396.059958299255,16,0.544825803,396.023020151,ok
268,397.683354138915,192,0.365964161,397.729998969,ok
268,397.683354138915,136,0.380604520,397.847584799,ok
268,397.683354138915,96,0.381354665,397.981341294,ok
268,397.683354138915,68,0.584996514,398.023033154,ok
268,397.683354138915,48,0.506519679,397.846098434,ok
268,397.683354138915,34,0.586288019,397.660122232,ok
268,397.683354138915,24,0.784877186,397.690426151,ok
268,397.683354138915,16,0.851396231,397.757777986,ok
269,398.376731639567,192,0.444464026,398.584637908,ok
269,398.376731639567,136,0.757768948,398.833357769,ok
269,398.376731639567,96,1.255708247,398.223717020,ok
269,398.376731639567,68,0.775891653,398.076695241,ok
269,398.376731639567,48,0.837920204,398.341776438,ok
269,398.376731639567,34,0.500226189,398.527646472,ok
269,398.376731639567,24,0.357421177,398.350664735,ok
269,398.376731639567,16,0.327090044,398.262380183,ok
270,399.294253475946,192,0.580733555,399.451952811,ok
270,399.294253475946,136,0.777601315,399.121633664,ok
270,399.294253475946,96,0.464408708,399.186738177,ok
270,399.294253475946,68,0.524313382,399.260041393,ok
270,399.294253475946,48,0.537728960,399.189926861,ok
270,399.294253475946,34,0.810260112,399.224177561,ok
270,399.294253475946,24,0.804012628,399.425305376,ok
270,399.294253475946,16,0.755654460,399.490030543,ok
271,400.837915052000,192,0.437179206,400.957583623,ok
271,400.837915052000,136,0.569495722,400.955315250,ok
271,400.837915052000,96,0.491804219,400.883830412,ok
271,400.837915052000,68,0.509934666,400.958516964,ok
271,400.837915052000,48,0.498841910,400.925661258,ok
271,400.837915052000,34,0.557466348,400.767777961,ok
271,400.837915052000,24,0.619590033,400.648967741,ok
271,400.837915052000,16,0.667832116,400.607676933,ok
272,401.715988765472,768,0.508554063,401.735047585,ok
272,401.715988765472,538,0.511974620,401.744120582,ok
272,401.715988765472,384,0.516505276,401.757785301,ok
272,401.715988765472,269,0.523702219,401.784424694,ok
272,401.715988765472,192,0.555513007,401.878750370,ok
272,401.715988765472,136,0.670950639,401.749638326,ok
272,401.715988765472,135,0.659071755,401.728758719,ok
272,401.715988765472,96,0.589394166,401.808725163,ok
272,401.715988765472,68,0.709440896,401.794779257,ok
272,401.715988765472,48,0.706914438,401.825788116,ok
272,401.715988765472,34,0.516892074,401.836159415,ok
272,401.715988765472,24,0.417148881,401.850042558,ok
272,401.715988765472,16,0.388886206,401.839991302,ok
273,402.905540808392,192,0.560725997,402.989821697,ok
273,402.905540808392,136,0.600517754,402.911425581,ok
273,402.905540808392,96,0.611460503,402.945815413,ok
273,402.905540808392,68,0.640056553,402.876284582,ok
273,402.905540808392,48,0.670518007,402.847776101,ok
273,402.905540808392,34,0.750621117,402.949766996,ok
273,402.905540808392,24,0.825966011,402.988098390,ok
273,402.905540808392,16,0.835552259,403.000413117,ok
274,404.914695715248,192,0.394892765,404.946206962,ok
274,404.914695715248,136,0.422306013,405.021300528,ok
274,404.914695715248,96,0.400615665,405.059256695,ok
274,404.914695715248,68,0.471656510,405.098099398,ok
274,404.914695715248,48,0.575119241,405.089751023,ok
274,404.914695715248,34,0.864987162,404.962712829,ok
274,404.914695715248,24,0.792964311,404.823060023,ok
274,404.914695715248,16,0.799986985,404.780662211,ok
275,405.788360032993,192,0.392871679,405.935867799,ok
275,405.788360032993,136,0.508677660,406.084372647,ok
275,405.788360032993,96,0.475137270,406.240657396,ok
275,405.788360032993,68,0.540333128,406.461638071,ok
275,405.788360032993,48,0.592988260,406.612344621,ok
275,405.788360032993,34,0.516138423,406.884766886,ok
275,405.788360032993,24,0.712122083,406.872040325,ok
275,405.788360032993,16,0.780076272,406.904259952,ok
276,406.659595618201,192,0.533382920,406.841028546,ok
276,406.659595618201,136,0.845896071,406.742559531,ok
276,406.659595618201,96,1.200892631,406.488020590,ok
276,406.659595618201,68,0.973384367,405.947219693,ok
276,406.659595618201,48,0.734736490,405.775721460,ok
276,406.659595618201,34,0.381462757,405.615121351,ok
276,406.659595618201,24,0.338246311,405.756901874,ok
276,406.659595618201,16,0.298634898,405.765305478,ok
277,408.189888096934,192,0.386485618,408.298488390,ok
277,408.189888096934,136,0.619892660,408.386116093,patched
277,408.189888096934,96,0.663534032,408.117318952,patched
277,408.189888096934,68,0.518117676,408.214944261,patched
277,408.189888096934,48,0.657108623,408.311878897,patched
277,408.189888096934,34,1.114130702,408.157527941,patched
277,408.189888096934,24,0.827598575,408.138421440,patched
277,408.189888096934,16,0.706772508,408.066957955,patched
278,408.916642092702,192,0.541901978,409.131897860,ok
278,408.916642092702,136,0.692989593,408.828190513,ok
278,408.916642092702,96,0.479310345,408.868320466,ok
278,408.916642092702,68,0.583614365,408.984643587,ok
278,408.916642092702,48,0.575226365,408.808318202,ok
278,408.916642092702,34,0.288519568,408.759833632,ok
278,408.916642092702,24,0.467171523,408.818115609,ok
278,408.916642092702,16,0.558301371,408.915666823,ok
279,410.209277910752,192,0.493877283,410.390948540,ok
279,410.209277910752,136,0.593276640,410.263104697,ok
279,410.209277910752,96,0.511208095,410.297181120,ok
279,410.209277910752,68,0.641644866,410.359136499,ok
279,410.209277910752,48,0.546925859,410.314694540,ok
279,410.209277910752,34,0.379444731,410.388268484,ok
279,410.209277910752,24,0.492786983,410.287397338,ok
279,410.209277910752,16,0.524895778,410.178131824,ok
280,411.116552474646,786,0.512244827,411.127212942,ok
280,411.116552474646,550,0.517790431,411.132483163,ok
280,411.116552474646,393,0.525818849,411.140568094,ok
280,411.116552474646,275,0.540934771,411.157076425,ok
280,411.116552474646,197,0.602949122,411.212896362,ok
280,411.116552474646,192,0.626745125,411.220446109,ok
280,411.116552474646,138,0.599065067,411.076587411,ok
280,411.116552474646,136,0.596275525,411.101007415,ok
280,411.116552474646,99,0.611460070,411.142215034,ok
280,411.116552474646,96,0.624132508,411.157031255,ok
280,411.116552474646,68,0.667957364,411.033594343,ok
280,411.116552474646,48,0.693131301,411.103374097,ok
280,411.116552474646,34,0.875860679,411.190773446,ok
280,411.116552474646,24,0.724480253,411.183650354,ok
280,411.116552474646,16,0.661231507,411.248387009,ok
281,412.907615407565,192,0.464343693,412.989099462,ok
281,412.907615407565,136,0.512145355,412.985632456,ok
281,412.907615407565,96,0.524274042,413.026686729,ok
281,412.907615407565,68,0.576441801,412.989573377,ok
281,412.907615407565,48,0.635949438,412.999012515,ok
281,412.907615407565,34,0.692403456,412.881206197,ok
281,412.907615407565,24,0.774962731,412.930006002,ok
281,412.907615407565,16,0.843786896,412.866459254,ok
282,414.416948381421,192,0.328944463,414.460578857,ok
282,414.416948381421,136,0.346489127,414.538719380,ok
282,414.416948381421,96,0.299397067,414.605970091,ok
282,414.416948381421,68,0.366207677,414.649251475,ok
282,414.416948381421,48,0.427425050,414.784331587,ok
282,414.416948381421,34,0.504546213,414.421052083,patched
282,414.416948381421,24,0.541831829,414.247766556,patched
282,414.416948381421,16,0.396467786,414.250702819,patched
283,414.930404396119,192,0.559641529,415.179679101,ok
283,414.930404396119,136,0.786797623,415.150435948,ok
283,414.930404396119,96,1.170920041,415.121162094,ok
283,414.930404396119,68,1.015923296,414.820492197,ok
283,414.930404396119,48,0.866593001,414.544809340,ok
283,414.930404396119,34,0.663199095,415.009595416,ok
283,414.930404396119,24,0.513629582,415.127622441,ok
283,414.930404396119,16,0.690325793,415.198788679,ok
284,416.549594736127,192,0.404372787,416.670385035,ok
284,416.549594736127,136,0.544729090,416.738457997,ok
284,416.549594736127,96,0.763575931,416.507015079,ok
284,416.549594736127,68,0.604093768,416.563373637,ok
284,416.549594736127,48,0.542270636,416.694177532,ok
284,416.549594736127,34,0.781590578,416.619379995,ok
284,416.549594736127,24,0.975399045,416.591462775,ok
284,416.549594736127,16,0.725707678,416.497920845,ok
285,417.504355724839,192,0.413880846,417.712839136,ok
285,417.504355724839,136,0.734559611,417.736022203,patched
285,417.504355724839,96,0.527772754,417.376284018,patched
285,417.504355724839,68,0.555206979,417.526542915,patched
285,417.504355724839,48,0.797122481,417.503359401,patched
285,417.504355724839,34,0.521424333,417.371104067,patched
285,417.504355724839,24,0.376222318,417.317155339,patched
285,417.504355724839,16,0.628915811,417.481736015,patched
286,418.364395217948,192,0.599912425,418.622041139,ok
286,418.364395217948,136,0.722335580,418.271062602,ok
286,418.364395217948,96,0.490760997,418.391367107,ok
286,418.364395217948,68,0.610177550,418.412029926,ok
286,418.364395217948,48,0.516770097,418.282604284,ok
286,418.364395217948,34,0.545091600,418.445404142,ok
286,418.364395217948,24,0.535554784,418.554026183,ok
286,418.364395217948,16,0.469656898,418.321574716,ok
287,419.498294382452,192,0.623082965,419.618213659,ok
287,419.498294382452,136,0.596340728,419.478319651,ok
287,419.498294382452,96,0.566768349,419.562389933,ok
287,419.498294382452,68,0.628366968,419.510385174,ok
287,419.498294382452,48,0.574837791,419.546775385,ok
287,419.498294382452,34,0.661937925,419.512228139,ok
287,419.498294382452,24,0.720480250,419.462479083,ok
287,419.498294382452,16,0.700140388,419.613085624,ok
288,421.107918030129,805,0.496091218,421.120910028,ok
288,421.107918030129,563,0.494055652,421.126712168,ok
288,421.107918030129,403,0.490885384,421.134910728,ok
288,421.107918030129,282,0.484304247,421.149835925,ok
288,421.107918030129,202,0.467969969,421.197877346,ok
288,421.107918030129,192,0.476572060,421.225795364,ok
288,421.107918030129,141,0.535756900,421.186046927,ok
288,421.107918030129,136,0.542437481,421.196184922,ok
288,421.107918030129,101,0.521643650,421.213308477,ok
288,421.107918030129,96,0.524192579,421.246809512,ok
288,421.107918030129,68,0.594129688,421.224155438,ok
288,421.107918030129,48,0.624229614,421.289656633,ok
288,421.107918030129,34,0.639483101,421.209444507,ok
288,421.107918030129,24,0.617894484,421.179912299,ok
288,421.107918030129,16,0.671513113,421.054219699,ok
289,422.194139267890,192,0.520801001,422.325159367,ok
289,422.194139267890,136,0.592392191,422.272556771,ok
289,422.194139267890,96,0.649260191,422.323640507,ok
289,422.194139267890,68,0.674129785,422.224385924,ok
289,422.194139267890,48,0.750471981,422.134543217,ok
289,422.194139267890,34,0.685891012,422.157588605,ok
289,422.194139267890,24,0.682670534,422.174914158,ok
289,422.194139267890,16,0.593979208,422.269366447,ok
290,423.772624963261,192,0.407056939,423.872961392,ok
290,423.772624963261,136,0.492965803,423.916785991,ok
290,423.772624963261,96,0.549407422,424.019556285,ok
290,423.772624963261,68,0.625873711,423.908091369,ok
290,423.772624963261,48,0.604266737,423.761670330,ok
290,423.772624963261,34,0.638343147,423.797080014,ok
290,423.772624963261,24,0.662553091,423.791167241,ok
290,423.772624963261,16,0.793815819,423.679417765,ok
291,424.926356063216,192,0.312239198,425.058484084,ok
291,424.926356063216,136,0.385203210,425.196575591,ok
291,424.926356063216,96,0.339894936,425.343633353,ok
291,424.926356063216,68,0.460876302,425.392773770,ok
291,424.926356063216,48,0.432640999,425.031705089,ok
291,424.926356063216,34,0.527871121,424.974157521,ok
291,424.926356063216,24,0.534217610,424.909368045,ok
291,424.926356063216,16,0.268807876,424.887884350,ok
292,425.520636408191,192,0.619209572,425.844044017,ok
292,425.520636408191,136,1.034627089,425.533351057,ok
292,425.520636408191,96,1.272944790,424.947774501,ok
292,425.520636408191,68,0.847174512,424.961621507,ok
292,425.520636408191,48,0.841083235,425.548232918,ok
292,425.520636408191,34,0.690192285,425.535600950,ok
292,425.520636408191,24,0.628862394,425.592987722,ok
292,425.520636408191,16,0.925673952,425.691063736,ok
293,426.975994157163,192,0.461655857,427.177513135,ok
293,426.975994157163,136,0.611549877,427.017858166,ok
293,426.975994157163,96,0.479126308,426.952770368,ok
293,426.975994157163,68,0.518800750,427.049291231,ok
293,426.975994157163,48,0.648502375,426.907392336,ok
293,426.975994157163,34,0.701348504,426.974307186,ok
293,426.975994157163,24,0.786369664,426.977078652,ok
293,426.975994157163,16,0.522134093,426.918063320,ok
294,427.878234282358,192,0.619882590,428.102544076,ok
294,427.878234282358,136,0.599725508,427.880624774,ok
294,427.878234282358,96,0.515070860,427.965025523,ok
294,427.878234282358,68,0.642184790,427.955638327,ok
294,427.878234282358,48,0.496880673,427.877904683,ok
294,427.878234282358,34,0.521709988,427.817454366,ok
294,427.878234282358,24,0.473598668,427.773417055,ok
294,427.878234282358,16,0.678839913,427.862395701,ok
295,429.126152711303,192,0.586875608,429.290228350,ok
295,429.126152711303,136,0.579393939,429.178758460,ok
295,429.126152711303,96,0.579929382,429.257794911,ok
295,429.126152711303,68,0.660747037,429.176613121,ok
295,429.126152711303,48,0.599095466,429.274711794,ok
295,429.126152711303,34,0.569265379,429.241728287,ok
295,429.126152711303,24,0.550556562,429.280368807,ok
295,429.126152711303,16,0.484433463,429.154212586,ok
296,430.292288905493,822,0.505467590,430.303306671,ok
296,430.292288905493,576,0.507769278,430.308465541,ok
296,430.292288905493,411,0.510932990,430.316176966,ok
296,430.292288905493,288,0.516201201,430.330974370,ok
296,430.292288905493,206,0.538632696,430.380100374,ok
296,430.292288905493,192,0.590658643,430.394900073,ok
296,430.292288905493,144,0.576080280,430.321797037,ok
296,430.292288905493,136,0.581058737,430.330969831,ok
296,430.292288905493,103,0.591939026,430.354231528,ok
296,430.292288905493,96,0.644111608,430.358537586,ok
296,430.292288905493,68,0.627084897,430.275638306,ok
296,430.292288905493,48,0.727465624,430.287190568,ok
296,430.292288905493,34,0.725356005,430.314212889,ok
296,430.292288905493,24,0.769736226,430.281420584,ok
296,430.292288905493,16,0.791829317,430.387546362,ok
297,432.147158133781,192,0.381101890,432.229003557,ok
297,432.147158133781,136,0.424448989,432.258709936,ok
297,432.147158133781,96,0.424889235,432.354339295,ok
297,432.147158133781,68,0.498022365,432.324001513,ok
297,432.147158133781,48,0.722055126,432.260045692,ok
297,432.147158133781,34,0.824078485,432.210486874,ok
297,432.147158133781,24,0.733051413,432.184282001,ok
297,432.147158133781,16,0.705590870,432.014258108,ok
298,432.958752120863,192,0.470229468,433.181163580,ok
298,432.958752120863,136,0.596322868,433.181700305,ok
298,432.958752120863,96,0.968640318,433.221984578,ok
298,432.958752120863,68,0.804119673,433.020334267,ok
298,432.958752120863,48,0.530455753,432.842296398,ok
298,432.958752120863,34,0.435175931,432.801308430,ok
298,432.958752120863,24,0.509972774,432.856950924,ok
298,432.958752120863,16,0.472086291,433.051072988,ok
299,434.342453684331,192,0.295360334,434.496485691,ok
299,434.342453684331,136,0.344636961,434.594155742,ok
299,434.342453684331,96,0.354862240,434.762215094,ok
299,434.342453684331,68,0.426491829,434.731044790,ok
299,434.342453684331,48,0.330551369,434.501711136,ok
299,434.342453684331,34,0.255839523,434.460633077,ok
299,434.342453684331,24,0.353376795,434.431917592,ok
299,434.342453684331,16,0.647706664,434.318907042,patched
300,434.831358460793,192,0.786633147,435.181879420,ok
300,434.831358460793,136,1.111120488,434.805697201,ok
300,434.831358460793,96,0.922329824,434.083472486,ok
300,434.831358460793,68,0.816402282,434.320906096,ok
300,434.831358460793,48,0.991699488,434.769814771,ok
300,434.831358460793,34,1.118469035,434.884927784,ok
300,434.831358460793,24,0.964348790,434.903646308,ok
300,434.831358460793,16,0.633691530,434.976224020,ok
301,436.633939008390,192,0.349421714,436.788456540,ok
301,436.633939008390,136,0.512991885,436.804886684,ok
301,436.633939008390,96,0.408783628,436.654904224,ok
301,436.633939008390,68,0.423945428,436.724354856,ok
301,436.633939008390,48,0.567752804,436.581936876,ok
301,436.633939008390,34,0.548337902,436.447236377,ok
301,436.633939008390,24,0.686262833,436.405929298,ok
301,436.633939008390,16,0.853222428,436.304465585,ok
302,437.240633747278,192,0.710679808,437.702665273,ok
302,437.240633747278,136,0.770339786,437.198499570,ok
302,437.240633747278,96,0.593722340,437.474845456,ok
302,437.240633747278,68,0.780172555,437.418554056,ok
302,437.240633747278,48,0.496184494,437.358190173,ok
302,437.240633747278,34,0.380134833,437.425493601,ok
302,437.240633747278,24,0.293234230,437.348652794,ok
302,437.240633747278,16,0.880983152,438.435474387,ok
303,438.224425158722,192,0.784619152,438.156332975,patched
303,438.224425158722,136,0.573683207,438.164864858,patched
303,438.224425158722,96,0.704105968,438.201271046,patched
303,438.224425158722,68,0.635916800,438.103340354,patched
303,438.224425158722,48,0.632247465,440.626280369,patched
303,438.224425158722,34,0.813960720,440.428310216,patched
303,438.224425158722,24,0.816990558,438.372675968,patched
303,438.224425158722,16,0.178289335,437.349402458,ok
304,440.321387596748,841,0.487851165,440.329203556,ok
304,440.321387596748,589,0.482347929,440.332374766,ok
304,440.321387596748,421,0.474398069,440.336566077,ok
304,440.321387596748,295,0.459771299,440.343171104,ok
304,440.321387596748,211,0.417629383,440.364909815,ok
304,440.321387596748,192,0.416501654,440.419218485,ok
304,440.321387596748,148,0.458537237,440.407127941,ok
304,440.321387596748,136,0.460526912,440.413326146,ok
304,440.321387596748,106,0.433034682,440.433550466,ok
304,440.321387596748,96,0.452310741,440.490041529,ok
304,440.321387596748,68,0.507017393,440.476856838,ok
304,440.321387596748,48,0.632247465,440.626280369,patched
304,440.321387596748,34,0.813960720,440.428310216,patched
304,440.321387596748,24,0.816990558,438.372675968,patched
304,440.321387596748,16,0.793693942,440.215787920,patched
305,441.208822826611,192,0.492270461,441.423409493,ok
305,441.208822826611,136,0.574619003,441.378574111,ok
305,441.208822826611,96,0.789961722,441.488461516,ok
305,441.208822826611,68,0.767795205,441.310574415,ok
305,441.208822826611,48,0.751444672,440.958483393,ok
305,441.208822826611,34,0.483214988,441.038757453,ok
305,441.208822826611,24,0.365639253,441.120386007,ok
305,441.208822826611,16,0.401957710,441.195420373,ok
306,442.372384574965,192,0.521485716,442.593220848,ok
306,442.372384574965,136,0.628063237,442.521217521,ok
306,442.372384574965,96,0.830093747,442.284895110,ok
306,442.372384574965,68,0.679865099,442.326647477,ok
306,442.372384574965,48,0.488507687,442.372365362,ok
306,442.372384574965,34,0.494913889,442.513824442,ok
306,442.372384574965,24,0.623113265,442.678208151,ok
306,442.372384574965,16,0.688623381,442.549724199,ok
307,443.606860842942,192,0.478035421,443.841659580,ok
307,443.606860842942,136,0.630584879,443.762342819,ok
307,443.606860842942,96,0.612414082,443.501782960,ok
307,443.606860842942,68,0.590693269,443.596767532,ok
307,443.606860842942,48,0.562284308,443.857450368,ok
307,443.606860842942,34,0.932187804,443.722505018,ok
307,443.606860842942,24,0.796291289,443.388712882,ok
307,443.606860842942,16,0.689597481,443.512628123,ok
308,444.680293102725,192,0.429174126,444.994356571,ok
308,444.680293102725,136,0.719739366,444.832697512,patched
308,444.680293102725,96,0.475254365,444.659082668,patched
308,444.680293102725,68,0.547561542,444.746245120,patched
308,444.680293102725,48,0.943534482,444.518822309,patched
308,444.680293102725,34,0.495591741,444.442504795,patched
308,444.680293102725,24,0.399758215,444.763698729,patched
308,444.680293102725,16,0.561408289,444.747973404,patched
309,445.422088567653,192,0.956018686,445.669621425,ok
309,445.422088567653,136,0.630062160,445.313241358,ok
309,445.422088567653,96,0.549520354,445.511711334,ok
309,445.422088567653,68,0.639515891,445.430985115,ok
309,445.422088567653,48,0.399336797,445.352032667,ok
309,445.422088567653,34,0.477048033,445.524114858,ok
309,445.422088567653,24,0.767829336,445.377218162,ok
309,445.422088567653,16,0.624337586,445.327482039,ok
310,446.767324378939,192,0.670729147,446.866411430,ok
310,446.767324378939,136,0.580646539,446.810083768,ok
310,446.767324378939,96,0.591778363,446.895708317,ok
310,446.767324378939,68,0.623429703,446.825485955,ok
310,446.767324378939,48,0.519118274,446.906302782,ok
310,446.767324378939,34,0.690951086,446.896751731,ok
310,446.767324378939,24,0.512451729,446.799376039,ok
310,446.767324378939,16,0.558206350,446.841036108,ok
311,447.906425254960,192,0.632300109,447.957814237,ok
311,447.906425254960,136,0.585920676,447.941783488,ok
311,447.906425254960,96,0.657949857,447.960111884,ok
311,447.906425254960,68,0.629320606,447.910427684,ok
311,447.906425254960,48,0.735959442,447.980315316,ok
311,447.906425254960,34,0.660511330,447.840520887,ok
311,447.906425254960,24,0.728700148,447.989896862,ok
311,447.906425254960,16,0.720142517,447.925677952,ok
312,449.557184213544,859,0.492514985,449.568507322,ok
312,449.557184213544,602,0.488923704,449.573366411,ok
312,449.557184213544,430,0.483476733,449.580119839,ok
312,449.557184213544,301,0.472690087,449.591676223,ok
312,449.557184213544,215,0.439664341,449.628747941,ok
312,449.557184213544,192,0.484320690,449.686036696,ok
312,449.557184213544,151,0.494397950,449.655521009,ok
312,449.557184213544,136,0.500145133,449.672621384,ok
312,449.557184213544,108,0.496935439,449.701620097,ok
312,449.557184213544,96,0.570510579,449.726288842,ok
312,449.557184213544,68,0.575378271,449.689427245,ok
312,449.557184213544,48,0.743312591,449.609503502,ok
312,449.557184213544,34,0.611110378,449.663033565,ok
312,449.557184213544,24,0.713299631,449.499015749,ok
312,449.557184213544,16,0.697820455,449.553314270,ok
313,450.615416250905,192,0.535196583,450.801546183,ok
313,450.615416250905,136,0.578334934,450.781681267,ok
313,450.615416250905,96,0.757383508,450.719709358,ok
313,450.615416250905,68,0.715403567,450.690289979,ok
313,450.615416250905,48,0.560277988,450.510602212,ok
313,450.615416250905,34,0.711583856,450.584555945,ok
313,450.615416250905,24,0.483323277,450.637126931,ok
313,450.615416250905,16,0.539920857,450.578206967,ok
314,451.843221514932,192,0.515798624,452.056284196,ok
314,451.843221514932,136,0.605031576,452.040284516,ok
314,451.843221514932,96,0.710393051,451.818789546,ok
314,451.843221514932,68,0.685880038,451.836619881,ok
314,451.843221514932,48,0.482625975,451.942622886,ok
314,451.843221514932,34,0.558340946,451.800041285,ok
314,451.843221514932,24,0.807125582,451.948945205,ok
314,451.843221514932,16,0.667052421,451.988049535,ok
315,453.066725547017,192,0.341759114,453.311428460,ok
315,453.066725547017,136,0.400308109,453.393936126,ok
315,453.066725547017,96,0.508573922,453.614425194,ok
315,453.066725547017,68,0.535979489,453.588359188,ok
315,453.066725547017,48,0.296466439,453.416452410,ok
315,453.066725547017,34,0.370728775,453.243360140,ok
315,453.066725547017,24,0.465089508,452.871207630,patched
315,453.066725547017,16,0.657056674,452.871630449,patched
316,453.615470653080,192,1.107916292,453.877688351,ok
316,453.615470653080,136,1.088174485,453.352784444,ok
316,453.615470653080,96,0.605304986,453.023680495,ok
316,453.615470653080,68,0.619482708,453.062844698,ok
316,453.615470653080,48,1.154537801,453.209565941,ok
316,453.615470653080,34,0.961523900,453.514859476,ok
316,453.615470653080,24,0.630378056,453.872661292,ok
316,453.615470653080,16,0.479858878,453.782087175,ok
317,454.945688553314,192,0.659416687,454.961627806,ok
317,454.945688553314,136,0.560464077,454.939451992,ok
317,454.945688553314,96,0.556757453,455.029421427,ok
317,454.945688553314,68,0.580657818,455.013463922,ok
317,454.945688553314,48,0.462562909,454.969540520,ok
317,454.945688553314,34,0.530827137,454.885588482,ok
317,454.945688553314,24,0.724227105,454.770095508,ok
317,454.945688553314,16,0.806935515,454.852995434,ok
318,456.346117168353,192,0.572053469,456.543951938,ok
318,456.346117168353,136,0.528739255,456.463981910,ok
318,456.346117168353,96,0.495838184,456.603108166,ok
318,456.346117168353,68,0.566408450,456.654188843,ok
318,456.346117168353,48,0.381690574,456.609756317,ok
318,456.346117168353,34,0.432526466,456.515531913,ok
318,456.346117168353,24,0.377312569,456.375177904,ok
318,456.346117168353,16,0.372200922,456.298646711,ok
319,457.021726712959,192,0.690719991,456.926164012,ok
319,457.021726712959,136,0.638125674,456.993000411,ok
319,457.021726712959,96,0.808683612,456.897012206,ok
319,457.021726712959,68,0.747790717,456.770512213,ok
319,457.021726712959,48,0.985757008,456.910959083,ok
319,457.021726712959,34,0.843391244,456.980207427,ok
319,457.021726712959,24,0.811264814,457.136684478,ok
319,457.021726712959,16,0.787645313,457.194552370,ok
320,459.018258658823,877,0.490894298,459.026584119,ok
320,459.018258658823,614,0.486676812,459.030086670,ok
320,459.018258658823,439,0.480475035,459.034829957,ok
320,459.018258658823,307,0.468534050,459.042684908,ok
320,459.018258658823,220,0.432198160,459.067796535,ok
320,459.018258658823,192,0.476013649,459.112866294,ok
320,459.018258658823,154,0.470306019,459.106735320,ok
320,459.018258658823,136,0.472554667,459.114139419,ok
320,459.018258658823,110,0.473766685,459.142057310,ok
320,459.018258658823,96,0.535484773,459.149381828,ok
320,459.018258658823,68,0.546890147,459.131462166,ok
320,459.018258658823,48,0.635503351,459.055088156,ok
320,459.018258658823,34,0.718022266,459.115612790,ok
320,459.018258658823,24,0.806717019,459.014613838,ok
320,459.018258658823,16,0.811964546,458.949753852,ok
321,460.160709095494,192,0.434088433,460.345367512,ok
321,460.160709095494,136,0.432509603,460.367403717,ok
321,460.160709095494,96,nan,nan,dup
321,460.160709095494,68,0.650615256,460.443359149,patched
321,460.160709095494,48,0.532439677,460.179187483,patched
321,460.160709095494,34,0.600024792,460.011094742,patched
321,460.160709095494,24,0.449516635,460.015390036,patched
321,460.160709095494,16,0.548032713,461.182107995,ok
322,460.988498639436,192,0.680446780,461.272685397,ok
322,460.988498639436,136,0.793335633,461.324134114,ok
322,460.988498639436,96,0.854360145,460.777904795,ok
322,460.988498639436,68,0.794091110,460.790027236,ok
322,460.988498639436,48,0.655348143,461.160870332,ok
322,460.988498639436,34,0.431876864,461.090086744,ok
322,460.988498639436,24,0.472912177,461.223564062,ok
322,460.988498639436,16,0.698436403,463.394813310,patched
323,461.999304996366,192,0.724051641,462.024913969,ok
323,461.999304996366,136,0.752937040,461.905306786,ok
323,461.999304996366,96,0.534440925,461.933337687,ok
323,461.999304996366,68,0.538139298,461.929515026,ok
323,461.999304996366,48,0.730220894,461.870561408,ok
323,461.999304996366,34,0.812107152,462.121765679,ok
323,461.999304996366,24,0.872174693,461.973485171,ok
323,461.999304996366,16,0.807587718,462.002346314,ok
324,463.604752415830,192,0.369277668,463.752009200,ok
324,463.604752415830,136,0.398100985,463.788580022,ok
324,463.604752415830,96,0.387299579,463.673916403,ok
324,463.604752415830,68,0.392351121,463.678228458,ok
324,463.604752415830,48,0.542338621,463.550081127,ok
324,463.604752415830,34,0.764234454,463.354084810,patched
324,463.604752415830,24,0.679087095,463.451299356,patched
324,463.604752415830,16,0.698436403,463.394813310,patched
325,463.978674161934,192,0.900862637,464.006058105,ok
325,463.978674161934,136,0.882211536,463.849694945,ok
325,463.978674161934,96,0.775341905,464.078207508,ok
325,463.978674161934,68,0.788789407,464.058977400,ok
325,463.978674161934,48,0.546050040,464.071855438,ok
325,463.978674161934,34,0.339616876,464.062951395,ok
325,463.978674161934,24,0.409738786,464.036782179,ok
325,463.978674161934,16,0.401447459,464.084791585,ok
326,465.343832911808,192,0.586407320,465.359803949,ok
326,465.343832911808,136,0.577728890,465.350175093,ok
326,465.343832911808,96,0.631043391,465.367041888,ok
326,465.343832911808,68,0.642796470,465.353376775,ok
326,465.343832911808,48,0.678514444,465.420306888,ok
326,465.343832911808,34,0.635096322,465.530358183,ok
326,465.343832911808,24,0.644990304,465.484160601,ok
326,465.343832911808,16,0.664035437,465.444605597,ok
327,466.726573092334,192,0.547452935,466.776633506,ok
327,466.726573092334,136,0.557187649,466.773505576,ok
327,466.726573092334,96,0.598065507,466.771845691,ok
327,466.726573092334,68,0.613692845,466.754633428,ok
327,466.726573092334,48,0.671888832,466.725895298,ok
327,466.726573092334,34,0.784927585,466.712614048,ok
327,466.726573092334,24,0.754594476,466.713417115,ok
327,466.726573092334,16,0.736900312,466.745665093,ok
328,468.448664810618,895,0.482610013,468.457018360,ok
328,468.448664810618,627,0.474847625,468.460088050,ok
328,468.448664810618,448,0.463731074,468.463774421,ok
328,468.448664810618,314,0.443677670,468.468380707,ok
328,468.448664810618,224,0.384113291,468.481281653,ok
328,468.448664810618,192,0.410993812,468.535854839,ok
328,468.448664810618,157,0.399026112,468.552930430,ok
328,468.448664810618,136,0.409172064,468.568259642,ok
328,468.448664810618,112,0.373459814,468.597153250,ok
328,468.448664810618,96,0.429093273,468.634221974,ok
328,468.448664810618,68,0.471092752,468.669590291,ok
328,468.448664810618,48,0.646773321,468.591994715,ok
328,468.448664810618,34,0.664125439,468.359580885,ok
328,468.448664810618,24,0.692074245,468.386229386,ok
328,468.448664810618,16,0.725786829,468.292710013,ok
329,469.158857398639,192,0.577041941,469.358185956,ok
329,469.158857398639,136,0.672708593,469.407360603,ok
329,469.158857398639,96,0.911097978,469.301388415,ok
329,469.158857398639,68,0.899377052,469.120701295,ok
329,469.158857398639,48,0.607604864,469.071788822,ok
329,469.158857398639,34,0.416359734,469.215544743,ok
329,469.158857398639,24,0.432334877,469.169389979,ok
329,469.158857398639,16,0.336787154,469.242979424,ok
330,470.287125595125,192,0.604854880,470.408500198,ok
330,470.287125595125,136,0.718726151,470.362436221,ok
330,470.287125595125,96,0.657899759,470.185806349,ok
330,470.287125595125,68,0.587136486,470.209770583,ok
330,470.287125595125,48,0.608261963,470.329080748,ok
330,470.287125595125,34,0.771720605,470.499223494,ok
330,470.287125595125,24,0.682872760,470.474990942,ok
330,470.287125595125,16,0.854771867,470.420728087,ok
331,471.629920983835,192,0.500070618,471.780365664,ok
331,471.629920983835,136,0.635072106,471.774235723,ok
331,471.629920983835,96,0.570846509,471.635594702,ok
331,471.629920983835,68,0.530603028,471.676112163,ok
331,471.629920983835,48,0.704894549,471.714934951,ok
331,471.629920983835,34,0.744224997,471.404084014,ok
331,471.629920983835,24,0.833879788,471.479206014,ok
331,471.629920983835,16,0.572261345,471.570047637,ok
332,472.452455387089,192,0.641299029,472.617311842,ok
332,472.452455387089,136,0.689688589,472.430824450,ok
332,472.452455387089,96,0.550667689,472.495014803,ok
332,472.452455387089,68,0.608206739,472.547443784,ok
332,472.452455387089,48,0.561831266,472.352530231,ok
332,472.452455387089,34,0.374532609,472.460900684,ok
332,472.452455387089,24,0.380282820,472.386912307,ok
332,472.452455387089,16,0.643769444,472.367206432,ok
333,473.387149029717,192,0.657870094,473.417290655,ok
333,473.387149029717,136,0.597868667,473.356502963,ok
333,473.387149029717,96,0.618540274,473.426140274,ok
333,473.387149029717,68,0.667225548,473.377275036,ok
333,473.387149029717,48,0.561876646,473.423258330,ok
333,473.387149029717,34,0.667902168,473.545701244,ok
333,473.387149029717,24,0.593386550,473.555858369,ok
333,473.387149029717,16,0.443900191,473.454500374,ok
334,474.645084165178,192,0.576399689,474.685361062,ok
334,474.645084165178,136,0.572771621,474.663769452,ok
334,474.645084165178,96,0.604610637,474.675305450,ok
334,474.645084165178,68,0.609846540,474.641162634,ok
334,474.645084165178,48,0.633327698,474.689802553,ok
334,474.645084165178,34,0.681289476,474.599693015,ok
334,474.645084165178,24,0.732563014,474.622768357,ok
334,474.645084165178,16,0.810248195,474.715979241,ok
335,476.413118601802,192,0.426446632,476.511597105,ok
335,476.413118601802,136,0.443600131,476.540974272,ok
335,476.413118601802,96,0.447188717,476.599637232,ok
335,476.413118601802,68,0.486233901,476.616376134,ok
335,476.413118601802,48,0.453922770,476.765140380,ok
335,476.413118601802,34,0.585550610,476.642684907,ok
335,476.413118601802,24,0.671264462,476.496024957,patched
335,476.413118601802,16,0.599819181,476.322849505,patched
336,477.086028913592,912,0.509525327,477.102087699,ok
336,477.086028913592,638,0.513287265,477.109825734,ok
336,477.086028913592,456,0.517976621,477.121437180,ok
336,477.086028913592,319,0.524105640,477.144237540,ok
336,477.086028913592,228,0.536548445,477.223702691,ok
336,477.086028913592,192,0.616774603,477.212865375,ok
336,477.086028913592,160,0.658120004,477.196363884,ok
336,477.086028913592,136,0.691138181,477.179032800,ok
336,477.086028913592,114,0.746074652,477.218954474,ok
336,477.086028913592,96,0.810114788,477.115767473,ok
336,477.086028913592,68,0.794199239,477.022170171,ok
336,477.086028913592,48,0.908042068,476.763579923,ok
336,477.086028913592,34,0.710397006,476.887087420,ok
336,477.086028913592,24,0.578983255,477.000804990,ok
336,477.086028913592,16,0.612833300,477.182945644,ok
337,479.029199856923,192,0.306824668,479.061897720,ok
337,479.029199856923,136,0.294541030,479.126280388,ok
337,479.029199856923,96,0.301219254,479.200126171,ok
337,479.029199856923,68,0.333411616,479.219406428,ok
337,479.029199856923,48,0.452396049,479.044875381,ok
337,479.029199856923,34,nan,nan,dup
337,479.029199856923,24,0.288878537,479.297181630,ok
337,479.029199856923,16,0.330531938,479.539696872,ok
338,479.397399750526,192,0.646898221,479.766272747,ok
338,479.397399750526,136,1.048910000,479.726177979,ok
338,479.397399750526,96,1.121396046,479.301996368,ok
338,479.397399750526,68,0.992878961,479.241966276,ok
338,479.397399750526,48,0.685326602,479.569809215,ok
338,479.397399750526,34,0.707532602,479.298577362,ok
338,479.397399750526,24,0.946740111,479.104452079,ok
338,479.397399750526,16,0.814078026,478.866866179,ok
339,480.644243324571,192,0.634101066,480.843598635,ok
339,480.644243324571,136,0.684869905,480.556566434,ok
339,480.644243324571,96,0.518746655,480.592592414,ok
339,480.644243324571,68,0.527951370,480.644199150,ok
339,480.644243324571,48,0.797470432,480.605444027,ok
339,480.644243324571,34,0.689888525,480.681807445,ok
339,480.644243324571,24,0.550280770,480.880316742,ok
339,480.644243324571,16,0.810994322,480.720449566,ok
340,481.645003952002,192,0.670590366,481.739385522,ok
340,481.645003952002,136,0.565890786,481.606303919,ok
340,481.645003952002,96,0.524329160,481.690562936,ok
340,481.645003952002,68,0.576146533,481.706365437,ok
340,481.645003952002,48,0.514592057,481.534699994,ok
340,481.645003952002,34,0.585374294,481.561320844,ok
340,481.645003952002,24,0.794852680,481.453586914,ok
340,481.645003952002,16,0.569336252,481.562137041,ok
341,482.944800252098,192,0.576148732,483.104866684,ok
341,482.944800252098,136,0.549791391,483.015607578,ok
341,482.944800252098,96,0.538286593,483.105031163,ok
341,482.944800252098,68,0.628561082,483.104367438,ok
341,482.944800252098,48,0.466881283,483.050304503,ok
341,482.944800252098,34,0.533029565,483.024914008,ok
341,482.944800252098,24,0.434018578,482.934058694,ok
341,482.944800252098,16,0.558837367,482.934105741,ok
342,483.794626820111,192,0.671776445,483.811641526,ok
342,483.794626820111,136,0.606299471,483.804212976,ok
342,483.794626820111,96,0.706242145,483.798932372,ok
342,483.794626820111,68,0.676758352,483.703867007,ok
342,483.794626820111,48,0.739669488,483.865202157,ok
342,483.794626820111,34,0.680093582,483.804442889,ok
342,483.794626820111,24,0.696422790,483.931851576,ok
342,483.794626820111,16,0.616441648,483.879091695,ok
343,485.412781185815,192,0.529496517,485.503589317,ok
343,485.412781185815,136,0.534769872,485.494328062,ok
343,485.412781185815,96,0.596188550,485.501354727,ok
343,485.412781185815,68,0.592608942,485.465532288,ok
343,485.412781185815,48,0.708339099,485.454542008,ok
343,485.412781185815,34,0.675059109,485.489645473,ok
343,485.412781185815,24,0.750708655,485.399832913,ok
343,485.412781185815,16,0.786715944,485.434086059,ok
344,486.822151673585,930,0.490062048,486.833945709,ok
344,486.822151673585,651,0.485311146,486.838888509,ok
344,486.822151673585,465,0.478130335,486.845565065,ok
344,486.822151673585,326,0.463941498,486.856321926,ok
344,486.822151673585,233,0.416849711,486.888971015,ok
344,486.822151673585,192,0.449378068,486.957314719,ok
344,486.822151673585,163,0.466624049,486.961307121,ok
344,486.822151673585,136,0.473749875,486.975445334,ok
344,486.822151673585,117,0.482473882,487.016544727,ok
344,486.822151673585,96,0.589060939,487.020745043,ok
344,486.822151673585,68,0.586386984,486.974414571,ok
344,486.822151673585,48,0.652570868,486.769337394,ok
344,486.822151673585,34,0.751488880,486.785104880,ok
344,486.822151673585,24,0.576293352,486.783920456,ok
344,486.822151673585,16,0.568669011,486.725260653,ok
345,487.833171011941,192,0.481042907,488.070304298,ok
345,487.833171011941,136,0.561606264,488.127596794,ok
345,487.833171011941,96,0.859319234,487.883759073,ok
345,487.833171011941,68,0.787853057,487.901079084,ok
345,487.833171011941,48,0.459165790,487.852721721,ok
345,487.833171011941,34,0.452041113,487.735114415,ok
345,487.833171011941,24,0.613631454,487.888599145,ok
345,487.833171011941,16,0.560442235,487.937644477,ok
346,488.806150414169,192,0.632713207,489.123652067,ok
346,488.806150414169,136,0.970255298,488.954936218,ok
346,488.806150414169,96,0.592314869,488.663821100,ok
346,488.806150414169,68,0.623201271,488.684374425,ok
346,488.806150414169,48,0.685495328,489.190672540,ok
346,488.806150414169,34,0.434868259,489.063829790,patched
346,488.806150414169,24,0.533852829,488.803215672,patched
346,488.806150414169,16,0.618329424,488.799121515,patched
347,489.766281039969,192,0.793445695,489.841394283,ok
347,489.766281039969,136,0.623202797,489.614247535,ok
347,489.766281039969,96,0.508188381,489.752171935,ok
347,489.766281039969,68,0.523384839,489.742040900,ok
347,489.766281039969,48,0.769538209,489.418313214,ok
347,489.766281039969,34,1.015621693,489.666108798,ok
347,489.766281039969,24,0.776743691,489.902525480,ok
347,489.766281039969,16,0.687543336,489.846858112,ok
348,491.070330632695,192,0.617789163,491.196287930,ok
348,491.070330632695,136,0.568147787,491.085622024,ok
348,491.070330632695,96,0.503338844,491.173506706,ok
348,491.070330632695,68,0.520757659,491.172812851,ok
348,491.070330632695,48,0.459481010,491.018117878,ok
348,491.070330632695,34,0.458710130,490.910947497,ok
348,491.070330632695,24,0.638155096,490.808584363,ok
348,491.070330632695,16,0.710328952,490.878852891,ok
349,492.107637911826,192,0.730455053,492.269738888,ok
349,492.107637911826,136,0.589525904,492.184811869,ok
349,492.107637911826,96,0.636891544,492.446205568,ok
349,492.107637911826,68,0.785873655,492.368908357,patched
349,492.107637911826,48,0.406592237,492.344145742,patched
349,492.107637911826,34,0.329626021,492.287095382,patched
349,492.107637911826,24,0.279292968,492.170673416,patched
349,492.107637911826,16,0.299711294,492.097888956,patched
350,492.834775780116,192,0.600920563,492.694870254,ok
350,492.834775780116,136,0.593207932,492.778517960,ok
350,492.834775780116,96,0.707117616,492.577770140,ok
350,492.834775780116,68,0.572315189,492.591955969,ok
350,492.834775780116,48,0.899862411,492.759746526,ok
350,492.834775780116,34,0.932407551,492.870459551,ok
350,492.834775780116,24,0.888170340,492.999220374,ok
350,492.834775780116,16,0.830261306,493.047956648,ok
351,495.013420762541,192,0.438480905,495.098857935,ok
351,495.013420762541,136,0.432090990,495.099392628,ok
351,495.013420762541,96,0.468253438,495.158034882,ok
351,495.013420762541,68,0.494096793,495.157284182,ok
351,495.013420762541,48,0.686274113,495.183052391,ok
351,495.013420762541,34,0.790145054,495.070230113,ok
351,495.013420762541,24,0.857204445,494.929779542,ok
351,495.013420762541,16,0.893956306,494.831699897,ok
352,495.883345489982,948,0.492620864,495.905700713,ok
352,495.883345489982,663,0.488345272,495.915316801,ok
352,495.883345489982,474,0.481177161,495.928435358,ok
352,495.883345489982,332,0.464966422,495.950119079,ok
352,495.883345489982,237,0.405380953,496.010122556,ok
352,495.883345489982,192,0.498876610,496.106532247,ok
352,495.883345489982,166,0.491837452,496.124891031,ok
352,495.883345489982,136,0.496559917,496.137293986,ok
352,495.883345489982,119,0.493024911,496.205044623,ok
352,495.883345489982,96,0.811033919,496.194390609,patched
352,495.883345489982,68,0.810231474,496.070447295,patched
352,495.883345489982,48,0.600806565,495.743122494,patched
352,495.883345489982,34,0.446045381,495.752185034,patched
352,495.883345489982,24,0.312364125,495.800177347,patched
352,495.883345489982,16,0.536005989,498.213211104,patched
353,496.742536079705,192,0.720170560,496.859595530,ok
353,496.742536079705,136,0.798812486,496.853394069,ok
353,496.742536079705,96,0.664696272,496.516485697,ok
353,496.742536079705,68,0.625114446,496.574412211,ok
353,496.742536079705,48,0.544323424,496.789706571,ok
353,496.742536079705,34,0.566996074,496.879485007,ok
353,496.742536079705,24,0.669206970,496.995049701,ok
353,496.742536079705,16,0.856947843,497.005448071,ok
354,498.351512093401,192,0.419871816,498.543359133,ok
354,498.351512093401,136,0.426426878,498.620546768,ok
354,498.351512093401,96,0.591626742,498.420291427,patched
354,498.351512093401,68,0.588905927,498.441119781,patched
354,498.351512093401,48,0.343227404,498.681994523,ok
354,498.351512093401,34,0.329040802,498.761860634,ok
354,498.351512093401,24,0.400289176,498.913057297,ok
354,498.351512093401,16,0.536005989,498.213211104,patched
355,498.924013896605,192,0.852548519,499.017862185,ok
355,498.924013896605,136,0.989876785,498.789675847,ok
355,498.924013896605,96,0.567158824,498.889603156,ok
355,498.924013896605,68,0.585375818,498.870327364,ok
355,498.924013896605,48,1.023035014,498.568404798,ok
355,498.924013896605,34,1.032620757,498.419448262,ok
355,498.924013896605,24,0.876411811,498.233536398,ok
355,498.924013896605,16,0.742008024,499.003146619,ok
356,500.156392642679,192,0.636289654,500.216404487,ok
356,500.156392642679,136,0.596588172,500.147474310,ok
356,500.156392642679,96,0.569791326,500.262479339,ok
356,500.156392642679,68,0.579362433,500.252962651,ok
356,500.156392642679,48,0.451543525,500.200578668,ok
356,500.156392642679,34,0.468326029,500.250701732,ok
356,500.156392642679,24,0.616285774,500.224357864,ok
356,500.156392642679,16,0.452063964,500.036920720,patched
357,501.012730624683,192,0.605423989,500.982048374,ok
357,501.012730624683,136,0.570509514,500.985564658,ok
357,501.012730624683,96,0.655137902,501.000717688,ok
357,501.012730624683,68,0.657467347,500.987606099,ok
357,501.012730624683,48,0.668336633,501.098195355,ok
357,501.012730624683,34,0.699620309,501.058398695,ok
357,501.012730624683,24,0.598463531,501.001719078,ok
357,501.012730624683,16,0.662065137,501.164579208,ok
358,502.538024822396,192,0.541460315,502.597860242,ok
358,502.538024822396,136,0.545166283,502.597207775,ok
358,502.538024822396,96,0.590311912,502.607875999,ok
358,502.538024822396,68,0.609670359,502.600160891,ok
358,502.538024822396,48,0.679349496,502.603374350,ok
358,502.538024822396,34,0.675384550,502.590154966,ok
358,502.538024822396,24,0.688885881,502.638606763,ok
358,502.538024822396,16,0.687450501,502.513377187,ok
359,503.813553181904,192,0.528598367,503.897782231,ok
359,503.813553181904,136,0.546373454,503.906569624,ok
359,503.813553181904,96,0.606468886,503.902520110,ok
359,503.813553181904,68,0.634355502,503.876341438,ok
359,503.813553181904,48,0.657764322,503.800599905,ok
359,503.813553181904,34,0.660105308,503.783506187,ok
359,503.813553181904,24,0.684702920,503.731483365,ok
359,503.813553181904,16,0.658655141,503.841666356,ok
360,505.221533937775,965,0.488287558,505.235078730,ok
360,505.221533937775,676,0.482638733,505.240646271,ok
360,505.221533937775,483,0.474044313,505.248041899,ok
360,505.221533937775,338,0.456843765,505.259570809,ok
360,505.221533937775,242,0.399675416,505.291265696,ok
360,505.221533937775,192,0.444482300,505.352796820,ok
360,505.221533937775,169,0.453976381,505.390548302,ok
360,505.221533937775,136,0.459290106,505.403007489,ok
360,505.221533937775,121,0.438697045,505.455722103,ok
360,505.221533937775,96,0.565446826,505.471997582,ok
360,505.221533937775,68,0.669504824,505.402099209,ok
360,505.221533937775,48,0.606703733,505.284570728,ok
360,505.221533937775,34,0.571223945,505.266200949,ok
360,505.221533937775,24,0.512957588,505.245205350,ok
360,505.221533937775,16,0.612995556,505.120417778,ok
361,506.016591965456,192,0.616205328,506.182506306,ok
361,506.016591965456,136,0.754574731,506.185071268,ok
361,506.016591965456,96,0.821736728,505.914206188,ok
361,506.016591965456,68,0.661917040,505.877600946,ok
361,506.016591965456,48,0.613047857,505.994596322,ok
361,506.016591965456,34,0.646328944,506.037209347,ok
361,506.016591965456,24,0.689984446,506.093224568,ok
361,506.016591965456,16,0.513473530,506.177874034,ok
362,507.389099012165,192,0.487481531,507.571031701,ok
362,507.389099012165,136,0.684640032,507.648248381,patched
362,507.389099012165,96,0.627501662,507.381545541,patched
362,507.389099012165,68,0.564986564,507.425781100,patched
362,507.389099012165,48,0.606061738,507.531167061,patched
362,507.389099012165,34,0.670766809,507.414623779,patched
362,507.389099012165,24,0.677788002,507.326445911,patched
362,507.389099012165,16,0.304188587,508.237441534,ok
363,508.203118801750,192,0.703411163,508.447542583,ok
363,508.203118801750,136,0.779396736,508.037064242,ok
363,508.203118801750,96,0.539593251,508.192410529,ok
363,508.203118801750,68,0.606915645,508.257221965,ok
363,508.203118801750,48,0.723473891,508.120844560,ok
363,508.203118801750,34,0.553983400,508.205678644,ok
363,508.203118801750,24,0.476731975,508.266229962,ok
363,508.203118801750,16,nan,nan,dup
364,509.013551682515,192,0.684005320,508.938248316,ok
364,509.013551682515,136,0.532496764,508.940085297,ok
364,509.013551682515,96,0.577884738,509.026904047,ok
364,509.013551682515,68,0.614326259,508.973002423,ok
364,509.013551682515,48,0.525270312,508.944448099,ok
364,509.013551682515,34,0.636842574,508.968748359,ok
364,509.013551682515,24,0.716727992,508.968469035,ok
364,509.013551682515,16,0.820346022,509.061556432,ok
365,510.673742477348,192,0.493605068,510.814266798,ok
365,510.673742477348,136,0.508639575,510.780341009,ok
365,510.673742477348,96,0.484234774,510.854813125,ok
365,510.673742477348,68,0.536714638,510.859235476,ok
365,510.673742477348,48,0.464419030,510.824777675,ok
365,510.673742477348,34,0.558797617,510.759990013,ok
365,510.673742477348,24,0.553946004,510.697727380,ok
365,510.673742477348,16,0.526811489,510.617449108,ok
366,511.348064517480,192,0.676933915,511.371961943,ok
366,511.348064517480,136,0.644907258,511.348267378,ok
366,511.348064517480,96,0.759909052,511.318663906,ok
366,511.348064517480,68,0.724116332,511.249226859,ok
366,511.348064517480,48,0.791530151,511.340026832,ok
366,511.348064517480,34,0.661399076,511.337983470,ok
366,511.348064517480,24,0.641207783,511.388715307,ok
366,511.348064517480,16,0.635701492,511.456103309,ok
367,513.020293206924,192,0.518889068,513.107891876,ok
367,513.020293206924,136,0.535809937,513.105585527,ok
367,513.020293206924,96,0.591718387,513.104028637,ok
367,513.020293206924,68,0.596978583,513.086815865,ok
367,513.020293206924,48,0.678410349,513.060338826,ok
367,513.020293206924,34,0.718058801,513.114531264,ok
367,513.020293206924,24,0.762876781,513.084179836,ok
367,513.020293206924,16,0.790184891,513.031495827,ok
368,514.468974953505,983,0.484887901,514.479352786,ok
368,514.468974953505,688,0.477934062,514.483392371,ok
368,514.468974953505,492,0.467774743,514.488459250,ok
368,514.468974953505,344,0.448368488,514.495553812,ok
368,514.468974953505,246,0.386055837,514.514863399,ok
368,514.468974953505,192,0.401178368,514.596523550,ok
368,514.468974953505,172,0.424175749,514.614102945,ok
368,514.468974953505,136,0.423333317,514.638081717,ok
368,514.468974953505,123,0.407378284,514.679530393,ok
368,514.468974953505,96,0.518030202,514.720854849,ok
368,514.468974953505,68,0.575775649,514.712977290,ok
368,514.468974953505,48,0.664903201,514.437077872,ok
368,514.468974953505,34,0.717961572,514.303587495,ok
368,514.468974953505,24,0.634005198,514.292264749,ok
368,514.468974953505,16,0.565382646,514.334395283,ok
369,515.304217694276,192,0.455748277,515.619078647,ok
369,515.304217694276,136,0.497473697,515.763168170,ok
369,515.304217694276,96,0.477247658,515.963019963,ok
369,515.304217694276,68,0.494225178,515.998933317,ok
369,515.304217694276,48,0.743700593,516.221864032,ok
369,515.304217694276,34,0.824797065,516.413638083,ok
369,515.304217694276,24,0.847984247,516.252573274,ok
369,515.304217694276,16,0.716633460,516.156068318,ok
370,516.086082303006,192,0.897594334,516.236695941,ok
370,516.086082303006,136,1.099024796,515.825515825,ok
370,516.086082303006,96,0.992385426,515.227839994,ok
370,516.086082303006,68,0.865718832,515.168279682,ok
370,516.086082303006,48,0.432750972,515.326967005,ok
370,516.086082303006,34,0.303631983,515.311159108,ok
370,516.086082303006,24,0.336045471,515.389427521,ok
370,516.086082303006,16,0.449948310,515.426305153,ok
371,517.454404967840,192,0.621708621,517.556507910,ok
371,517.454404967840,136,0.583681397,517.442969102,ok
371,517.454404967840,96,0.504211836,517.487759627,ok
371,517.454404967840,68,0.524266781,517.512939584,ok
371,517.454404967840,48,0.721401266,517.348867296,ok
371,517.454404967840,34,0.735981393,517.183127989,ok
371,517.454404967840,24,0.697500040,517.326276324,ok
371,517.454404967840,16,0.819920758,517.389666662,ok
372,518.679457557756,192,0.389380675,518.903069983,ok
372,518.679457557756,136,0.483079935,518.830545624,ok
372,518.679457557756,96,0.356088119,518.836334486,ok
372,518.679457557756,68,0.363407686,518.882372460,ok
372,518.679457557756,48,0.417104227,518.598198966,patched
372,518.679457557756,34,0.323641580,518.601459949,patched
372,518.679457557756,24,0.450474551,518.579574188,patched
372,518.679457557756,16,0.382701631,518.468352364,patched
373,519.110018376818,192,0.958262006,518.973517494,ok
373,519.110018376818,136,0.699036321,519.000842865,ok
373,519.110018376818,96,0.914139288,519.110184664,ok
373,519.110018376818,68,0.957466935,518.986116948,ok
373,519.110018376818,48,0.638019921,519.264972841,ok
373,519.110018376818,34,0.713385111,519.331155574,ok
373,519.110018376818,24,0.594928131,519.263481403,ok
373,519.110018376818,16,0.604746556,519.369273392,ok
374,520.762433719977,192,0.561653105,520.803541517,ok
374,520.762433719977,136,0.554102981,520.814096550,ok
374,520.762433719977,96,0.602333291,520.798329619,ok
374,520.762433719977,68,0.590473822,520.782469809,ok
374,520.762433719977,48,0.706323130,520.851446835,ok
374,520.762433719977,34,0.719736802,520.792349801,ok
374,520.762433719977,24,0.761712007,520.850588576,ok
374,520.762433719977,16,0.769820398,520.782092794,ok
375,522.273360479461,192,0.498103027,522.373054582,ok
375,522.273360479461,136,0.498243680,522.391063601,ok
375,522.273360479461,96,0.566984017,522.395616675,ok
375,522.273360479461,68,0.567173865,522.391773565,ok
375,522.273360479461,48,0.740319056,522.258714027,ok
375,522.273360479461,34,0.692719120,522.269342719,ok
375,522.273360479461,24,0.695658811,522.162264155,ok
375,522.273360479461,16,0.684309289,522.225142287,ok
376,523.443104957283,1000,0.488870160,523.459804472,ok
376,523.443104957283,700,0.483275846,523.466754502,ok
376,523.443104957283,500,0.474550189,523.476055502,ok
376,523.443104957283,350,0.456520788,523.490743818,ok
376,523.443104957283,250,0.393564095,523.531540779,ok
376,523.443104957283,192,0.463659741,523.627804600,ok
376,523.443104957283,175,0.470168348,523.634195745,ok
376,523.443104957283,136,0.464845675,523.685651324,ok
376,523.443104957283,125,0.453103125,523.718160556,ok
376,523.443104957283,96,0.671891508,523.714008621,ok
376,523.443104957283,68,0.773523358,523.732472815,ok
376,523.443104957283,48,0.499866901,523.354068463,patched
376,523.443104957283,34,0.554844711,523.371620073,patched
376,523.443104957283,24,0.440940511,523.456404430,patched
376,523.443104957283,16,0.496415537,523.375097742,patched
377,524.252099457398,192,0.712637788,524.430048336,ok
377,524.252099457398,136,0.902858667,524.417727290,ok
377,524.252099457398,96,0.742013495,524.065488751,ok
377,524.252099457398,68,0.656366717,523.982651438,ok
377,524.252099457398,48,0.518717793,524.426421307,ok
377,524.252099457398,34,0.504241275,524.354266690,ok
377,524.252099457398,24,0.691119969,524.356251622,ok
377,524.252099457398,16,0.591650612,524.422913683,ok
378,525.474818404341,192,0.646626322,525.585082687,ok
378,525.474818404341,136,0.725574388,525.445798201,ok
378,525.474818404341,96,0.571563543,525.448049597,ok
378,525.474818404341,68,0.537621442,525.437866509,ok
378,525.474818404341,48,0.924947881,525.540146196,ok
378,525.474818404341,34,0.901027131,525.644948963,ok
378,525.474818404341,24,0.652409216,525.525052646,ok
378,525.474818404341,16,0.745071680,525.456186531,ok
379,526.539841490712,192,0.633082795,526.618632072,ok
379,526.539841490712,136,0.600562816,526.496096556,ok
379,526.539841490712,96,0.534465044,526.582998195,ok
379,526.539841490712,68,0.513025013,526.611914119,ok
379,526.539841490712,48,0.497467190,526.327173306,ok
379,526.539841490712,34,0.539918421,526.247405690,ok
379,526.539841490712,24,0.733352525,526.408080533,ok
379,526.539841490712,16,0.667653607,526.476313786,ok
380,527.592583496374,192,0.652016961,527.714677208,ok
380,527.592583496374,136,0.562671405,527.636458157,ok
380,527.592583496374,96,0.571519978,527.793091860,ok
380,527.592583496374,68,0.545569809,527.941864744,ok
380,527.592583496374,48,0.358930169,527.687530094,patched
380,527.592583496374,34,0.320278294,527.647729484,patched
380,527.592583496374,24,0.364199321,527.522948598,patched
380,527.592583496374,16,0.416022895,527.480250782,patched
381,528.262503725704,192,0.603011168,528.162646681,ok
381,528.262503725704,136,0.586542233,528.224919701,ok
381,528.262503725704,96,0.696370619,528.133490094,ok
381,528.262503725704,68,0.793382124,527.961604371,ok
381,528.262503725704,48,0.796656784,528.351466212,ok
381,528.262503725704,34,0.808515494,528.410113696,ok
381,528.262503725704,24,0.695933058,528.455367915,ok
381,528.262503725704,16,0.660866242,528.465663834,ok
382,530.022610005663,192,0.521615641,530.086851397,ok
382,530.022610005663,136,0.523501610,530.098845729,ok
382,530.022610005663,96,0.566658959,530.101387239,ok
382,530.022610005663,68,0.579762766,530.076774321,ok
382,530.022610005663,48,0.678698869,530.072619434,ok
382,530.022610005663,34,0.713592803,530.019482124,ok
382,530.022610005663,24,0.791984239,530.009968436,ok
382,530.022610005663,16,0.805315039,529.977186594,ok
383,531.345648371676,192,0.478030334,531.464268956,ok
383,531.345648371676,136,0.485361442,531.505322633,ok
383,531.345648371676,96,0.570858483,531.531904577,ok
383,531.345648371676,68,0.590471936,531.497648836,ok
383,531.345648371676,48,0.645058229,531.353587091,ok
383,531.345648371676,34,0.562334579,531.330681953,ok
383,531.345648371676,24,0.504070850,531.267863862,ok
383,531.345648371676,16,0.480617673,531.309402925,ok
384,532.232306193382,1017,0.503622288,532.248033967,ok
384,532.232306193382,712,0.504712392,532.255342698,ok
384,532.232306193382,509,0.505566806,532.266081873,ok
384,532.232306193382,356,0.504597768,532.286546019,ok
384,532.232306193382,255,0.491972660,532.356976859,ok
384,532.232306193382,192,0.593527811,532.360802472,ok
384,532.232306193382,178,0.623515326,532.345094343,ok
384,532.232306193382,136,0.684482552,532.383195304,ok
384,532.232306193382,128,0.705747624,532.391690644,ok
384,532.232306193382,96,0.752627102,532.233260220,ok
384,532.232306193382,68,0.717971477,532.211021411,ok
384,532.232306193382,48,0.579195355,532.217200661,ok
384,532.232306193382,34,0.630443299,532.292609301,ok
384,532.232306193382,24,0.634454030,532.376409951,ok
384,532.232306193382,16,0.678487069,532.305091973,ok
385,533.684664285494,192,0.473969142,533.837430735,ok
385,533.684664285494,136,0.568462744,533.929187142,ok
385,533.684664285494,96,0.667558344,533.762924341,ok
385,533.684664285494,68,0.665003199,533.743697871,ok
385,533.684664285494,48,0.612372099,533.819863194,ok
385,533.684664285494,34,0.706012636,533.677461861,ok
385,533.684664285494,24,0.746023190,533.588142873,ok
385,533.684664285494,16,0.675502127,533.707893958,ok
386,534.783291041203,192,0.299781160,534.936967125,ok
386,534.783291041203,136,0.313438170,535.030140001,ok
386,534.783291041203,96,0.430643129,535.043632004,ok
386,534.783291041203,68,0.463189539,535.051903459,ok
386,534.783291041203,48,0.406577032,535.025955135,ok
386,534.783291041203,34,0.362998365,534.751236065,ok
386,534.783291041203,24,0.283011237,534.733076124,ok
386,534.783291041203,16,0.521323020,534.644010314,ok
387,535.077318870912,192,1.090827580,535.211742947,ok
387,535.077318870912,136,1.206491626,534.664339827,ok
387,535.077318870912,96,0.744346850,534.712891074,ok
387,535.077318870912,68,0.688886580,534.724617909,ok
387,535.077318870912,48,0.857840708,534.724043280,ok
387,535.077318870912,34,0.828229380,535.135847664,ok
387,535.077318870912,24,0.888273406,535.205555193,ok
387,535.077318870912,16,0.628639722,535.245533321,ok
388,536.786232197594,192,0.554586256,536.903357661,ok
388,536.786232197594,136,0.515306202,536.820933257,ok
388,536.786232197594,96,0.499265074,536.902841510,ok
388,536.786232197594,68,0.518305580,536.938723461,ok
388,536.786232197594,48,0.564846032,536.883514196,ok
388,536.786232197594,34,0.606247885,536.748816851,ok
388,536.786232197594,24,0.605802467,536.733141434,ok
388,536.786232197594,16,0.753886233,536.643920249,ok
389,537.597789665046,192,0.658359754,537.632468153,ok
389,537.597789665046,136,0.577079269,537.645937012,ok
389,537.597789665046,96,0.692532844,537.670502368,ok
389,537.597789665046,68,0.750594227,537.610807679,ok
389,537.597789665046,48,0.643738444,537.596974978,ok
389,537.597789665046,34,0.534529547,537.655529083,ok
389,537.597789665046,24,0.531041031,537.642089516,ok
389,537.597789665046,16,0.388974272,537.674348869,ok
390,538.823099924831,192,0.589627940,538.859072995,ok
390,538.823099924831,136,0.576238031,538.873636518,ok
390,538.823099924831,96,0.637499078,538.832273504,ok
390,538.823099924831,68,0.622556931,538.788829836,ok
390,538.823099924831,48,0.631760048,538.849472883,ok
390,538.823099924831,34,0.698765177,538.879771689,ok
390,538.823099924831,24,0.688295759,538.893798638,ok
390,538.823099924831,16,0.803136490,538.904267040,ok
391,540.408352200658,192,0.500456952,540.511360712,ok
391,540.408352200658,136,0.501867627,540.528842354,ok
391,540.408352200658,96,0.580512112,540.524357235,ok
391,540.408352200658,68,0.575496355,540.490839403,ok
391,540.408352200658,48,0.693048413,540.541986149,ok
391,540.408352200658,34,0.715509903,540.433992092,ok
391,540.408352200658,24,0.765817319,540.401497314,ok
391,540.408352200658,16,0.626083354,540.375781063,ok
392,541.529179678855,1035,0.493930576,541.543649965,ok
392,541.529179678855,724,0.490727727,541.549943548,ok
392,541.529179678855,518,0.485573265,541.558640225,ok
392,541.529179678855,362,0.474062814,541.573699411,ok
392,541.529179678855,259,0.430852404,541.621134570,ok
392,541.529179678855,192,0.512985529,541.691299956,ok
392,541.529179678855,181,0.519227376,541.671993963,ok
392,541.529179678855,136,0.542797837,541.737112309,ok
392,541.529179678855,130,0.548688996,541.759350745,ok
392,541.529179678855,96,0.676886325,541.645618002,ok
392,541.529179678855,68,0.638929465,541.639108262,ok
392,541.529179678855,48,0.680591284,541.394657879,ok
392,541.529179678855,34,0.579591206,541.458098573,ok
392,541.529179678855,24,0.495894306,541.432479316,ok
392,541.529179678855,16,0.673440251,541.491519787,ok
393,542.719632280079,192,0.394388519,542.966950452,ok
393,542.719632280079,136,0.374508786,543.055795166,ok
393,542.719632280079,96,0.481334955,543.196781836,ok
393,542.719632280079,68,0.454221407,543.158954700,ok
393,542.719632280079,48,0.398581203,542.698386033,patched
393,542.719632280079,34,0.485960905,542.803570771,patched
393,542.719632280079,24,0.370448352,543.004615275,patched
393,542.719632280079,16,0.349772285,542.687166801,patched
394,543.329992655782,192,0.978021268,543.452781951,ok
394,543.329992655782,136,1.245947361,543.124745147,ok
394,543.329992655782,96,0.816473407,542.762939155,ok
394,543.329992655782,68,0.879344620,542.792850254,ok
394,543.329992655782,48,0.713900031,543.573340835,ok
394,543.329992655782,34,0.705535677,543.373294854,ok
394,543.329992655782,24,0.889512532,543.117300525,ok
394,543.329992655782,16,0.897008800,543.473743777,ok
395,544.719584417209,192,0.649972359,544.808684153,ok
395,544.719584417209,136,0.582493555,544.667593944,ok
395,544.719584417209,96,0.515378075,544.777934938,ok
395,544.719584417209,68,0.502374481,544.754854836,ok
395,544.719584417209,48,0.845229341,544.569556471,ok
395,544.719584417209,34,0.796021609,544.723284375,ok
395,544.719584417209,24,0.522680236,545.049679179,ok
395,544.719584417209,16,0.478348716,544.658451871,patched
396,545.540824011994,192,0.629351622,545.504758154,ok
396,545.540824011994,136,0.522983501,545.528269673,ok
396,545.540824011994,96,0.612886203,545.604119538,ok
396,545.540824011994,68,0.602934331,545.624058603,ok
396,545.540824011994,48,0.398948497,545.464228528,ok
396,545.540824011994,34,0.461961825,545.398208599,ok
396,545.540824011994,24,0.773467162,545.147921531,patched
396,545.540824011994,16,0.770738316,545.510079814,ok
397,546.954129695066,192,0.565127393,547.119934225,ok
397,546.954129695066,136,0.481096376,547.087521798,ok
397,546.954129695066,96,0.466652452,547.248137863,ok
397,546.954129695066,68,0.423957880,547.279254961,ok
397,546.954129695066,48,0.313525310,547.124378230,ok
397,546.954129695066,34,0.331647000,547.075350815,ok
397,546.954129695066,24,0.284624068,546.971575458,ok
397,546.954129695066,16,0.318024896,546.846461282,ok
398,547.514148936416,192,0.628395421,547.395658649,ok
398,547.514148936416,136,0.672171539,547.475828600,ok
398,547.514148936416,96,0.823540284,547.260720324,ok
398,547.514148936416,68,0.907760971,547.191526038,ok
398,547.514148936416,48,0.984449711,547.526704845,ok
398,547.514148936416,34,0.931029142,547.556947284,ok
398,547.514148936416,24,0.922780974,547.690299039,ok
398,547.514148936416,16,0.851593692,547.773517192,ok
399,549.886372786412,192,0.358566486,549.913703993,ok
399,549.886372786412,136,0.322199566,549.921815794,ok
399,549.886372786412,96,0.335852391,549.977714234,ok
399,549.886372786412,68,0.364588956,549.996174826,ok
399,549.886372786412,48,0.292070770,550.212220683,ok
399,549.886372786412,34,0.243233309,550.244891376,ok
399,549.886372786412,24,0.211923878,550.369126431,ok
399,549.886372786412,16,0.177661647,550.465844272,ok
