n,gamma,K,sigma_K,gamma_K,status
0,6.020948904698,256,0.500429221,6.023911533,ok
0,6.020948904698,181,0.500602485,6.025138135,ok
0,6.020948904698,128,0.500843044,6.026870926,ok
0,6.020948904698,91,0.501169146,6.029275788,ok
0,6.020948904698,64,0.501629890,6.032784103,ok
0,6.020948904698,45,0.502258368,6.037776626,ok
0,6.020948904698,32,0.503076892,6.044616695,ok
0,6.020948904698,21,0.504485993,6.057080009,ok
0,6.020948904698,16,0.505750494,6.068527137,ok
0,6.020948904698,11,0.508398111,6.090849198,ok
0,6.020948904698,8,0.512643726,6.118663585,ok
0,6.020948904698,6,0.520743942,6.154166200,ok
0,6.020948904698,4,0.551794169,6.226878988,ok
0,6.020948904698,3,0.606299844,6.292347252,ok
0,6.020948904698,2,0.765181839,6.359142113,ok
1,10.243770304167,256,0.500317925,10.248089860,ok
1,10.243770304167,181,0.500439200,10.249876929,ok
1,10.243770304167,128,0.500600507,10.252400866,ok
1,10.243770304167,91,0.500805473,10.255903801,ok
1,10.243770304167,64,0.501066619,10.261017985,ok
1,10.243770304167,45,0.501365219,10.268315025,ok
1,10.243770304167,32,0.501647350,10.278379946,ok
1,10.243770304167,21,0.501851595,10.297071483,ok
2,12.988098012312,256,0.500430112,12.993142555,ok
2,12.988098012312,181,0.500594694,12.995233469,ok
2,12.988098012312,128,0.500814693,12.998190808,ok
2,12.988098012312,91,0.501097411,13.002304236,ok
2,12.988098012312,64,0.501467579,13.008330599,ok
2,12.988098012312,45,0.501922127,13.016978592,ok
2,12.988098012312,32,0.502447440,13.029020979,ok
2,12.988098012312,21,0.503341801,13.051829724,ok
3,16.342607104587,256,0.499059162,16.347987359,ok
3,16.342607104587,181,0.498648455,16.350208707,ok
3,16.342607104587,128,0.498046947,16.353343734,ok
3,16.342607104587,91,0.497170315,16.357694454,ok
3,16.342607104587,64,0.495802423,16.364057925,ok
3,16.342607104587,45,0.493667164,16.373198630,ok
3,16.342607104587,32,0.490362814,16.386035203,ok
3,16.342607104587,21,0.483171487,16.411221368,ok
4,18.291993196124,256,0.501596756,18.297871068,ok
4,18.291993196124,181,0.502236513,18.300318281,ok
4,18.291993196124,128,0.503121620,18.303792394,ok
4,18.291993196124,91,0.504318357,18.308653168,ok
4,18.291993196124,64,0.506011750,18.315845540,ok
4,18.291993196124,45,0.508355618,18.326349714,ok
4,18.291993196124,32,0.511569748,18.341443073,ok
4,18.291993196124,21,0.518344538,18.372114654,ok
5,21.450611343983,256,0.498453358,21.457442744,ok
5,21.450611343983,181,0.497778169,21.460261449,ok
5,21.450611343983,128,0.496788209,21.464239983,ok
5,21.450611343983,91,0.495341282,21.469766174,ok
5,21.450611343983,64,0.493068253,21.477871711,ok
5,21.450611343983,45,0.489467448,21.489603806,ok
5,21.450611343983,32,0.483730381,21.506400157,ok
5,21.450611343983,21,0.470524944,21.541552614,ok
6,23.278376520460,256,0.501279687,23.284686140,ok
6,23.278376520460,181,0.501778240,23.287317892,ok
6,23.278376520460,128,0.502454932,23.291063081,ok
6,23.278376520460,91,0.503346575,23.296328815,ok
6,23.278376520460,64,0.504566163,23.304199722,ok
6,23.278376520460,45,0.506192050,23.315943900,ok
6,23.278376520460,32,0.508414662,23.333591597,ok
6,23.278376520460,21,0.514635722,23.373865080,ok
7,25.728756425089,256,0.500561080,25.736483567,ok
7,25.728756425089,181,0.500753117,25.739694503,ok
7,25.728756425089,128,0.500985976,25.744251280,ok
7,25.728756425089,91,0.501237151,25.750632498,ok
7,25.728756425089,64,0.501460169,25.760114522,ok
7,25.728756425089,45,0.501504378,25.774143320,ok
7,25.728756425089,32,0.501142652,25.795020898,ok
7,25.728756425089,21,0.501281582,25.842737584,ok
8,28.359634343025,256,0.496214709,28.367023430,ok
8,28.359634343025,181,0.494588644,28.370051760,ok
8,28.359634343025,128,0.492226457,28.374314262,ok
8,28.359634343025,91,0.488808646,28.380227054,ok
8,28.359634343025,73,0.485750288,28.385296210,ok
8,28.359634343025,64,0.483486032,28.388931892,ok
8,28.359634343025,51,0.478534185,28.396589676,ok
8,28.359634343025,45,0.475058162,28.401766973,ok
8,28.359634343025,37,0.468117697,28.411754424,ok
8,28.359634343025,32,0.461325405,28.421270465,ok
8,28.359634343025,26,0.447965611,28.440138325,ok
8,28.359634343025,21,0.428033076,28.472560983,ok
8,28.359634343025,19,0.416858731,28.496750552,ok
8,28.359634343025,13,0.436087934,28.708102570,ok
8,28.359634343025,10,0.819914075,28.664317699,ok
9,29.656384014593,256,0.504734234,29.664503990,ok
9,29.656384014593,181,0.506655000,29.667936186,ok
9,29.656384014593,128,0.509341428,29.672868883,ok
9,29.656384014593,91,0.513039289,29.679905660,ok
9,29.656384014593,64,0.518439926,29.690664455,ok
9,29.656384014593,45,0.526384662,29.707333278,ok
9,29.656384014593,32,0.538819974,29.734081137,ok
9,29.656384014593,21,0.580051948,29.802980629,ok
10,32.592186527117,256,0.496744813,32.600946256,ok
10,32.592186527117,181,0.495327345,32.604550939,ok
10,32.592186527117,128,0.493247173,32.609639093,ok
10,32.592186527117,91,0.490192288,32.616725300,ok
10,32.592186527117,64,0.485325046,32.627219703,ok
10,32.592186527117,45,0.477333633,32.642856207,ok
10,32.592186527117,32,0.463584372,32.667257154,ok
10,32.592186527117,21,0.431299036,32.738900298,ok
11,34.199957509213,256,0.501586780,34.208410661,ok
11,34.199957509213,181,0.502176139,34.211958870,ok
11,34.199957509213,128,0.502946098,34.217046344,ok
11,34.199957509213,91,0.503899844,34.224304248,ok
11,34.199957509213,64,0.505068692,34.235481037,ok
11,34.199957509213,45,0.506340490,34.253268702,ok
11,34.199957509213,32,0.507940513,34.284155410,ok
11,34.199957509213,21,0.533515655,34.384886810,ok
12,36.142880458303,256,0.501114192,36.152206732,ok
12,36.142880458303,181,0.501512524,36.156108774,ok
12,36.142880458303,128,0.502019755,36.161686029,ok
12,36.142880458303,91,0.502627974,36.169600009,ok
12,36.142880458303,64,0.503352403,36.181672995,ok
12,36.142880458303,45,0.504202459,36.200583736,ok
12,36.142880458303,32,0.506172004,36.232679910,ok
12,36.142880458303,21,0.546314792,36.328452229,ok
13,38.511923141719,256,0.498575721,38.521393490,ok
13,38.511923141719,181,0.497898697,38.525322350,ok
13,38.511923141719,128,0.496846360,38.530909939,ok
13,38.511923141719,91,0.495179690,38.538793413,ok
13,38.511923141719,64,0.492242160,38.550757226,ok
13,38.511923141719,45,0.486730555,38.569522574,ok
13,38.511923141719,32,0.475925960,38.602642080,ok
13,38.511923141719,21,0.478744945,38.727640391,ok
14,40.322674066691,256,0.498116272,40.332572845,ok
14,40.322674066691,181,0.497227644,40.336691245,ok
14,40.322674066691,128,0.495859393,40.342572729,ok
14,40.322674066691,91,0.493727230,40.350943151,ok
14,40.322674066691,64,0.490068648,40.363887020,ok
14,40.322674066691,45,0.483498610,40.385064337,ok
14,40.322674066691,32,0.471967171,40.426009183,ok
14,40.322674066691,21,0.515765208,40.595824545,ok
15,41.807084620005,256,0.504748796,41.817148736,ok
15,41.807084620005,181,0.506656473,41.821422339,ok
15,41.807084620005,128,0.509314931,41.827602032,ok
15,41.807084620005,91,0.512974044,41.836530203,ok
15,41.807084620005,64,0.518390993,41.850570566,ok
15,41.807084620005,45,0.526932138,41.873857006,ok
15,41.807084620005,32,0.545593696,41.917920485,ok
15,41.807084620005,21,0.726941400,42.003846049,ok
16,44.617891058662,256,0.490695507,44.628347393,ok
16,44.617891058662,181,0.486697147,44.632536002,ok
16,44.617891058662,128,0.480859435,44.638350270,ok
16,44.617891058662,114,0.478335062,44.640759965,ok
16,44.617891058662,91,0.472297996,44.646284067,ok
16,44.617891058662,80,0.467995608,44.650028651,ok
16,44.617891058662,64,0.458501391,44.657787056,ok
16,44.617891058662,57,0.452184660,44.662613484,ok
16,44.617891058662,45,0.434674417,44.674970683,ok
16,44.617891058662,40,0.422387327,44.683156424,ok
16,44.617891058662,32,0.387605703,44.707862089,ok
16,44.617891058662,29,0.365791110,44.727730961,ok
16,44.617891058662,21,0.320158775,44.903673782,ok
16,44.617891058662,20,0.339741198,44.946962980,ok
16,44.617891058662,15,0.408197163,44.915504702,ok
17,45.599584396792,256,0.507682913,45.610521997,ok
17,45.599584396792,181,0.510772935,45.615283323,ok
17,45.599584396792,128,0.515078948,45.622311844,ok
17,45.599584396792,91,0.520995416,45.632805596,ok
17,45.599584396792,64,0.529693498,45.650257654,ok
17,45.599584396792,45,0.543212580,45.682329020,ok
17,45.599584396792,32,0.575179617,45.755417944,ok
17,45.599584396792,21,0.998413184,45.860477008,ok
18,47.741562280939,256,0.499448874,47.752601920,ok
18,47.741562280939,181,0.499116758,47.757225357,ok
18,47.741562280939,128,0.498547224,47.763863086,ok
18,47.741562280939,91,0.497562945,47.773392547,ok
18,47.741562280939,64,0.495719217,47.788385325,ok
18,47.741562280939,45,0.492402131,47.814058131,ok
18,47.741562280939,32,0.493326747,47.870269024,ok
18,47.741562280939,21,0.702048276,47.884321136,ok
19,49.723129323783,256,0.499939084,49.734502383,ok
19,49.723129323783,181,0.499782976,49.739269623,ok
19,49.723129323783,128,0.499419798,49.746124116,ok
19,49.723129323783,91,0.498606318,49.755997269,ok
19,49.723129323783,64,0.496636596,49.771653886,ok
19,49.723129323783,45,0.491751668,49.799127092,ok
19,49.723129323783,32,0.486894144,49.865036944,ok
19,49.723129323783,21,0.713665031,49.886274868,ok
20,51.686093452871,256,0.493543403,51.697788444,ok
20,51.686093452871,181,0.490667063,51.702587490,ok
20,51.686093452871,128,0.486357747,51.709409265,ok
20,51.686093452871,91,0.479793948,51.719127346,ok
20,51.686093452871,64,0.468553937,51.734479529,ok
20,51.686093452871,45,0.447073993,51.762326320,ok
20,51.686093452871,32,0.407018165,51.841991951,ok
20,51.686093452871,21,0.720437355,51.881656442,ok
21,52.768820767805,256,0.508455898,52.781079707,ok
21,52.768820767805,181,0.511893847,52.786416510,ok
21,52.768820767805,128,0.516747589,52.794298756,ok
21,52.768820767805,91,0.523598544,52.806096913,ok
21,52.768820767805,64,0.534325083,52.825931045,ok
21,52.768820767805,45,0.554343838,52.863992246,ok
21,52.768820767805,32,0.634155070,52.952959161,ok
21,52.768820767805,21,0.669843305,52.669686391,ok
22,55.267543584699,256,0.496051592,55.279111399,ok
22,55.267543584699,181,0.494256609,55.283904760,ok
22,55.267543584699,128,0.491522610,55.290752326,ok
22,55.267543584699,91,0.487251622,55.300553173,ok
22,55.267543584699,64,0.479637648,55.316095335,ok
22,55.267543584699,45,0.464274522,55.344688397,ok
22,55.267543584699,32,0.446578728,55.430205479,ok
22,55.267543584699,21,0.554904228,55.428347749,ok
23,56.934374055202,256,0.496357419,56.948125128,ok
23,56.934374055202,181,0.494584834,56.953862980,ok
23,56.934374055202,128,0.491766197,56.962132992,ok
23,56.934374055202,91,0.487109925,56.974182783,ok
23,56.934374055202,64,0.478158538,56.994031602,ok
23,56.934374055202,45,0.458272655,57.033886314,ok
23,56.934374055202,32,0.439380336,57.170761405,ok
23,56.934374055202,21,0.637738141,57.173207016,ok
24,58.116707110674,256,0.506873943,58.128905933,ok
24,58.116707110674,181,0.509659286,58.134223242,ok
24,58.116707110674,148,0.511777705,58.138411012,ok
24,58.116707110674,128,0.513602173,58.142115182,ok
24,58.116707110674,104,0.516761893,58.148735348,ok
24,58.116707110674,91,0.519232140,58.154079933,ok
24,58.116707110674,74,0.524014493,58.164780762,ok
24,58.116707110674,64,0.528411803,58.174892660,ok
24,58.116707110674,52,0.537614819,58.195876439,ok
24,58.116707110674,45,0.548935597,58.218849642,ok
24,58.116707110674,37,0.589259231,58.271452285,ok
24,58.116707110674,32,0.687799786,58.318861857,ok
24,58.116707110674,26,0.874726435,57.993693437,ok
24,58.116707110674,21,0.746262005,58.103873817,ok
24,58.116707110674,19,0.667380378,57.966528797,ok
25,60.421713949008,256,0.496152151,60.434900943,ok
25,60.421713949008,181,0.494358463,60.440389860,ok
25,60.421713949008,128,0.491583263,60.448271338,ok
25,60.421713949008,91,0.487156818,60.459671955,ok
25,60.421713949008,64,0.479023261,60.478239987,ok
25,60.421713949008,45,0.462368138,60.515752090,ok
25,60.421713949008,32,0.482002518,60.637854941,ok
25,60.421713949008,21,0.609133143,60.622779142,ok
26,62.008632285768,256,0.500804236,62.021789554,ok
26,62.008632285768,181,0.500928085,62.027391492,ok
26,62.008632285768,128,0.500866465,62.035599364,ok
26,62.008632285768,91,0.500236984,62.047882793,ok
26,62.008632285768,64,0.497796197,62.069170897,ok
26,62.008632285768,45,0.491084072,62.117493031,ok
26,62.008632285768,32,0.579262338,62.275106760,ok
26,62.008632285768,21,0.774939040,62.118788582,ok
27,63.714641118785,256,0.495644129,63.729108333,ok
27,63.714641118785,181,0.493573701,63.735178952,ok
27,63.714641118785,128,0.490345517,63.743999079,ok
27,63.714641118785,91,0.485160540,63.757088044,ok
27,63.714641118785,64,0.475571637,63.779734765,ok
27,63.714641118785,45,0.457237878,63.833190758,ok
27,63.714641118785,32,0.566533357,64.018845292,ok
27,63.714641118785,21,0.672378198,63.765149746,ok
28,64.976170573096,256,0.508232845,64.989676288,ok
28,64.976170573096,181,0.511569844,64.995589022,ok
28,64.976170573096,128,0.516291055,65.004404689,ok
28,64.976170573096,91,0.523031074,65.017899247,ok
28,64.976170573096,64,0.534166876,65.042014215,ok
28,64.976170573096,45,0.564164996,65.097263723,ok
28,64.976170573096,32,0.811787064,65.088822834,ok
28,64.976170573096,21,0.643718714,64.968280944,ok
29,67.636920863546,256,0.481872835,67.648726699,ok
29,67.636920863546,181,0.474086095,67.653120170,ok
29,67.636920863546,128,0.462620509,67.658914858,ok
29,67.636920863546,91,0.445357249,67.666279878,ok
29,67.636920863546,64,0.415158858,67.676177397,ok
29,67.636920863546,45,0.348039845,67.699230023,ok
29,67.636920863546,32,0.287639251,67.873303089,ok
29,67.636920863546,21,0.339070312,67.882902053,ok
30,68.365884503834,256,0.513526878,68.383680655,ok
30,68.365884503834,181,0.518838821,68.391836264,ok
30,68.365884503834,128,0.526124906,68.404437650,ok
30,68.365884503834,91,0.535923924,68.424804439,ok
30,68.365884503834,64,0.550167372,68.464665871,ok
30,68.365884503834,45,0.586857400,68.574052846,ok
30,68.365884503834,32,1.092769442,68.614455573,ok
30,68.365884503834,21,1.021424184,68.408811879,ok
31,70.185879908802,256,0.501688070,70.199552338,ok
31,70.185879908802,181,0.502245082,70.205435782,ok
31,70.185879908802,128,0.502924391,70.214148337,ok
31,70.185879908802,91,0.503724682,70.227474360,ok
31,70.185879908802,64,0.505078593,70.251941448,ok
31,70.185879908802,45,0.522118629,70.316132336,ok
31,70.185879908802,32,0.688963879,70.212715947,ok
31,70.185879908802,21,0.642629792,70.209909699,ok
32,72.155484974382,256,0.496935144,72.170583622,ok
32,72.155484974382,184,0.495471580,72.176582061,ok
32,72.155484974382,181,0.495379937,72.176939061,ok
32,72.155484974382,129,0.492897121,72.185945351,ok
32,72.155484974382,128,0.492823261,72.186196152,ok
32,72.155484974382,92,0.488556361,72.199466611,ok
32,72.155484974382,91,0.488365087,72.200015838,ok
32,72.155484974382,65,0.479531436,72.223131146,ok
32,72.155484974382,64,0.478927124,72.224636654,ok
32,72.155484974382,46,0.462985451,72.286207756,ok
32,72.155484974382,45,0.462986017,72.294277925,ok
32,72.155484974382,33,0.635275235,72.334232034,ok
32,72.155484974382,32,0.625727207,72.299857244,ok
32,72.155484974382,23,0.592040024,72.331273530,ok
32,72.155484974382,21,0.639240698,72.301566421,ok
33,73.767635521486,256,0.497943967,73.782764330,ok
33,73.767635521486,181,0.496749281,73.789214443,ok
33,73.767635521486,128,0.494620989,73.798755912,ok
33,73.767635521486,91,0.490519785,73.813444905,ok
33,73.767635521486,64,0.480663227,73.841459819,ok
33,73.767635521486,45,0.465011405,73.933347035,ok
33,73.767635521486,32,0.679406912,73.892338229,ok
33,73.767635521486,21,0.718038972,73.855113323,ok
34,75.143121647433,256,0.500867033,75.159419065,ok
34,75.143121647433,181,0.500969622,75.166485812,ok
34,75.143121647433,128,0.500876595,75.177074492,ok
34,75.143121647433,91,0.500286724,75.193712940,ok
34,75.143121647433,64,0.498734129,75.226598465,ok
34,75.143121647433,45,0.526115804,75.331607169,ok
34,75.143121647433,32,0.645105746,75.178623121,ok
34,75.143121647433,21,0.635348750,75.155094795,ok
35,76.696303203430,256,0.504204860,76.711791173,ok
35,76.696303203430,181,0.505777949,76.718532771,ok
35,76.696303203430,128,0.507881173,76.728622162,ok
35,76.696303203430,91,0.510674303,76.744374467,ok
35,76.696303203430,64,0.515478913,76.774961574,ok
35,76.696303203430,45,0.563849723,76.862094315,ok
35,76.696303203430,32,0.615228542,76.764433866,ok
35,76.696303203430,21,0.650168786,76.765928877,ok
36,78.809998314321,256,0.493304120,78.824233585,ok
36,78.809998314321,181,0.490166545,78.830160573,ok
36,78.809998314321,128,0.485191528,78.838774376,ok
36,78.809998314321,91,0.476728275,78.851726702,ok
36,78.809998314321,64,0.458334430,78.876294060,ok
36,78.809998314321,45,0.427792327,78.973919527,ok
36,78.809998314321,32,0.524440551,78.991041180,ok
36,78.809998314321,21,0.647052312,79.029048801,ok
37,80.210131238367,256,0.494068072,80.230020066,ok
37,80.210131238367,181,0.490974676,80.238456802,ok
37,80.210131238367,128,0.485780400,80.250960758,ok
37,80.210131238367,91,0.476348682,80.270463218,ok
37,80.210131238367,64,0.454402988,80.310133648,ok
37,80.210131238367,45,0.427450985,80.474157837,ok
37,80.210131238367,32,0.629837268,80.504882573,ok
37,80.210131238367,21,0.813051326,80.230825269,ok
38,81.213951626883,256,0.513099641,81.228586393,ok
38,81.213951626883,181,0.518623071,81.235326575,ok
38,81.213951626883,128,0.526787059,81.245872651,ok
38,81.213951626883,91,0.539544858,81.263564019,ok
38,81.213951626883,64,0.566861381,81.302721925,ok
38,81.213951626883,45,0.757809815,81.393582109,ok
38,81.213951626883,32,0.781246692,81.134038980,ok
38,81.213951626883,21,0.567925728,81.129015439,ok
39,83.666656014471,256,0.487450898,83.682365848,ok
39,83.666656014471,181,0.481782568,83.688718931,ok
39,83.666656014471,128,0.473046834,83.697747905,ok
39,83.666656014471,91,0.458753019,83.710906825,ok
39,83.666656014471,64,0.428761300,83.735696172,ok
39,83.666656014471,45,0.386736716,83.856602180,ok
39,83.666656014471,32,0.487478189,83.907620185,ok
39,83.666656014471,21,0.478738737,83.912996355,ok
40,84.731740363782,256,0.507887121,84.750027935,ok
40,84.731740363782,216,0.509218253,84.753645859,ok
40,84.731740363782,181,0.510811232,84.758270398,ok
40,84.731740363782,152,0.512608503,84.763965232,ok
40,84.731740363782,128,0.514599830,84.771053666,ok
40,84.731740363782,108,0.516770662,84.780118632,ok
40,84.731740363782,91,0.519111888,84.792422417,ok
40,84.731740363782,76,0.521672337,84.811339269,ok
40,84.731740363782,64,0.524894379,84.841496457,ok
40,84.731740363782,54,0.539076187,84.901136422,ok
40,84.731740363782,45,0.667291301,85.012815802,ok
40,84.731740363782,38,0.766207791,84.780571398,ok
40,84.731740363782,32,0.850200566,84.804301900,ok
40,84.731740363782,27,0.861461843,84.764253456,ok
40,84.731740363782,21,0.896788171,84.751150153,ok
41,86.577660168390,256,0.490924363,86.594602045,ok
41,86.577660168390,181,0.486650569,86.601735073,ok
41,86.577660168390,128,0.479889095,86.612332442,ok
41,86.577660168390,91,0.468406706,86.629197505,ok
41,86.577660168390,64,0.443493533,86.667558074,ok
41,86.577660168390,45,0.491158825,86.855165336,ok
41,86.577660168390,32,0.654551188,86.686971298,ok
41,86.577660168390,21,0.646489770,86.610591191,ok
42,87.629718119588,256,0.511146861,87.648051968,ok
42,87.629718119588,181,0.515665772,87.656377700,ok
42,87.629718119588,128,0.522163292,87.669318826,ok
42,87.629718119588,91,0.532009063,87.691017872,ok
42,87.629718119588,64,0.554911170,87.741221081,ok
42,87.629718119588,45,0.819024708,87.775238926,ok
42,87.629718119588,32,0.654185417,87.593152244,ok
42,87.629718119588,21,0.621769103,87.616575279,ok
43,89.801131616696,256,0.494228897,89.816615668,ok
43,89.801131616696,181,0.491410223,89.823162098,ok
43,89.801131616696,128,0.486774962,89.832857194,ok
43,89.801131616696,91,0.478354581,89.848121715,ok
43,89.801131616696,64,0.458018524,89.882980605,ok
43,89.801131616696,45,0.536983616,90.017848355,ok
43,89.801131616696,32,0.560673448,89.942037614,ok
43,89.801131616696,21,0.603688455,89.983995202,ok
44,91.349703814698,256,0.488809832,91.369903388,ok
44,91.349703814698,181,0.483300686,91.378305454,ok
44,91.349703814698,128,0.474200859,91.390684184,ok
44,91.349703814698,91,0.457513494,91.410204574,ok
44,91.349703814698,64,0.415119584,91.456782794,ok
44,91.349703814698,45,0.460706597,91.729062832,ok
44,91.349703814698,32,0.587653064,91.629724908,ok
44,91.349703814698,21,0.883350935,91.521939803,ok
45,92.237499910454,256,0.513902937,92.256258054,ok
45,92.237499910454,181,0.519682165,92.265110001,ok
45,92.237499910454,128,0.528216082,92.279386775,ok
45,92.237499910454,91,0.541836426,92.305054309,ok
45,92.237499910454,64,0.579156585,92.374404964,ok
45,92.237499910454,45,1.031042602,92.217056356,patched
45,92.237499910454,32,0.781263727,92.143517285,patched
45,92.237499910454,21,0.539547315,92.058337425,patched
46,94.166619585960,256,0.499663849,94.183228666,ok
46,94.166619585960,181,0.499224185,94.190468111,ok
46,94.166619585960,128,0.498252444,94.201478448,ok
46,94.166619585960,91,0.496044442,94.219685184,ok
46,94.166619585960,64,0.493540460,94.265504408,ok
46,94.166619585960,45,0.633871831,94.254467562,ok
46,94.166619585960,32,0.616310645,94.262101092,ok
46,94.166619585960,21,0.591826190,94.255474822,ok
47,96.136011161781,256,0.483406531,96.154946864,ok
47,96.136011161781,181,0.475631023,96.162458105,ok
47,96.136011161781,128,0.463153425,96.173043690,ok
47,96.136011161781,91,0.440938276,96.188556065,ok
47,96.136011161781,64,0.384034609,96.226349406,ok
47,96.136011161781,45,0.463684393,96.422584886,ok
47,96.136011161781,32,0.465916920,96.473092509,ok
47,96.136011161781,21,0.448069262,96.541838893,ok
48,96.961741579417,256,0.513609305,96.981784285,ok
48,96.961741579417,247,0.514089088,96.982590954,ok
48,96.961741579417,181,0.519034309,96.991417829,ok
48,96.961741579417,173,0.519886493,96.993042534,ok
48,96.961741579417,128,0.526674650,97.007308191,ok
48,96.961741579417,124,0.527522427,97.009278728,ok
48,96.961741579417,91,0.537736994,97.037226775,ok
48,96.961741579417,87,0.539656782,97.043401032,ok
48,96.961741579417,64,0.569297487,97.128944066,ok
48,96.961741579417,62,0.578683999,97.146410179,ok
48,96.961741579417,45,0.886915854,96.916281662,ok
48,96.961741579417,44,0.811532484,96.928231637,ok
48,96.961741579417,32,0.932214321,96.812340095,ok
48,96.961741579417,31,0.837210466,96.834127819,ok
48,96.961741579417,21,0.984816557,96.669537148,ok
49,98.755300415755,256,0.496169314,98.774387641,ok
49,98.755300415755,181,0.494123308,98.782716124,ok
49,98.755300415755,128,0.490655762,98.795515053,ok
49,98.755300415755,91,0.484273621,98.817451914,ok
49,98.755300415755,64,0.476174706,98.881512689,ok
49,98.755300415755,45,0.594858316,98.827401259,ok
49,98.755300415755,32,0.587932700,98.811376556,ok
49,98.755300415755,21,0.564270108,98.806875660,ok
50,100.134886703068,256,0.505437854,100.154231129,ok
50,100.134886703068,181,0.507391071,100.162920449,ok
50,100.134886703068,128,0.509895572,100.176501939,ok
50,100.134886703068,91,0.513032321,100.200216792,ok
50,100.134886703068,64,0.529627397,100.268192728,ok
50,100.134886703068,45,0.618516680,100.200698385,ok
50,100.134886703068,32,0.634327282,100.203815718,ok
50,100.134886703068,21,0.667328557,100.215537328,ok
51,102.141380826890,256,0.488687196,102.157574338,ok
51,102.141380826890,181,0.483271199,102.164323150,ok
51,102.141380826890,128,0.474304642,102.174365526,ok
51,102.141380826890,91,0.457171987,102.190952100,ok
51,102.141380826890,64,0.410648555,102.247903378,ok
51,102.141380826890,45,0.505548542,102.303000704,ok
51,102.141380826890,32,0.552858381,102.356196176,ok
51,102.141380826890,21,0.705687732,102.361087081,ok
52,103.288075381679,256,0.496452655,103.314422743,ok
52,103.288075381679,181,0.493937579,103.326127526,ok
52,103.288075381679,128,0.488954348,103.344517049,ok
52,103.288075381679,91,0.477566935,103.377631936,ok
52,103.288075381679,64,0.452685536,103.491710619,ok
52,103.288075381679,45,0.644074064,103.494876488,ok
52,103.288075381679,32,0.820312613,103.413253497,ok
52,103.288075381679,21,0.711002203,103.175513539,ok
53,104.333269844267,256,0.515440665,104.350513134,ok
53,104.333269844267,181,0.522134966,104.358790391,ok
53,104.333269844267,128,0.532497681,104.372463486,ok
53,104.333269844267,91,0.551130276,104.398780367,ok
53,104.333269844267,64,0.639871938,104.478732863,ok
53,104.333269844267,45,0.702499058,104.318290001,ok
53,104.333269844267,32,0.631056558,104.219443030,ok
53,104.333269844267,21,0.574349977,104.307586502,ok
54,106.694458908896,256,0.483359793,106.711676345,ok
54,106.694458908896,181,0.475662743,106.718584085,ok
54,106.694458908896,128,0.463303292,106.728515300,ok
54,106.694458908896,91,0.440625496,106.744158483,ok
54,106.694458908896,64,0.382443252,106.805456952,ok
54,106.694458908896,45,0.437354789,106.887378683,ok
54,106.694458908896,32,0.503795303,106.899447195,ok
54,106.694458908896,21,0.479676985,106.986844826,ok
55,107.690206975147,256,0.507484832,107.714452597,ok
55,107.690206975147,181,0.509855169,107.725728685,ok
55,107.690206975147,128,0.512278482,107.744085150,ok
55,107.690206975147,91,0.512981637,107.779250969,ok
55,107.690206975147,64,0.536944068,107.912131059,ok
55,107.690206975147,45,0.772429767,107.894709767,ok
55,107.690206975147,32,0.801893882,107.728253648,ok
55,107.690206975147,21,0.955475759,107.599845801,ok
56,109.259942973928,279,0.496565081,109.278444393,ok
56,109.259942973928,256,0.496173696,109.280177927,ok
56,109.259942973928,195,0.494541740,109.286972341,ok
56,109.259942973928,181,0.493957154,109.289269591,ok
56,109.259942973928,140,0.491237482,109.299301060,ok
56,109.259942973928,128,0.489924053,109.303866172,ok
56,109.259942973928,98,0.483971927,109.323585075,ok
56,109.259942973928,91,0.481474769,109.331976807,ok
56,109.259942973928,70,0.473833414,109.396547325,ok
56,109.259942973928,64,0.491800435,109.449330693,ok
56,109.259942973928,49,0.597293991,109.359845631,ok
56,109.259942973928,45,0.692889535,109.382551080,ok
56,109.259942973928,35,0.656330190,109.334821992,ok
56,109.259942973928,32,0.626087272,109.297589649,ok
56,109.259942973928,21,0.563914379,109.221554038,ok
57,110.499608176429,256,0.506683078,110.521042535,ok
57,110.499608176429,181,0.509219330,110.530908967,ok
57,110.499608176429,128,0.512798746,110.546848252,ok
57,110.499608176429,91,0.518910837,110.577349577,ok
57,110.499608176429,64,0.593684785,110.677630310,ok
57,110.499608176429,45,0.681307277,110.510969006,ok
57,110.499608176429,32,0.631229434,110.536171115,ok
57,110.499608176429,21,0.603605161,110.574474889,ok
58,112.367816744012,256,0.495057121,112.387733796,ok
58,112.367816744012,181,0.492286470,112.396437192,ok
58,112.367816744012,128,0.487186052,112.409969816,ok
58,112.367816744012,91,0.475903601,112.434723065,ok
58,112.367816744012,64,0.474941700,112.539281258,ok
58,112.367816744012,45,0.604025567,112.499840924,ok
58,112.367816744012,32,0.615957784,112.525927415,ok
58,112.367816744012,21,0.696551156,112.553317875,ok
59,113.814795548993,256,0.495624539,113.835489208,ok
59,113.814795548993,181,0.492912325,113.844731160,ok
59,113.814795548993,128,0.487557490,113.859541464,ok
59,113.814795548993,91,0.474500236,113.888540822,ok
59,113.814795548993,64,0.478695393,114.028952286,ok
59,113.814795548993,45,0.660356198,113.937100217,ok
59,113.814795548993,32,0.734389773,113.920045351,ok
59,113.814795548993,21,0.763435844,113.754122848,ok
60,115.142369647649,256,0.494305144,115.168600322,ok
60,115.142369647649,181,0.490869722,115.180386353,ok
60,115.142369647649,128,0.484425492,115.199413879,ok
60,115.142369647649,91,0.470029471,115.237371247,ok
60,115.142369647649,64,0.499584548,115.422008662,ok
60,115.142369647649,45,0.655477493,115.224345009,ok
60,115.142369647649,32,0.665217876,115.145902619,ok
60,115.142369647649,21,0.525950273,115.143915567,ok
61,116.193204658461,256,0.515741389,116.212628323,ok
61,116.193204658461,181,0.522556975,116.222082228,ok
61,116.193204658461,128,0.533247716,116.238112085,ok
61,116.193204658461,91,0.554398467,116.271823278,ok
61,116.193204658461,64,0.752581565,116.335001350,ok
61,116.193204658461,45,0.634546796,116.169600213,ok
61,116.193204658461,32,0.607905727,116.162888159,ok
61,116.193204658461,21,0.660102876,116.237969940,ok
62,118.537554378847,256,0.479048190,118.554155157,ok
62,118.537554378847,181,0.469320709,118.560597605,ok
62,118.537554378847,128,0.453343711,118.569703975,ok
62,118.537554378847,91,0.421317051,118.584829012,ok
62,118.537554378847,64,0.359218801,118.701421979,ok
62,118.537554378847,45,0.428328497,118.713073943,ok
62,118.537554378847,32,0.437194596,118.760954379,ok
62,118.537554378847,21,0.490550381,118.971051380,ok
63,119.452989876209,256,0.506225091,119.483106445,ok
63,119.452989876209,181,0.507504441,119.497369362,ok
63,119.452989876209,128,0.507411696,119.521338273,ok
63,119.452989876209,91,0.500833191,119.572620901,ok
63,119.452989876209,64,0.621157652,119.823929426,ok
63,119.452989876209,45,0.781786574,119.665461324,ok
63,119.452989876209,32,0.935777060,119.550999998,ok
63,119.452989876209,21,0.960391642,119.100165328,ok
64,120.731293618660,308,0.505601787,120.747971850,ok
64,120.731293618660,256,0.506684774,120.751659720,ok
64,120.731293618660,216,0.507871148,120.755892364,ok
64,120.731293618660,181,0.509353150,120.761473792,ok
64,120.731293618660,154,0.511001394,120.768072858,ok
64,120.731293618660,128,0.513403647,120.778390643,ok
64,120.731293618660,108,0.516511032,120.792519402,ok
64,120.731293618660,91,0.522387316,120.816889437,ok
64,120.731293618660,77,0.546212330,120.867510704,ok
64,120.731293618660,64,0.755756674,120.888938049,ok
64,120.731293618660,54,0.654015904,120.782689158,ok
64,120.731293618660,45,0.690247796,120.721000268,ok
64,120.731293618660,39,0.654562588,120.657174549,ok
64,120.731293618660,32,0.616475350,120.642103841,ok
64,120.731293618660,21,0.509702703,120.738726935,ok
65,122.447461379069,256,0.494824799,122.470519508,ok
65,122.447461379069,181,0.491878893,122.480802856,ok
65,122.447461379069,128,0.486470522,122.497343254,ok
65,122.447461379069,91,0.474874300,122.531518285,ok
65,122.447461379069,64,0.588239906,122.643724198,ok
65,122.447461379069,45,0.605736086,122.566533911,ok
65,122.447461379069,32,0.578953350,122.536936726,ok
65,122.447461379069,21,0.616529727,122.653104335,ok
66,123.794548760320,256,0.504567691,123.816791089,ok
66,123.794548760320,181,0.505884348,123.827162105,ok
66,123.794548760320,128,0.506971454,123.844460888,ok
66,123.794548760320,91,0.506871311,123.882291849,ok
66,123.794548760320,64,0.671990875,123.957074537,ok
66,123.794548760320,45,0.673994257,123.867611865,ok
66,123.794548760320,32,0.663309591,123.868096621,ok
66,123.794548760320,21,0.801148449,123.764170104,ok
67,125.768519559916,256,0.465149503,125.784313000,ok
67,125.768519559916,181,0.449324602,125.789127276,ok
67,125.768519559916,128,0.423587994,125.794765457,ok
67,125.768519559916,91,0.370560509,125.803961640,ok
67,125.768519559916,64,0.299062071,125.969033169,ok
67,125.768519559916,45,0.376795743,126.017084515,ok
67,125.768519559916,32,0.370410090,126.038483038,ok
67,125.768519559916,21,0.630225045,125.793198756,patched
68,126.298776024941,256,0.528548218,126.333272797,ok
68,126.298776024941,181,0.539678425,126.351759343,ok
68,126.298776024941,128,0.555373872,126.385446231,ok
68,126.298776024941,91,0.582879686,126.467837671,ok
68,126.298776024941,64,1.088505114,126.500159550,ok
68,126.298776024941,45,0.953963470,126.197788171,ok
68,126.298776024941,32,0.989211710,126.138482874,ok
68,126.298776024941,21,0.567412138,126.312524992,ok
69,127.959407683063,256,0.505381309,127.980238520,ok
69,127.959407683063,181,0.507415691,127.990074090,ok
69,127.959407683063,128,0.510378789,128.006789794,ok
69,127.959407683063,91,0.518299455,128.045538516,ok
69,127.959407683063,64,0.654824438,127.986045613,ok
69,127.959407683063,45,0.594030812,127.993461257,ok
69,127.959407683063,32,0.603750924,127.984140451,ok
69,127.959407683063,21,0.689117859,128.026250594,ok
70,129.885623358645,256,0.486905942,129.906131404,ok
70,129.885623358645,181,0.480214186,129.914898052,ok
70,129.885623358645,128,0.468118698,129.928657490,ok
70,129.885623358645,91,0.438988631,129.958989292,ok
70,129.885623358645,64,0.536586064,130.060815874,ok
70,129.885623358645,45,0.519397498,130.054663523,ok
70,129.885623358645,32,0.572832121,130.072588595,ok
70,129.885623358645,21,0.719163873,130.000130999,ok
71,131.093578754084,256,0.494599860,131.122652117,ok
71,131.093578754084,181,0.490540287,131.136052296,ok
71,131.093578754084,128,0.481410588,131.158709530,ok
71,131.093578754084,91,0.454259116,131.214293164,ok
71,131.093578754084,64,0.704742636,131.303708142,ok
71,131.093578754084,45,0.709320299,131.324882544,ok
71,131.093578754084,32,0.801731195,131.178506808,ok
71,131.093578754084,21,0.624855734,131.032728297,ok
72,132.143576600988,337,0.508016215,132.161659780,ok
72,132.143576600988,256,0.510467829,132.168037256,ok
72,132.143576600988,236,0.511335346,132.170401897,ok
72,132.143576600988,181,0.514769958,132.180358611,ok
72,132.143576600988,169,0.515849077,132.183692572,ok
72,132.143576600988,128,0.521527197,132.202880719,ok
72,132.143576600988,118,0.523852624,132.211396856,ok
72,132.143576600988,91,0.540780683,132.264358047,ok
72,132.143576600988,85,0.556683113,132.293480399,ok
72,132.143576600988,64,0.691153077,132.091875924,ok
72,132.143576600988,59,0.731122419,132.203596520,ok
72,132.143576600988,45,0.715132585,132.073816216,ok
72,132.143576600988,43,0.631763155,132.049026139,ok
72,132.143576600988,32,0.601712511,132.054555341,ok
72,132.143576600988,21,0.598054621,132.175644880,ok
73,133.744181463975,256,0.500772157,133.766806543,ok
73,133.744181463975,181,0.500571539,133.777387643,ok
73,133.744181463975,128,0.499675952,133.795487869,ok
73,133.744181463975,91,0.500151030,133.840972544,ok
73,133.744181463975,64,0.585416151,133.801046317,ok
73,133.744181463975,45,0.612838974,133.798361009,ok
73,133.744181463975,32,0.594348558,133.810569055,ok
73,133.744181463975,21,0.669729939,133.812082525,ok
74,135.490837252557,256,0.487726727,135.515910311,ok
74,135.490837252557,181,0.480983153,135.526827728,ok
74,135.490837252557,128,0.468063398,135.544362692,ok
74,135.490837252557,91,0.434294626,135.587267408,ok
74,135.490837252557,64,0.523780853,135.643376133,ok
74,135.490837252557,45,0.586872315,135.681920865,ok
74,135.490837252557,32,0.620806173,135.723141433,ok
74,135.490837252557,21,0.711614077,135.609780010,ok
75,136.547312267283,256,0.507903220,136.571416654,ok
75,136.547312267283,181,0.510519873,136.583529519,ok
75,136.547312267283,128,0.513299144,136.605870623,ok
75,136.547312267283,91,0.519336370,136.671346706,ok
75,136.547312267283,64,0.653846788,136.628818500,ok
75,136.547312267283,45,0.724762727,136.538820373,ok
75,136.547312267283,32,0.756409578,136.457343918,ok
75,136.547312267283,21,0.626845951,136.450459772,ok
76,138.457294509696,256,0.428802319,138.472190247,ok
76,138.457294509696,181,0.402640237,138.470794339,ok
76,138.457294509696,128,0.365702089,138.466957864,ok
76,138.457294509696,91,0.293314004,138.470924901,ok
76,138.457294509696,64,0.301692558,138.550941424,ok
76,138.457294509696,45,0.336155053,138.580786142,ok
76,138.457294509696,32,0.369340254,138.567317091,ok
76,138.457294509696,21,0.310700874,138.561396671,ok
77,138.750177704611,256,0.576670627,138.788899589,ok
77,138.750177704611,181,0.603697470,138.816194328,ok
77,138.750177704611,128,0.640255112,138.866356817,ok
77,138.750177704611,91,0.722833477,138.994648360,ok
77,138.750177704611,64,0.934402350,138.859986521,ok
77,138.750177704611,45,0.930778498,138.709452961,ok
77,138.750177704611,32,0.874788010,138.684842247,ok
77,138.750177704611,21,0.974001679,138.709086854,ok
78,141.253632509752,256,0.482086512,141.271717528,ok
78,141.253632509752,181,0.473187105,141.279270709,ok
78,141.253632509752,128,0.456974646,141.291192686,ok
78,141.253632509752,91,0.414650206,141.326542530,ok
78,141.253632509752,64,0.454101248,141.400345947,ok
78,141.253632509752,45,0.489019705,141.424947903,ok
78,141.253632509752,32,0.525396834,141.468238240,ok
78,141.253632509752,21,0.596555993,141.455420502,ok
79,142.394417522198,256,0.490241789,142.428707192,ok
79,142.394417522198,181,0.483332193,142.444401685,ok
79,142.394417522198,128,0.467662410,142.471291288,ok
79,142.394417522198,91,0.418977649,142.551620451,ok
79,142.394417522198,64,0.538517502,142.704827587,ok
79,142.394417522198,45,0.799650339,142.733919464,ok
79,142.394417522198,32,0.932860002,142.475553564,ok
79,142.394417522198,21,0.823185371,142.346685541,ok
80,143.329062741618,365,0.511259425,143.346357135,ok
80,143.329062741618,256,0.516076682,143.354897770,ok
80,143.329062741618,183,0.522844437,143.368284015,ok
80,143.329062741618,181,0.523119253,143.368865144,ok
80,143.329062741618,128,0.534929339,143.396793479,ok
80,143.329062741618,92,0.578891447,143.487281331,ok
80,143.329062741618,91,0.583920999,143.493689712,ok
80,143.329062741618,64,0.834654335,143.355677647,ok
80,143.329062741618,46,0.728832334,143.186926543,ok
80,143.329062741618,45,0.678359077,143.105356744,ok
80,143.329062741618,32,0.522134812,143.186526766,ok
80,143.329062741618,21,0.521824838,143.259906082,ok
81,144.978166277711,256,0.498573275,145.002413728,ok
81,144.978166277711,181,0.497263045,145.013970219,ok
81,144.978166277711,128,0.494365026,145.034746362,ok
81,144.978166277711,91,0.498952282,145.100547957,ok
81,144.978166277711,64,0.615279245,145.072718145,ok
81,144.978166277711,45,0.588186190,145.022310313,ok
81,144.978166277711,32,0.561570504,145.057740865,ok
81,144.978166277711,21,0.605458098,145.090383810,ok
82,146.522005284908,256,0.495371818,146.548345086,ok
82,146.522005284908,181,0.492045794,146.560595270,ok
82,146.522005284908,128,0.484465508,146.582090554,ok
82,146.522005284908,91,0.469342117,146.652796135,ok
82,146.522005284908,64,0.604469433,146.674203393,ok
82,146.522005284908,45,0.600192602,146.637334234,ok
82,146.522005284908,32,0.650204787,146.691743548,ok
82,146.522005284908,21,0.754149856,146.618333559,ok
83,147.934530812181,256,0.494742832,147.960465654,ok
83,147.934530812181,181,0.490784278,147.972851151,ok
83,147.934530812181,128,0.481188353,147.995510718,ok
83,147.934530812181,91,0.457816521,148.080124455,ok
83,147.934530812181,64,0.654873316,148.103983943,ok
83,147.934530812181,45,0.654691896,148.057576493,ok
83,147.934530812181,32,0.781018713,147.975295319,ok
83,147.934530812181,21,0.661788494,147.852923499,ok
84,149.188457717303,256,0.494342043,149.217982471,ok
84,149.188457717303,181,0.490315105,149.232436596,ok
84,149.188457717303,128,0.481196065,149.259860380,ok
84,149.188457717303,91,0.469840740,149.366978009,ok
84,149.188457717303,64,0.704855862,149.278310208,ok
84,149.188457717303,45,0.668037973,149.250385204,ok
84,149.188457717303,32,0.595417791,149.127227701,ok
84,149.188457717303,21,0.520752951,149.243433673,ok
85,150.296359001543,256,0.511168839,150.324832620,ok
85,150.296359001543,181,0.515760426,150.339410234,ok
85,150.296359001543,128,0.523494753,150.367599539,ok
85,150.296359001543,91,0.582117016,150.464066860,ok
85,150.296359001543,64,0.645252294,150.277077642,ok
85,150.296359001543,45,0.641976821,150.293744119,ok
85,150.296359001543,32,0.579453199,150.335638226,ok
85,150.296359001543,21,0.708295459,150.360170583,ok
86,151.961987670484,256,0.499245866,151.985909892,ok
86,151.961987670484,181,0.497976236,151.997421016,ok
86,151.961987670484,128,0.494352033,152.018662006,ok
86,151.961987670484,91,0.503977693,152.096415692,ok
86,151.961987670484,64,0.584374198,152.035956282,ok
86,151.961987670484,45,0.613149892,152.046046495,ok
86,151.961987670484,32,0.635361481,152.082542120,ok
86,151.961987670484,21,0.689859080,151.972822725,ok
87,153.699612623515,256,0.476483122,153.722088696,ok
87,153.699612623515,181,0.463998097,153.731390527,ok
87,153.699612623515,128,0.438943253,153.746644901,ok
87,153.699612623515,91,0.366581829,153.822472125,ok
87,153.699612623515,64,0.486864317,153.882013769,ok
87,153.699612623515,45,0.558132940,153.960367613,ok
87,153.699612623515,32,0.844729059,153.998115971,patched
87,153.699612623515,21,0.616195540,153.785950783,patched
88,154.575491428720,394,0.503653632,154.600646977,ok
88,154.575491428720,276,0.504323764,154.612532008,ok
88,154.575491428720,256,0.504398636,154.615816323,ok
88,154.575491428720,197,0.504183532,154.630512790,ok
88,154.575491428720,181,0.503833945,154.636768540,ok
88,154.575491428720,138,0.500454453,154.666074301,ok
88,154.575491428720,128,0.498334284,154.678703670,ok
88,154.575491428720,99,0.488142631,154.776026177,ok
88,154.575491428720,91,0.509124437,154.861882902,ok
88,154.575491428720,69,0.857792613,154.844378596,ok
88,154.575491428720,64,0.746227619,154.702444335,ok
88,154.575491428720,50,0.911818814,154.590850884,ok
88,154.575491428720,45,0.823846686,154.501881488,ok
88,154.575491428720,32,0.570367641,154.305546882,ok
88,154.575491428720,21,0.660107712,154.591905142,ok
89,155.650248663243,256,0.518543696,155.673408507,ok
89,155.650248663243,181,0.527496568,155.686100751,ok
89,155.650248663243,128,0.545092192,155.712747561,ok
89,155.650248663243,91,0.681588808,155.795428880,ok
89,155.650248663243,64,0.637621458,155.617924873,ok
89,155.650248663243,45,0.576505264,155.597685545,ok
89,155.650248663243,32,0.543860219,155.652882362,ok
89,155.650248663243,21,0.635889328,155.589194235,ok
90,157.748305307903,256,0.478042512,157.771731073,ok
90,157.748305307903,181,0.466656494,157.781645834,ok
90,157.748305307903,128,0.444396180,157.798394762,ok
90,157.748305307903,91,0.396059847,157.885342135,ok
90,157.748305307903,64,0.465836896,157.908676660,ok
90,157.748305307903,45,0.481686406,157.921950314,ok
90,157.748305307903,32,0.466682721,157.995351817,ok
90,157.748305307903,21,0.562894118,157.959001745,ok
91,158.705021125529,256,0.509380882,158.738784372,ok
91,158.705021125529,181,0.511631250,158.756346932,ok
91,158.705021125529,128,0.511692661,158.791756532,ok
91,158.705021125529,91,0.566173015,158.943994738,ok
91,158.705021125529,64,0.713878264,158.862985650,ok
91,158.705021125529,45,0.783103184,158.808962257,ok
91,158.705021125529,32,0.942933083,158.702431171,ok
91,158.705021125529,21,0.806733147,158.621857037,ok
92,160.236484096771,256,0.491687540,160.261864544,ok
92,160.236484096771,181,0.486288250,160.274584666,ok
92,160.236484096771,128,0.473643433,160.300666858,ok
92,160.236484096771,91,0.488166412,160.440721105,ok
92,160.236484096771,64,0.641116759,160.379075403,ok
92,160.236484096771,45,0.681046628,160.283069131,ok
92,160.236484096771,32,0.608089469,160.158582558,ok
92,160.236484096771,21,0.590060179,160.203351527,ok
93,161.407146976157,256,0.497946462,161.442407064,ok
93,161.407146976157,181,0.495437249,161.460190600,ok
93,161.407146976157,128,0.488916320,161.496224870,ok
93,161.407146976157,91,0.563577986,161.660445948,ok
93,161.407146976157,64,0.691866334,161.488523681,ok
93,161.407146976157,45,0.625137466,161.417164307,ok
93,161.407146976157,32,0.522326307,161.474062869,ok
93,161.407146976157,21,0.565839200,161.508306959,ok
94,162.566046689599,256,0.515115566,162.591981550,ok
94,162.566046689599,181,0.521806343,162.605867466,ok
94,162.566046689599,128,0.534188859,162.635047143,ok
94,162.566046689599,91,0.682021893,162.702916353,ok
94,162.566046689599,64,0.649844461,162.550347981,ok
94,162.566046689599,45,0.615540058,162.566162650,ok
94,162.566046689599,32,0.677952373,162.627459083,ok
94,162.566046689599,21,0.726102478,162.563726589,ok
95,164.731164616577,256,0.463911053,164.748142029,ok
95,164.731164616577,181,0.446023225,164.753570648,ok
95,164.731164616577,128,0.410736861,164.760558179,ok
95,164.731164616577,91,0.320319003,164.856077862,ok
95,164.731164616577,64,0.403402603,164.920256764,ok
95,164.731164616577,45,0.387528212,164.934855331,ok
95,164.731164616577,32,0.357921085,165.085586900,ok
95,164.731164616577,21,0.456495676,165.236514526,ok
96,165.401419285863,422,0.510306611,165.426405248,ok
96,165.401419285863,295,0.513836228,165.438601197,ok
96,165.401419285863,256,0.515392614,165.445293118,ok
96,165.401419285863,211,0.517522756,165.457072504,ok
96,165.401419285863,181,0.519007484,165.469666270,ok
96,165.401419285863,148,0.519908305,165.493974521,ok
96,165.401419285863,128,0.518716260,165.522934061,ok
96,165.401419285863,106,0.520095875,165.608125750,ok
96,165.401419285863,91,0.662269192,165.781721177,ok
96,165.401419285863,74,0.882330966,165.641125382,ok
96,165.401419285863,64,0.863126142,165.485377214,ok
96,165.401419285863,53,0.868199040,165.462601034,ok
96,165.401419285863,45,0.940014893,165.462691190,ok
96,165.401419285863,32,1.059293358,165.100915255,ok
96,165.401419285863,21,0.828244591,164.908368808,ok
97,166.753879169108,256,0.503242994,166.784742453,ok
97,166.753879169108,181,0.503819690,166.801269712,ok
97,166.753879169108,128,0.504155262,166.837930246,ok
97,166.753879169108,91,0.693291905,166.964031315,ok
97,166.753879169108,64,0.623199564,166.764416516,ok
97,166.753879169108,45,0.626868449,166.727770769,ok
97,166.753879169108,32,0.508091151,166.778452663,ok
97,166.753879169108,21,0.609518719,166.862693667,ok
98,168.044420781710,256,0.508417502,168.070978786,ok
98,168.044420781710,181,0.511857121,168.084964986,ok
98,168.044420781710,128,0.518513299,168.115027391,ok
98,168.044420781710,91,0.674014573,168.146780388,ok
98,168.044420781710,64,0.597453235,168.078603445,ok
98,168.044420781710,45,0.603397142,168.059309128,ok
98,168.044420781710,32,0.632978896,168.137306062,ok
98,168.044420781710,21,0.698904779,168.018640961,ok
99,170.051131187527,256,0.464349882,170.074128679,ok
99,170.051131187527,181,0.445915913,170.082230399,ok
99,170.051131187527,128,0.407905056,170.094211332,ok
99,170.051131187527,91,0.345560960,170.227366903,ok
99,170.051131187527,64,0.393497372,170.227133898,ok
99,170.051131187527,45,0.412034816,170.279090448,ok
99,170.051131187527,32,0.356301495,170.419068505,ok
99,170.051131187527,21,0.559168085,170.284183587,ok
100,170.734766994579,256,0.522027875,170.774669304,ok
100,170.734766994579,181,0.529414552,170.798212425,ok
100,170.734766994579,128,0.537028105,170.853711620,ok
100,170.734766994579,91,0.827800922,171.038783694,ok
100,170.734766994579,64,0.838375388,170.862414182,ok
100,170.734766994579,45,0.914359802,170.710871920,ok
100,170.734766994579,32,1.079850541,170.411691789,ok
100,170.734766994579,21,0.756275870,170.573465537,ok
101,172.280481771621,256,0.492895046,172.309256180,ok
101,172.280481771621,181,0.488057668,172.324362575,ok
101,172.280481771621,128,0.476477099,172.359124363,ok
101,172.280481771621,91,0.658777459,172.460243532,ok
101,172.280481771621,64,0.636103150,172.367018027,ok
101,172.280481771621,45,0.604737439,172.303012088,ok
101,172.280481771621,32,0.494060901,172.302541813,ok
101,172.280481771621,21,0.606960205,172.291899061,ok
102,173.442978836135,256,0.505515631,173.476702958,ok
102,173.442978836135,181,0.506997106,173.494592412,ok
102,173.442978836135,128,0.509321737,173.534839607,ok
102,173.442978836135,91,0.707685033,173.527577679,ok
102,173.442978836135,64,0.651463799,173.486498201,ok
102,173.442978836135,45,0.614997682,173.486581218,ok
102,173.442978836135,32,0.629600025,173.585132941,ok
102,173.442978836135,21,0.609546938,173.487473826,ok
103,174.915088085401,256,0.502189597,174.943235714,ok
103,174.915088085401,181,0.501856288,174.957900714,ok
103,174.915088085401,128,0.499091181,174.990696413,ok
103,174.915088085401,91,0.632814770,175.011081077,ok
103,174.915088085401,64,0.623869248,174.985162513,ok
103,174.915088085401,45,0.634044085,174.989675300,ok
103,174.915088085401,32,0.740539556,174.970592478,ok
103,174.915088085401,21,0.702428624,174.979958819,ok
104,176.597302141918,450,0.489581984,176.610862181,ok
104,176.597302141918,315,0.484477692,176.616677341,ok
104,176.597302141918,256,0.480114792,176.621277535,ok
104,176.597302141918,225,0.476571877,176.624790711,ok
104,176.597302141918,181,0.468233385,176.632402142,ok
104,176.597302141918,158,0.460412039,176.638912646,ok
104,176.597302141918,128,0.438759195,176.656224698,ok
104,176.597302141918,113,0.414463385,176.684172245,ok
104,176.597302141918,91,0.517889029,176.792341565,ok
104,176.597302141918,79,0.530612255,176.790067755,ok
104,176.597302141918,64,0.564567357,176.770407048,ok
104,176.597302141918,57,0.542347750,176.778335718,ok
104,176.597302141918,45,0.624004311,176.778071175,ok
104,176.597302141918,32,0.694807503,176.607494967,ok
104,176.597302141918,21,0.721039299,176.584630840,ok
105,177.701212574574,256,0.475075132,177.749922053,ok
105,177.701212574574,181,0.457203563,177.772836106,ok
105,177.701212574574,128,0.410539900,177.819486195,ok
105,177.701212574574,91,0.993736757,178.068160623,patched
105,177.701212574574,64,0.843049749,177.891117601,patched
105,177.701212574574,45,0.807808702,177.728785821,patched
105,177.701212574574,32,0.503365904,177.722560665,patched
105,177.701212574574,21,0.443036466,177.712596720,patched
106,178.362374908986,256,0.544061280,178.387480631,ok
106,178.362374908986,181,0.567982174,178.406098624,ok
106,178.362374908986,128,0.624679098,178.462016926,ok
106,178.362374908986,91,0.461437619,178.104546468,ok
106,178.362374908986,64,0.525303695,178.176703996,ok
106,178.362374908986,45,0.518697056,178.244707883,ok
106,178.362374908986,32,0.675753404,178.357848549,ok
106,178.362374908986,21,0.738189968,178.384684590,ok
107,180.569310385286,256,0.478166885,180.593180856,ok
107,180.569310385286,181,0.466026005,180.603970437,ok
107,180.569310385286,128,0.437841374,180.627113206,ok
107,180.569310385286,91,0.501803461,180.691471029,ok
107,180.569310385286,64,0.491807239,180.699378264,ok
107,180.569310385286,45,0.498041384,180.730022548,ok
107,180.569310385286,32,0.597346288,180.808975507,ok
107,180.569310385286,21,0.712755628,180.711168664,ok
108,181.614913731704,256,0.500255692,181.653822359,ok
108,181.614913731704,181,0.496910417,181.674447920,ok
108,181.614913731704,128,0.482704566,181.723818303,ok
108,181.614913731704,91,0.631250241,181.751500142,ok
108,181.614913731704,64,0.662711312,181.781337507,ok
108,181.614913731704,45,0.777434072,181.762389117,ok
108,181.614913731704,32,0.805351128,181.513860313,ok
108,181.614913731704,21,0.608569015,181.516004956,ok
109,182.916768328969,256,0.497038868,182.948460670,ok
109,182.916768328969,181,0.493208067,182.966273203,ok
109,182.916768328969,128,0.480469644,183.013794632,ok
109,182.916768328969,91,0.619469908,183.010119832,ok
109,182.916768328969,64,0.684978328,183.008054349,ok
109,182.916768328969,45,0.699905671,182.871273181,ok
109,182.916768328969,32,0.546673564,182.885824237,ok
109,182.916768328969,21,0.607378303,183.008782598,ok
110,184.115032375368,256,0.499754886,184.150235758,ok
110,184.115032375368,181,0.498141673,184.169793061,ok
110,184.115032375368,128,0.494509970,184.221310402,ok
110,184.115032375368,91,0.602685759,184.187241369,ok
110,184.115032375368,64,0.652558695,184.150858329,ok
110,184.115032375368,45,0.574378348,184.108411373,ok
110,184.115032375368,32,0.586661068,184.219503299,ok
110,184.115032375368,21,0.687415787,184.091053117,ok
111,185.373996607700,256,0.507876876,185.405920433,ok
111,185.373996607700,181,0.510672400,185.423635122,ok
111,185.373996607700,128,0.517793324,185.469192310,ok
111,185.373996607700,91,0.594204804,185.440372047,ok
111,185.373996607700,64,0.628907276,185.403856993,ok
111,185.373996607700,45,0.599773099,185.428441814,ok
111,185.373996607700,32,0.701447215,185.409288916,ok
111,185.373996607700,21,0.588749757,185.379210358,ok
112,187.068760590694,477,0.494104267,187.083764995,ok
112,187.068760590694,334,0.491026522,187.090374837,ok
112,187.068760590694,256,0.487361079,187.097436354,ok
112,187.068760590694,239,0.486102989,187.099691318,ok
112,187.068760590694,181,0.478649124,187.111721884,ok
112,187.068760590694,167,0.475303074,187.116582400,ok
112,187.068760590694,128,0.454202428,187.147157829,ok
112,187.068760590694,120,0.446159381,187.165981541,ok
112,187.068760590694,91,0.513521879,187.197081657,ok
112,187.068760590694,84,0.565729230,187.209976508,ok
112,187.068760590694,64,0.581396906,187.203660404,ok
112,187.068760590694,60,0.587150170,187.213172576,ok
112,187.068760590694,45,0.598140235,187.242939451,ok
112,187.068760590694,32,0.674409376,187.139554453,ok
112,187.068760590694,21,0.698005669,187.267914134,ok
113,188.271374332271,256,0.492210799,188.304976397,ok
113,188.271374332271,181,0.485026713,188.323298166,ok
113,188.271374332271,128,0.461895514,188.373831167,ok
113,188.271374332271,91,0.561304398,188.432380990,ok
113,188.271374332271,64,0.671187170,188.372525852,ok
113,188.271374332271,45,0.766914644,188.333869562,ok
113,188.271374332271,32,0.624401449,188.254128668,ok
113,188.271374332271,21,0.713454887,188.087067139,ok
114,189.491731492129,256,0.487331734,189.534500269,ok
114,189.491731492129,181,0.477285303,189.557700205,ok
114,189.491731492129,128,0.448096020,189.621732156,ok
114,189.491731492129,91,0.576857453,189.701662427,ok
114,189.491731492129,64,0.656620330,189.565238023,ok
114,189.491731492129,45,0.642680875,189.460984274,ok
114,189.491731492129,32,0.589488989,189.592833218,ok
114,189.491731492129,21,0.417878209,189.540175749,ok
115,190.371187610756,256,0.528234128,190.401407854,ok
115,190.371187610756,181,0.543150807,190.420836557,ok
115,190.371187610756,128,0.587880851,190.479171807,ok
115,190.371187610756,91,0.715026430,190.372816237,ok
115,190.371187610756,64,0.619337675,190.318763448,ok
115,190.371187610756,45,0.575364607,190.335545709,ok
115,190.371187610756,32,0.673709966,190.310343457,ok
115,190.371187610756,21,0.770815450,190.447963194,ok
116,192.361137876056,256,0.483885186,192.386109674,ok
116,192.361137876056,181,0.473865680,192.398406799,ok
116,192.361137876056,128,0.446984838,192.431765149,ok
116,192.361137876056,91,0.497689488,192.494802916,ok
116,192.361137876056,64,0.524570190,192.488174097,ok
116,192.361137876056,45,0.534990598,192.506210191,ok
116,192.361137876056,32,0.603314396,192.488974865,ok
116,192.361137876056,21,0.725168994,192.379861971,ok
117,193.797072926147,256,0.440606864,193.833711282,ok
117,193.797072926147,181,0.407651257,193.841998940,ok
117,193.797072926147,128,0.329523485,193.855623090,ok
117,193.797072926147,91,0.294063325,193.974730455,ok
117,193.797072926147,64,0.307861971,194.019811981,ok
117,193.797072926147,45,0.295558361,194.068242603,ok
117,193.797072926147,32,0.355490131,194.107689179,ok
117,193.797072926147,21,0.451900145,193.787868480,ok
118,194.231883229361,256,0.561202124,194.273210731,ok
118,194.231883229361,181,0.588685132,194.310151172,ok
118,194.231883229361,128,0.647828048,194.435474426,ok
118,194.231883229361,91,1.032362750,194.395303852,ok
118,194.231883229361,64,1.095400882,194.174402802,ok
118,194.231883229361,45,1.152285260,193.998927096,ok
118,194.231883229361,32,0.989313446,193.869892159,ok
118,194.231883229361,21,0.756288289,194.279953462,ok
119,196.132005654684,256,0.481399930,196.163398419,ok
119,196.132005654684,181,0.469906429,196.179843508,ok
119,196.132005654684,128,0.441500086,196.230437103,ok
119,196.132005654684,91,0.560764489,196.283948924,ok
119,196.132005654684,64,0.570947504,196.223200758,ok
119,196.132005654684,45,0.532718709,196.196742408,ok
119,196.132005654684,32,0.525036397,196.255026047,ok
119,196.132005654684,21,0.676690009,196.158081574,ok
120,197.113446221576,502,0.507647156,197.131284631,ok
120,197.113446221576,352,0.510654850,197.139670790,ok
120,197.113446221576,256,0.514295412,197.151386390,ok
120,197.113446221576,251,0.514557195,197.152312713,ok
120,197.113446221576,181,0.519735357,197.173923967,ok
120,197.113446221576,176,0.520280284,197.176634640,ok
120,197.113446221576,128,0.538124217,197.242895538,ok
120,197.113446221576,126,0.542105256,197.250109206,ok
120,197.113446221576,91,0.693027438,197.170712110,ok
120,197.113446221576,88,0.641363891,197.148100837,ok
120,197.113446221576,64,0.648529439,197.134605473,ok
120,197.113446221576,63,0.636948123,197.152649265,ok
120,197.113446221576,45,0.642164316,197.171284622,ok
120,197.113446221576,32,0.730206316,197.152477237,ok
120,197.113446221576,21,0.572393883,197.103642643,ok
121,198.806475736147,256,0.489207712,198.835057093,ok
121,198.806475736147,181,0.480788928,198.850330352,ok
121,198.806475736147,128,0.455123792,198.899629898,ok
121,198.806475736147,91,0.574004009,198.944226488,ok
121,198.806475736147,64,0.583907325,198.918438419,ok
121,198.806475736147,45,0.628175824,198.951238750,ok
121,198.806475736147,32,0.693172805,198.863199640,ok
121,198.806475736147,21,0.721699132,198.982054425,ok
122,200.162039428699,256,0.468959699,200.196801684,ok
122,200.162039428699,181,0.448094797,200.213652192,ok
122,200.162039428699,128,0.384444702,200.268719738,ok
122,200.162039428699,91,0.529866333,200.440309294,ok
122,200.162039428699,64,0.593858975,200.394832251,ok
122,200.162039428699,45,0.823311810,200.294203165,ok
122,200.162039428699,32,0.630229393,200.150156590,ok
122,200.162039428699,21,0.708207755,199.960699380,ok
123,200.901617870769,256,0.523700752,200.949444628,ok
123,200.901617870769,181,0.533885232,200.981661575,ok
123,200.901617870769,128,0.571646794,201.098807646,ok
123,200.901617870769,91,0.832836775,200.820379267,ok
123,200.901617870769,64,0.732332362,200.800966257,ok
123,200.901617870769,45,0.533078801,200.747212654,ok
123,200.901617870769,32,0.567570108,200.916261813,ok
123,200.901617870769,21,0.432569069,200.983210924,ok
124,202.260577995932,256,0.512289096,202.290273955,ok
124,202.260577995932,181,0.518387026,202.308483532,ok
124,202.260577995932,128,0.550261243,202.368524803,ok
124,202.260577995932,91,0.598911003,202.264366565,ok
124,202.260577995932,64,0.604057313,202.273479590,ok
124,202.260577995932,45,0.577338279,202.282465446,ok
124,202.260577995932,32,0.654213223,202.297773722,ok
124,202.260577995932,21,0.743290721,202.352119199,ok
125,204.221070780158,256,0.463722239,204.245541312,ok
125,204.221070780158,181,0.442305556,204.255238518,ok
125,204.221070780158,128,0.379207849,204.289779733,ok
125,204.221070780158,91,0.446949415,204.366514854,ok
125,204.221070780158,64,0.441559529,204.417111353,ok
125,204.221070780158,45,0.426828785,204.447735043,ok
125,204.221070780158,32,0.549986368,204.644729799,ok
125,204.221070780158,21,0.433443570,204.947829850,ok
126,204.992003455098,256,0.512497543,205.040094634,ok
126,204.992003455098,181,0.513208044,205.070759420,ok
126,204.992003455098,128,0.513703788,205.185257538,ok
126,204.992003455098,91,0.708659612,205.113814623,ok
126,204.992003455098,64,0.848495660,205.071380106,ok
126,204.992003455098,45,0.942373139,205.006711216,ok
126,204.992003455098,32,0.807807085,204.616176305,ok
126,204.992003455098,21,0.797605679,204.218175405,ok
127,206.411911047611,256,0.487078844,206.451116662,ok
127,206.411911047611,181,0.476274161,206.474562129,ok
127,206.411911047611,128,0.448100070,206.570275096,ok
127,206.411911047611,91,0.601575444,206.534367685,ok
127,206.411911047611,64,0.663790358,206.441571362,ok
127,206.411911047611,45,0.628471745,206.369948851,ok
127,206.411911047611,32,0.524594293,206.475738119,ok
127,206.411911047611,21,0.717764940,206.733767337,patched
128,207.317377481888,528,0.510359530,207.332417857,ok
128,207.317377481888,370,0.514860532,207.339697037,ok
128,207.317377481888,264,0.521295489,207.350890132,ok
128,207.317377481888,256,0.522042262,207.352248315,ok
128,207.317377481888,185,0.533019614,207.373495539,ok
128,207.317377481888,181,0.534091144,207.375671624,ok
128,207.317377481888,132,0.582457883,207.447490845,ok
128,207.317377481888,128,0.602887807,207.461947939,ok
128,207.317377481888,93,0.623950076,207.285381896,ok
128,207.317377481888,91,0.642262138,207.317839223,ok
128,207.317377481888,66,0.627738567,207.269372200,ok
128,207.317377481888,64,0.590105150,207.271464797,ok
128,207.317377481888,45,0.559710431,207.298053034,ok
128,207.317377481888,32,0.674755178,207.333266650,ok
128,207.317377481888,21,0.635301915,207.032830914,ok
129,209.227752492648,256,0.472543775,209.259595504,ok
129,209.227752492648,181,0.454776189,209.274888700,ok
129,209.227752492648,128,0.404151093,209.335864482,ok
129,209.227752492648,91,0.472070173,209.379461170,ok
129,209.227752492648,64,0.497577056,209.384180214,ok
129,209.227752492648,45,0.488850182,209.427423365,ok
129,209.227752492648,32,0.655609007,209.453430158,ok
129,209.227752492648,21,0.480535387,209.370535495,ok
130,210.103185517399,256,0.515756902,210.143829407,ok
130,210.103185517399,181,0.520223797,210.170714882,ok
130,210.103185517399,128,0.549016842,210.280058445,ok
130,210.103185517399,91,0.689101683,210.219882699,ok
130,210.103185517399,64,0.726724192,210.162496833,ok
130,210.103185517399,45,0.822691899,210.116999529,ok
130,210.103185517399,32,0.687141955,209.935804361,ok
130,210.103185517399,21,0.845707912,210.102338248,ok
131,211.833411820424,256,0.462504211,211.859713764,ok
131,211.833411820424,181,0.438253497,211.872439895,ok
131,211.833411820424,128,0.362575138,211.941400777,ok
131,211.833411820424,91,0.451091396,212.037468454,ok
131,211.833411820424,64,0.544740259,212.064520241,ok
131,211.833411820424,45,0.699273874,211.923750225,ok
131,211.833411820424,32,0.532380925,211.930912755,ok
131,211.833411820424,21,0.629073331,211.738099355,ok
132,212.537607537213,256,0.518364377,212.595381893,ok
132,212.537607537213,181,0.523887602,212.634507013,ok
132,212.537607537213,128,0.575907981,212.803681557,ok
132,212.537607537213,91,0.840014627,212.635975140,ok
132,212.537607537213,64,0.781154555,212.447883751,ok
132,212.537607537213,45,0.559360641,212.453507926,ok
132,212.537607537213,32,0.697746533,212.555562780,ok
132,212.537607537213,21,0.484660264,212.640612421,ok
133,213.761842101278,256,0.519783143,213.792693884,ok
133,213.761842101278,181,0.530835405,213.813556354,ok
133,213.761842101278,128,0.614493960,213.886181901,ok
133,213.761842101278,91,0.640636349,213.743373080,ok
133,213.761842101278,64,0.602576543,213.737189821,ok
133,213.761842101278,45,0.598521569,213.780742271,ok
133,213.761842101278,32,0.639206621,213.726324260,ok
133,213.761842101278,21,0.747769237,213.785654907,ok
134,215.793818382016,256,0.465109519,215.815632128,ok
134,215.793818382016,181,0.443326557,215.824850956,ok
134,215.793818382016,128,0.375753611,215.883283008,ok
134,215.793818382016,91,0.452368103,215.953569825,ok
134,215.793818382016,64,0.472712223,215.957743598,ok
134,215.793818382016,45,0.459472538,216.026684262,ok
134,215.793818382016,32,0.547305155,216.021719749,ok
134,215.793818382016,21,0.740881197,215.861688762,ok
135,216.703415266203,256,0.487211408,216.760935278,ok
135,216.703415266203,181,0.469719920,216.794535161,ok
135,216.703415266203,128,0.413822948,216.948992420,ok
135,216.703415266203,91,0.756709948,217.041057461,patched
135,216.703415266203,64,0.827135174,216.914886239,patched
135,216.703415266203,45,1.035782095,216.726381303,patched
135,216.703415266203,32,0.858681448,216.614842602,patched
135,216.703415266203,21,0.500304616,216.639087854,patched
136,217.581931418038,555,0.511613008,217.596595618,ok
136,217.581931418038,388,0.516755446,217.604033817,ok
136,217.581931418038,278,0.523981934,217.615666424,ok
136,217.581931418038,256,0.526337832,217.619795957,ok
136,217.581931418038,194,0.537264440,217.641464457,ok
136,217.581931418038,181,0.541248286,217.650416296,ok
136,217.581931418038,139,0.586681510,217.736391256,ok
136,217.581931418038,128,0.677195641,217.800107210,ok
136,217.581931418038,97,0.704450010,217.537191302,ok
136,217.581931418038,91,0.697698906,217.399809975,ok
136,217.581931418038,70,0.643510850,217.360101100,ok
136,217.581931418038,64,0.610463053,217.429476987,ok
136,217.581931418038,45,0.480714745,217.443415446,ok
136,217.581931418038,32,0.510732971,217.507658204,ok
136,217.581931418038,21,0.647728778,217.637623379,ok
137,219.172670566944,256,0.491672501,219.208108485,ok
137,219.172670566944,181,0.484933327,219.229990823,ok
137,219.172670566944,128,0.510636855,219.332618493,ok
137,219.172670566944,91,0.573439981,219.234701171,ok
137,219.172670566944,64,0.568375780,219.241507843,ok
137,219.172670566944,45,0.531385073,219.247051545,ok
137,219.172670566944,32,0.568567683,219.286928989,ok
137,219.172670566944,21,0.684386135,219.206069553,ok
138,220.405621710637,256,0.501557078,220.444575736,ok
138,220.405621710637,181,0.499233482,220.468986581,ok
138,220.405621710637,128,0.542297736,220.575830075,ok
138,220.405621710637,91,0.595203297,220.480348819,ok
138,220.405621710637,64,0.623232191,220.491201676,ok
138,220.405621710637,45,0.642263079,220.525704308,ok
138,220.405621710637,32,0.723837019,220.471156700,ok
138,220.405621710637,21,0.609429622,220.384039411,ok
139,221.928548507254,256,0.483064506,221.963412015,ok
139,221.928548507254,181,0.468100497,221.983608661,ok
139,221.928548507254,128,0.444899493,222.102535928,ok
139,221.928548507254,91,0.551705338,222.068522670,ok
139,221.928548507254,64,0.625845137,222.092687139,ok
139,221.928548507254,45,0.742376963,222.089168152,ok
139,221.928548507254,32,0.705007728,221.926812175,ok
139,221.928548507254,21,0.634962493,222.077974308,ok
140,223.003103180629,256,0.493274651,223.046029332,ok
140,223.003103180629,181,0.483744001,223.075211198,ok
140,223.003103180629,128,0.511791708,223.244837818,ok
140,223.003103180629,91,0.639504315,223.121957212,ok
140,223.003103180629,64,0.718566036,223.014214109,ok
140,223.003103180629,45,0.665120586,222.873473031,ok
140,223.003103180629,32,0.540447132,222.968035026,ok
140,223.003103180629,21,0.728087105,222.896798927,ok
141,224.122238487947,256,0.501490004,224.168528072,ok
141,224.122238487947,181,0.499337410,224.200562996,ok
141,224.122238487947,128,0.599810699,224.361761930,ok
141,224.122238487947,91,0.640581600,224.193669256,ok
141,224.122238487947,64,0.605289043,224.113275002,ok
141,224.122238487947,45,0.530786013,224.132200089,ok
141,224.122238487947,32,0.599708165,224.234240178,ok
141,224.122238487947,21,0.505725811,224.112029282,ok
142,225.293261475205,256,0.514266048,225.330417036,ok
142,225.293261475205,181,0.521471337,225.356363886,ok
142,225.293261475205,128,0.653423474,225.433541982,ok
142,225.293261475205,91,0.626540148,225.330640651,ok
142,225.293261475205,64,0.598927402,225.314271975,ok
142,225.293261475205,45,0.614700083,225.358726380,ok
142,225.293261475205,32,0.703394141,225.281752052,ok
142,225.293261475205,21,0.658910276,225.391190146,ok
143,226.988188488375,256,0.485226414,227.019060127,ok
143,226.988188488375,181,0.472753850,227.037404766,ok
143,226.988188488375,128,0.485144166,227.145255878,ok
143,226.988188488375,91,0.542713098,227.116753793,ok
143,226.988188488375,64,0.560211692,227.114514020,ok
143,226.988188488375,45,0.630318909,227.151148682,ok
143,226.988188488375,32,0.637150750,227.035023904,ok
143,226.988188488375,21,0.786013523,227.019489351,ok
144,228.405506297436,582,0.478909620,228.422510127,ok
144,228.405506297436,408,0.468851076,228.428903442,ok
144,228.405506297436,291,0.453633682,228.436925950,ok
144,228.405506297436,256,0.445392146,228.440573933,ok
144,228.405506297436,204,0.424474872,228.448145505,ok
144,228.405506297436,181,0.407340121,228.453177000,ok
144,228.405506297436,146,0.344988828,228.478960568,ok
144,228.405506297436,128,0.305767262,228.576160995,ok
144,228.405506297436,102,0.384111031,228.593511094,ok
144,228.405506297436,91,0.368474789,228.642842174,ok
144,228.405506297436,73,0.414309810,228.671425493,ok
144,228.405506297436,64,0.381022887,228.693510852,ok
144,228.405506297436,45,0.385350079,228.834333536,ok
144,228.405506297436,32,0.593019503,228.640893696,ok
144,228.405506297436,21,0.513732033,228.254180445,patched
145,228.959023632675,256,0.542666734,229.020421636,ok
145,228.959023632675,181,0.560763079,229.074865781,ok
145,228.959023632675,128,0.852625791,229.345992580,ok
145,228.959023632675,91,1.017068203,228.970891523,ok
145,228.959023632675,64,1.031751280,228.784878811,ok
145,228.959023632675,45,0.970425623,228.442827217,ok
145,228.959023632675,32,0.685425286,228.753170241,ok
145,228.959023632675,21,0.563588353,229.161800580,ok
146,230.330130577805,256,0.511888026,230.364129370,ok
146,230.330130577805,181,0.519228043,230.389169636,ok
146,230.330130577805,128,0.682192386,230.408826009,ok
146,230.330130577805,91,0.602647015,230.316994749,ok
146,230.330130577805,64,0.572332415,230.315979615,ok
146,230.330130577805,45,0.552183807,230.377028110,ok
146,230.330130577805,32,0.602817425,230.328480800,ok
146,230.330130577805,21,0.766299107,230.282145812,ok
147,232.100481747069,256,0.470831682,232.133885911,ok
147,232.100481747069,181,0.449413312,232.151945415,ok
147,232.100481747069,128,0.453156381,232.278022094,ok
147,232.100481747069,91,0.515244279,232.240368956,ok
147,232.100481747069,64,0.511445690,232.246151710,ok
147,232.100481747069,45,0.502776119,232.345870199,ok
147,232.100481747069,32,0.568334628,232.298246739,ok
147,232.100481747069,21,0.570429350,232.110159838,ok
148,233.048063745299,256,0.506320289,233.097787536,ok
148,233.048063745299,181,0.502262679,233.133340940,ok
148,233.048063745299,128,0.651339884,233.292135652,ok
148,233.048063745299,91,0.687048578,233.143795493,ok
148,233.048063745299,64,0.723848993,233.141783323,ok
148,233.048063745299,45,0.921624788,233.026816880,ok
148,233.048063745299,32,0.803809368,232.981753127,ok
148,233.048063745299,21,0.645798413,233.162500874,ok
149,234.351787701833,256,0.496271048,234.387682143,ok
149,234.351787701833,181,0.489591588,234.415179823,ok
149,234.351787701833,128,0.635879728,234.527150053,ok
149,234.351787701833,91,0.621902758,234.401863261,ok
149,234.351787701833,64,0.650724934,234.370940605,ok
149,234.351787701833,45,0.580462950,234.251369482,ok
149,234.351787701833,32,0.572787435,234.287583887,ok
149,234.351787701833,21,0.730744749,234.268997935,ok
150,235.836218771141,256,0.422360689,235.878218465,ok
150,235.836218771141,181,0.375870582,235.889307655,ok
150,235.836218771141,128,0.316452988,236.029032329,ok
150,235.836218771141,91,0.384241401,236.009727513,ok
150,235.836218771141,64,0.400065333,236.032117486,ok
150,235.836218771141,45,0.371591769,235.907333318,ok
150,235.836218771141,32,0.341961711,235.945642931,ok
150,235.836218771141,21,0.405643310,235.822849396,ok
151,236.241560494476,256,0.589651913,236.291921383,ok
151,236.241560494476,181,0.637535975,236.349600576,ok
151,236.241560494476,128,1.078791392,236.295901698,ok
151,236.241560494476,91,0.868121176,236.168065632,ok
151,236.241560494476,64,0.864793952,236.077310766,ok
151,236.241560494476,45,0.815076757,236.278344486,ok
151,236.241560494476,32,0.914751571,236.226663692,ok
151,236.241560494476,21,0.771092308,236.306598207,ok
152,238.537113049983,608,0.485024006,238.547248742,ok
152,238.537113049983,426,0.478151861,238.551270871,ok
152,238.537113049983,304,0.468009581,238.556522278,ok
152,238.537113049983,256,0.460439025,238.559950604,ok
152,238.537113049983,213,0.448899672,238.564497787,ok
152,238.537113049983,181,0.432350289,238.570212478,ok
152,238.537113049983,152,0.394952167,238.590292004,ok
152,238.537113049983,128,0.426716420,238.689615329,ok
152,238.537113049983,107,0.430925036,238.658565647,ok
152,238.537113049983,91,0.437533475,238.677550855,ok
152,238.537113049983,76,0.444660601,238.692190655,ok
152,238.537113049983,64,0.464473720,238.707916976,ok
152,238.537113049983,45,0.471037799,238.839778674,ok
152,238.537113049983,32,0.680530456,238.781526567,patched
152,238.537113049983,21,0.866331581,238.723520534,patched
153,239.338488135620,256,0.501570098,239.395058486,ok
153,239.338488135620,181,0.491393823,239.436976221,ok
153,239.338488135620,128,0.698259172,239.576325347,ok
153,239.338488135620,91,0.708557698,239.528626017,ok
153,239.338488135620,64,0.797390560,239.428761557,ok
153,239.338488135620,45,0.942628020,239.158025420,ok
153,239.338488135620,32,0.626720203,239.139257938,ok
153,239.338488135620,21,0.459081445,239.120008565,ok
154,240.626711169393,256,0.483901117,240.677293576,ok
154,240.626711169393,181,0.464999385,240.715099013,ok
154,240.626711169393,128,0.706640354,240.846634685,ok
154,240.626711169393,91,0.710511052,240.771308625,ok
154,240.626711169393,64,0.667842450,240.641883089,ok
154,240.626711169393,45,0.513686530,240.592755523,ok
154,240.626711169393,32,0.534605386,240.728250586,ok
154,240.626711169393,21,0.481527505,240.775731298,ok
155,241.477920928211,256,0.530265648,241.519270984,ok
155,241.477920928211,181,0.551843643,241.556430573,ok
155,241.477920928211,128,0.688849099,241.373946825,ok
155,241.477920928211,91,0.642650687,241.383372327,ok
155,241.477920928211,64,0.584174389,241.426315092,ok
155,241.477920928211,45,0.589817722,241.529311165,ok
155,241.477920928211,32,0.701411613,241.441277108,ok
155,241.477920928211,21,0.772834275,241.441447603,ok
156,243.228931179739,256,0.484874718,243.263975775,ok
156,243.228931179739,181,0.471328883,243.287598649,ok
156,243.228931179739,128,0.549424982,243.327534728,ok
156,243.228931179739,91,0.558193066,243.326100733,ok
156,243.228931179739,64,0.554654809,243.338570108,ok
156,243.228931179739,45,0.609408929,243.399725373,ok
156,243.228931179739,32,0.621784091,243.295451980,ok
156,243.228931179739,21,0.653220024,243.255404317,ok
157,244.513168583588,256,0.481490205,244.557869474,ok
157,244.513168583588,181,0.460569005,244.587479070,ok
157,244.513168583588,128,0.561871225,244.670190674,ok
157,244.513168583588,91,0.599393619,244.674646821,ok
157,244.513168583588,64,0.648232734,244.705356420,ok
157,244.513168583588,45,0.831848738,244.576476379,ok
157,244.513168583588,32,0.664908481,244.597594495,ok
157,244.513168583588,21,0.600672802,244.531642187,ok
158,245.564881380114,256,0.499541852,245.612906115,ok
158,245.564881380114,181,0.490654041,245.653403372,ok
158,245.564881380114,128,0.657500928,245.668401625,ok
158,245.564881380114,91,0.696394936,245.616588680,ok
158,245.564881380114,64,0.743460918,245.531025200,ok
158,245.564881380114,45,0.564169303,245.427111743,ok
158,245.564881380114,32,0.669327754,245.512310439,ok
158,245.564881380114,21,0.654639182,245.628692881,ok
159,246.724058534725,256,0.499768730,246.768976883,ok
159,246.724058534725,181,0.496570721,246.807246236,ok
159,246.724058534725,128,0.615168293,246.777065878,ok
159,246.724058534725,91,0.612575869,246.740994188,ok
159,246.724058534725,64,0.585361234,246.699294823,ok
159,246.724058534725,45,0.513302951,246.774426609,ok
159,246.724058534725,32,0.564438285,246.711163518,ok
159,246.724058534725,21,0.661441227,246.654165831,ok
160,247.995118582738,632,0.500161871,248.012494812,ok
160,247.995118582738,443,0.499822776,248.020421138,ok
160,247.995118582738,316,0.498911617,248.032101783,ok
160,247.995118582738,256,0.497653639,248.043153405,ok
160,247.995118582738,222,0.496147583,248.053817210,ok
160,247.995118582738,181,0.492128267,248.080390992,ok
160,247.995118582738,158,0.494298631,248.125449220,ok
160,247.995118582738,128,0.582514889,248.075321500,ok
160,247.995118582738,111,0.600240395,248.103524570,ok
160,247.995118582738,91,0.590065159,248.066874063,ok
160,247.995118582738,79,0.609732985,248.050125702,ok
160,247.995118582738,64,0.579571576,248.062514641,ok
160,247.995118582738,45,0.633947388,248.154618198,ok
160,247.995118582738,32,0.602766104,248.102511138,ok
160,247.995118582738,21,0.538628882,248.027741279,ok
161,249.184508964885,256,0.511089613,249.223617937,ok
161,249.184508964885,181,0.515356162,249.256119133,ok
161,249.184508964885,128,0.589597891,249.242211675,ok
161,249.184508964885,91,0.612482268,249.235641574,ok
161,249.184508964885,64,0.630908333,249.232440028,ok
161,249.184508964885,45,0.725639121,249.162564328,ok
161,249.184508964885,32,0.713787819,249.181260410,ok
161,249.184508964885,21,0.705761052,249.264427550,ok
162,251.086563150456,256,0.435954502,251.097546720,ok
162,251.086563150456,181,0.390591869,251.097087211,ok
162,251.086563150456,128,0.369762846,251.185775147,ok
162,251.086563150456,91,0.356390339,251.235959297,ok
162,251.086563150456,64,0.355356589,251.297357175,ok
162,251.086563150456,45,0.491233198,251.508918191,ok
162,251.086563150456,32,0.442705552,251.574828761,ok
162,251.086563150456,21,0.272469516,251.639571298,ok
163,251.636915839614,256,0.511281628,251.728023597,ok
163,251.636915839614,181,0.494100477,251.805039231,ok
163,251.636915839614,128,0.698567751,251.906334100,ok
163,251.636915839614,91,0.962859893,251.872802452,ok
163,251.636915839614,64,1.061307745,251.617511182,ok
163,251.636915839614,45,0.744227138,251.253699627,ok
163,251.636915839614,32,0.763715196,251.165879877,ok
163,251.636915839614,21,0.880544705,250.971591804,ok
164,252.623445779668,256,0.535983369,252.663847481,ok
164,252.623445779668,181,0.567410576,252.707855305,ok
164,252.623445779668,128,0.672646196,252.607986573,ok
164,252.623445779668,91,0.607116245,252.497212692,ok
164,252.623445779668,64,0.530808155,252.541876369,ok
164,252.623445779668,45,0.607577016,252.643157822,ok
164,252.623445779668,32,0.652521088,252.661438763,ok
164,252.623445779668,21,0.726933380,252.791104629,ok
165,254.314437350123,256,0.490527945,254.350018863,ok
165,254.314437350123,181,0.480877275,254.378071631,ok
165,254.314437350123,128,0.531408125,254.406432955,ok
165,254.314437350123,91,0.565714006,254.384526423,ok
165,254.314437350123,64,0.548681913,254.388416089,ok
165,254.314437350123,45,0.623001689,254.417376903,ok
165,254.314437350123,32,0.663576468,254.367823921,ok
165,254.314437350123,21,0.723326783,254.258742930,ok
166,255.837918049742,256,0.451281716,255.878576304,ok
166,255.837918049742,181,0.408160850,255.898740384,ok
166,255.837918049742,128,0.400729443,255.996800615,ok
166,255.837918049742,91,0.455147564,256.061414140,ok
166,255.837918049742,64,0.423752885,256.089566083,ok
166,255.837918049742,45,0.469865140,256.288965931,ok
166,255.837918049742,32,0.607907514,256.405204365,ok
166,255.837918049742,21,0.465718172,255.870719752,patched
167,256.504584947348,256,0.533178419,256.561257663,ok
167,256.504584947348,181,0.546219996,256.623448301,ok
167,256.504584947348,128,0.732593951,256.663738847,ok
167,256.504584947348,91,0.830908185,256.475314958,ok
167,256.504584947348,64,0.929968625,256.439019642,ok
167,256.504584947348,45,0.873590218,256.041046014,ok
167,256.504584947348,32,0.661947209,255.953277297,ok
167,256.504584947348,21,0.765044730,256.561090643,ok
168,258.165262850351,658,0.486027717,258.180181725,ok
168,258.165262850351,461,0.479304654,258.186441376,ok
168,258.165262850351,329,0.469101158,258.195164523,ok
168,258.165262850351,256,0.456687987,258.204863354,ok
168,258.165262850351,231,0.449259181,258.210339283,ok
168,258.165262850351,181,0.417058870,258.234340270,ok
168,258.165262850351,165,0.392921028,258.261692113,ok
168,258.165262850351,128,0.451599669,258.351473587,ok
168,258.165262850351,116,0.482415227,258.357792945,ok
168,258.165262850351,91,0.560749454,258.303674918,ok
168,258.165262850351,83,0.606012465,258.303139020,ok
168,258.165262850351,64,0.622659020,258.250711456,ok
168,258.165262850351,45,0.474786724,258.273586869,ok
168,258.165262850351,32,0.643330839,258.316177646,ok
168,258.165262850351,21,0.660778920,258.131044992,ok
169,258.834470523525,256,0.537418367,258.893268705,ok
169,258.834470523525,181,0.563631373,258.954817830,ok
169,258.834470523525,128,0.772273279,258.915171846,ok
169,258.834470523525,91,0.664709907,258.788449834,ok
169,258.834470523525,64,0.599432759,258.765065831,ok
169,258.834470523525,45,0.734940970,258.853364354,ok
169,258.834470523525,32,0.602662254,258.712578629,ok
169,258.834470523525,21,0.544365101,258.842887329,ok
170,260.430472134926,256,0.496345641,260.470212237,ok
170,260.430472134926,181,0.489502787,260.504570990,ok
170,260.430472134926,128,0.573729021,260.538284486,ok
170,260.430472134926,91,0.574523951,260.508729709,ok
170,260.430472134926,64,0.580699689,260.505188043,ok
170,260.430472134926,45,0.650754454,260.477678263,ok
170,260.430472134926,32,0.611411415,260.521772793,ok
170,260.430472134926,21,0.678153770,260.506387137,ok
171,261.913614987650,256,0.471716446,261.952400232,ok
171,261.913614987650,181,0.439989250,261.981703308,ok
171,261.913614987650,128,0.492198380,262.093807199,ok
171,261.913614987650,91,0.538076634,262.088237401,ok
171,261.913614987650,64,0.586323842,262.105225597,ok
171,261.913614987650,45,0.660286823,261.995242048,ok
171,261.913614987650,32,0.805042657,262.016055589,ok
171,261.913614987650,21,0.704790510,261.946346498,ok
172,262.883617342461,256,0.493050345,262.938278477,ok
172,262.883617342461,181,0.475312391,262.992431764,ok
172,262.883617342461,128,0.659757732,263.094533607,ok
172,262.883617342461,91,0.722835692,262.996578870,ok
172,262.883617342461,64,0.760593538,262.886913431,ok
172,262.883617342461,45,0.612262175,262.848251468,ok
172,262.883617342461,32,0.524834685,262.718477336,ok
172,262.883617342461,21,0.585566557,262.802465381,ok
173,264.054257888128,256,0.487696871,264.115953830,ok
173,264.054257888128,181,0.468071525,264.175692977,ok
173,264.054257888128,128,0.711250090,264.241365301,ok
173,264.054257888128,91,0.689507840,264.106335422,ok
173,264.054257888128,64,0.625946966,264.048828723,ok
173,264.054257888128,45,0.598185762,264.140366100,ok
173,264.054257888128,32,0.467479622,264.201339264,ok
173,264.054257888128,21,0.511448499,264.129691399,ok
174,264.932859141220,256,0.537445458,264.972998829,ok
174,264.932859141220,181,0.573996483,265.019409585,ok
174,264.932859141220,128,0.672117917,264.846832101,ok
174,264.932859141220,91,0.603405095,264.861884211,ok
174,264.932859141220,64,0.584785238,264.891831905,ok
174,264.932859141220,45,0.647901935,264.875438383,ok
174,264.932859141220,32,0.784099672,264.910499264,ok
174,264.932859141220,21,0.731194039,264.939910595,ok
175,267.000651199715,256,0.451332731,267.023988643,ok
175,267.000651199715,181,0.408283335,267.037502607,ok
175,267.000651199715,128,0.432072817,267.141448492,ok
175,267.000651199715,91,0.450913164,267.143434099,ok
175,267.000651199715,64,0.439817040,267.167654058,ok
175,267.000651199715,45,0.490268460,267.220045008,ok
175,267.000651199715,32,0.691818038,267.114068463,ok
175,267.000651199715,21,0.812068145,267.034861001,ok
176,267.801446984602,682,0.501172563,267.825660491,ok
176,267.801446984602,478,0.500556907,267.836730991,ok
176,267.801446984602,341,0.498258961,267.853011984,ok
176,267.801446984602,256,0.492282329,267.875497915,ok
176,267.801446984602,239,0.489525433,267.883137836,ok
176,267.801446984602,181,0.461625006,267.943625541,ok
176,267.801446984602,171,0.451381502,267.976260097,ok
176,267.801446984602,128,0.702956633,268.070638612,ok
176,267.801446984602,120,0.653237764,268.104949285,ok
176,267.801446984602,91,0.758110079,267.995583824,ok
176,267.801446984602,86,0.753143093,268.009034940,ok
176,267.801446984602,64,0.893051669,267.976170426,ok
176,267.801446984602,45,0.894612165,267.758681427,ok
176,267.801446984602,32,0.553045691,267.740270292,ok
176,267.801446984602,21,0.388497181,267.719916204,ok
177,268.783306062048,256,0.521178510,268.831426510,ok
177,268.783306062048,181,0.538006310,268.895334920,ok
177,268.783306062048,128,0.716665326,268.736443237,ok
177,268.783306062048,91,0.654935444,268.705086153,ok
177,268.783306062048,64,0.603488048,268.636150784,ok
177,268.783306062048,45,0.538787429,268.693153301,ok
177,268.783306062048,32,0.645018539,268.813945022,ok
177,268.783306062048,21,0.702677814,268.950993375,ok
178,270.278087167482,256,0.478147147,270.324436141,ok
178,270.278087167482,181,0.455550596,270.370838610,ok
178,270.278087167482,128,0.574406303,270.369469339,ok
178,270.278087167482,91,0.561581785,270.361299707,ok
178,270.278087167482,64,0.554064242,270.335724688,ok
178,270.278087167482,45,0.535762774,270.376084156,ok
178,270.278087167482,32,0.651773405,270.306160465,ok
178,270.278087167482,21,0.708698192,270.158077862,ok
179,271.254983694449,256,0.515401343,271.308886463,ok
179,271.254983694449,181,0.526075354,271.366923495,ok
179,271.254983694449,128,0.625193233,271.293739125,ok
179,271.254983694449,91,0.633533247,271.301876712,ok
179,271.254983694449,64,0.629059661,271.297617126,ok
179,271.254983694449,45,0.689996441,271.305245291,ok
179,271.254983694449,32,0.584796344,271.247156807,ok
179,271.254983694449,21,0.482011688,271.295841104,ok
180,272.755878601693,256,0.491171869,272.796766813,ok
180,272.755878601693,181,0.476252606,272.838661179,ok
180,272.755878601693,128,0.561352493,272.843418750,ok
180,272.755878601693,91,0.591397786,272.856979984,ok
180,272.755878601693,64,0.619140897,272.850291660,ok
180,272.755878601693,45,0.674478558,272.805158876,ok
180,272.755878601693,32,0.662508177,272.877291836,ok
180,272.755878601693,21,0.790501476,272.937182172,ok
181,274.171458312519,256,0.458900547,274.209148248,ok
181,274.171458312519,181,0.409661906,274.244425826,ok
181,274.171458312519,128,0.496752332,274.324765523,ok
181,274.171458312519,91,0.557884295,274.385892312,ok
181,274.171458312519,64,0.663269483,274.357672467,ok
181,274.171458312519,45,0.664685069,274.199882805,ok
181,274.171458312519,32,0.782396731,274.106180177,ok
181,274.171458312519,21,0.656165907,273.918924874,ok
182,275.033101236580,256,0.486368751,275.113809767,ok
182,275.033101236580,181,0.451250337,275.203259680,ok
182,275.033101236580,128,0.677328435,275.221834703,ok
182,275.033101236580,91,0.834085220,275.060371688,ok
182,275.033101236580,64,0.703191324,274.943102794,ok
182,275.033101236580,45,0.554446978,275.033989856,ok
182,275.033101236580,32,0.408782341,274.997145731,ok
182,275.033101236580,21,0.326538889,275.166163739,ok
183,275.858946011083,256,0.549308902,275.902389328,ok
183,275.858946011083,181,0.612728305,275.968270498,ok
183,275.858946011083,128,0.654008767,275.791474568,ok
183,275.858946011083,91,0.563282127,275.752655049,ok
183,275.858946011083,64,0.556716872,275.802336767,ok
183,275.858946011083,45,0.627158819,275.845273812,ok
183,275.858946011083,32,0.667685904,275.950165203,ok
183,275.858946011083,21,0.856127665,275.892368389,ok
184,277.772322638319,708,0.491473933,277.784406579,ok
184,277.772322638319,496,0.487387779,277.789600352,ok
184,277.772322638319,354,0.481187118,277.796865282,ok
184,277.772322638319,256,0.470539201,277.807959276,ok
184,277.772322638319,248,0.469001529,277.809452334,ok
184,277.772322638319,181,0.438514581,277.843112144,ok
184,277.772322638319,177,0.435028186,277.850476467,ok
184,277.772322638319,128,0.490955230,277.883922047,ok
184,277.772322638319,124,0.514579751,277.897733228,ok
184,277.772322638319,91,0.519232920,277.879652443,ok
184,277.772322638319,89,0.517104294,277.895456897,ok
184,277.772322638319,64,0.520898930,277.909754877,ok
184,277.772322638319,45,0.589837309,277.953361290,ok
184,277.772322638319,32,0.768338775,277.917860320,ok
184,277.772322638319,21,0.638685808,277.808445772,ok
185,278.803683887287,256,0.491516434,278.858860192,ok
185,278.803683887287,181,0.470443905,278.921017662,ok
185,278.803683887287,128,0.578276690,278.957852981,ok
185,278.803683887287,91,0.630801075,278.924902969,ok
185,278.803683887287,64,0.716003822,278.929250146,ok
185,278.803683887287,45,0.767699452,278.771064252,ok
185,278.803683887287,32,0.573473180,278.639468053,ok
185,278.803683887287,21,0.638873357,278.799431724,ok
186,280.157144870975,256,0.453218756,280.210399117,ok
186,280.157144870975,181,0.388720652,280.262496814,ok
186,280.157144870975,128,0.456266501,280.397563237,ok
186,280.157144870975,91,0.579885939,280.475153234,ok
186,280.157144870975,64,0.494117603,280.667890832,ok
186,280.157144870975,45,0.562758820,280.789738828,ok
186,280.157144870975,32,0.879056049,280.768126536,ok
186,280.157144870975,21,0.636472648,280.799135291,ok
187,280.793106949409,256,0.546132633,280.854479626,ok
187,280.793106949409,181,0.599985589,280.957109266,ok
187,280.793106949409,128,0.842633823,280.793337114,ok
187,280.793106949409,91,0.742228594,280.557057955,ok
187,280.793106949409,64,0.803747656,280.213050017,ok
187,280.793106949409,45,0.596953362,280.138475271,ok
187,280.793106949409,32,0.389984500,280.298217745,ok
187,280.793106949409,21,0.584673707,280.183479565,ok
188,282.379640463561,256,0.488943979,282.425838681,ok
188,282.379640463561,181,0.479059911,282.482162706,ok
188,282.379640463561,128,0.574953002,282.477549826,ok
188,282.379640463561,91,0.572418966,282.451391319,ok
188,282.379640463561,64,0.548950651,282.456846667,ok
188,282.379640463561,45,0.611570937,282.498409392,ok
188,282.379640463561,32,0.585421308,282.354082047,ok
188,282.379640463561,21,0.692370622,282.383825743,ok
189,283.604543433883,256,0.494354351,283.655969845,ok
189,283.604543433883,181,0.483565898,283.718475318,ok
189,283.604543433883,128,0.598996355,283.723768645,ok
189,283.604543433883,91,0.613166354,283.700121835,ok
189,283.604543433883,64,0.630847014,283.722423630,ok
189,283.604543433883,45,0.714137367,283.640647232,ok
189,283.604543433883,32,0.575769061,283.707284255,ok
189,283.604543433883,21,0.548703944,283.597794502,ok
190,284.925595823417,256,0.484208536,284.972752768,ok
190,284.925595823417,181,0.456631992,285.034854124,ok
190,284.925595823417,128,0.592712308,285.075146110,ok
190,284.925595823417,91,0.634030502,285.039314480,ok
190,284.925595823417,64,0.704170648,285.021555502,ok
190,284.925595823417,45,0.642805834,284.903362740,ok
190,284.925595823417,32,0.815892945,285.001069126,ok
190,284.925595823417,21,0.740237193,285.130924126,ok
191,286.080233307717,256,0.478636667,286.132627965,ok
191,286.080233307717,181,0.447137840,286.208942970,ok
191,286.080233307717,128,0.639339073,286.230121679,ok
191,286.080233307717,91,0.659022637,286.142639873,ok
191,286.080233307717,64,0.659761001,286.046894372,ok
191,286.080233307717,45,0.553125708,286.101826915,ok
191,286.080233307717,32,0.548351634,285.910001212,ok
191,286.080233307717,21,0.650492241,285.817648091,ok
192,287.149424648242,732,0.497644104,287.171676267,ok
192,287.149424648242,512,0.495801146,287.181891024,ok
192,287.149424648242,366,0.492350878,287.196774788,ok
192,287.149424648242,256,0.483545608,287.225149176,ok
192,287.149424648242,183,0.455643326,287.319928895,ok
192,287.149424648242,181,0.455311413,287.328973235,ok
192,287.149424648242,128,0.714116166,287.262799519,ok
192,287.149424648242,92,0.674084625,287.186543141,ok
192,287.149424648242,91,0.642393202,287.195164177,ok
192,287.149424648242,64,0.570519823,287.177236525,ok
192,287.149424648242,45,0.633986845,287.306302005,ok
192,287.149424648242,32,0.412947692,287.293202536,ok
192,287.149424648242,21,0.350566585,287.245322037,ok
193,287.978476263321,256,0.549523654,288.020608988,ok
193,287.978476263321,181,0.632868600,288.089434773,ok
193,287.978476263321,128,0.615820126,287.883991130,ok
193,287.978476263321,91,0.598357240,287.920885006,ok
193,287.978476263321,64,0.610816752,287.953791273,ok
193,287.978476263321,45,0.662810809,287.851836264,ok
193,287.978476263321,32,0.822848706,287.982151948,ok
193,287.978476263321,21,0.851079137,288.041533008,ok
194,290.252146995175,256,0.412450939,290.242698450,ok
194,290.252146995175,181,0.332363384,290.235442028,ok
194,290.252146995175,128,0.339373518,290.330376417,ok
194,290.252146995175,91,0.321779333,290.336620458,ok
194,290.252146995175,64,0.290736694,290.369472787,ok
194,290.252146995175,45,0.332821909,290.412446163,ok
194,290.252146995175,32,0.336287806,290.610027261,ok
194,290.252146995175,21,0.329006797,290.708369620,ok
195,290.677296323261,256,0.522245278,290.796003603,ok
195,290.677296323261,181,0.496224218,290.952748899,ok
195,290.677296323261,128,0.810506481,290.931946502,ok
195,290.677296323261,91,0.919724421,290.963830208,ok
195,290.677296323261,64,1.126083528,290.826780770,ok
195,290.677296323261,45,1.011263911,290.657128653,ok
195,290.677296323261,32,0.892120290,290.306015736,ok
195,290.677296323261,21,0.838825750,290.179119384,ok
196,291.832024588845,256,0.517784006,291.886313894,ok
196,291.832024588845,181,0.555909770,291.991068096,ok
196,291.832024588845,128,0.650521248,291.815436524,ok
196,291.832024588845,91,0.657354033,291.743873631,ok
196,291.832024588845,64,0.542285213,291.709995638,ok
196,291.832024588845,45,0.553222801,291.780019020,ok
196,291.832024588845,32,0.626835098,291.942748919,ok
196,291.832024588845,21,0.714021967,291.952431435,ok
197,293.202434177473,256,0.488161724,293.254222459,ok
197,293.202434177473,181,0.486412504,293.336583277,ok
197,293.202434177473,128,0.568174011,293.272369991,ok
197,293.202434177473,91,0.585236301,293.243872440,ok
197,293.202434177473,64,0.530843126,293.248526764,ok
197,293.202434177473,45,0.568958753,293.279789544,ok
197,293.202434177473,32,0.704846336,293.196977170,ok
197,293.202434177473,21,0.661100177,293.141173205,ok
198,294.327268451460,256,0.505214190,294.382115112,ok
198,294.327268451460,181,0.523771615,294.464816725,ok
198,294.327268451460,128,0.591033527,294.398860878,ok
198,294.327268451460,91,0.605832528,294.371718275,ok
198,294.327268451460,64,0.607854621,294.417532175,ok
198,294.327268451460,45,0.662361585,294.381890622,ok
198,294.327268451460,32,0.563824801,294.302936850,ok
198,294.327268451460,21,0.569304111,294.341501402,ok
199,295.803470824719,256,0.477517021,295.850769900,ok
199,295.803470824719,181,0.446432141,295.924966036,ok
199,295.803470824719,128,0.536062796,295.934092318,ok
199,295.803470824719,91,0.581172842,295.925427242,ok
199,295.803470824719,64,0.647142076,295.978246651,ok
199,295.803470824719,45,0.689540679,295.887066554,ok
199,295.803470824719,32,0.614097821,295.985777978,ok
199,295.803470824719,21,0.684176888,295.935476098,ok
200,296.900666138855,757,0.498049133,296.915973233,ok
200,296.900666138855,530,0.496654971,296.922970995,ok
200,296.900666138855,379,0.494000421,296.933226052,ok
200,296.900666138855,265,0.486813647,296.953061816,ok
200,296.900666138855,256,0.485531213,296.956025581,ok
200,296.900666138855,190,0.461854118,297.021390875,ok
200,296.900666138855,181,0.464660220,297.057587106,ok
200,296.900666138855,133,0.641658460,297.030203940,ok
200,296.900666138855,128,0.600978084,297.045052705,ok
200,296.900666138855,95,0.652911674,296.986714958,ok
200,296.900666138855,91,0.658756804,296.983578229,ok
200,296.900666138855,64,0.752390729,296.867649978,ok
200,296.900666138855,45,0.637186166,296.834065072,ok
200,296.900666138855,32,0.783397450,296.791345859,ok
200,296.900666138855,21,0.671101534,296.791541028,ok
201,298.078874114892,256,0.467078384,298.144843699,ok
201,298.078874114892,181,0.423331535,298.261832218,ok
201,298.078874114892,128,0.605210812,298.276983934,ok
201,298.078874114892,91,0.644168681,298.168059465,ok
201,298.078874114892,64,0.578149578,298.045501387,ok
201,298.078874114892,45,0.527912339,298.129427757,ok
201,298.078874114892,32,0.468529128,298.031015246,ok
201,298.078874114892,21,0.515293232,298.109034696,ok
202,298.870320307078,256,0.541619291,298.933288918,ok
202,298.870320307078,181,0.646515297,299.050762053,ok
202,298.870320307078,128,0.710280670,298.827137389,ok
202,298.870320307078,91,0.625678786,298.814573024,ok
202,298.870320307078,64,0.568098777,298.876938559,ok
202,298.870320307078,45,0.660409849,298.889304024,ok
202,298.870320307078,32,0.626302939,298.979079394,ok
202,298.870320307078,21,0.659492776,298.887383309,ok
203,300.434459850535,256,0.494244448,300.479408507,ok
203,300.434459850535,181,0.505057634,300.554737664,ok
203,300.434459850535,128,0.576110452,300.513111217,ok
203,300.434459850535,91,0.578213356,300.503715093,ok
203,300.434459850535,64,0.586119198,300.533593429,ok
203,300.434459850535,45,0.649078746,300.495134397,ok
203,300.434459850535,32,0.726906697,300.490158509,ok
203,300.434459850535,21,0.667452770,300.486235969,ok
204,301.919842528597,256,0.459219259,301.960637230,ok
204,301.919842528597,181,0.403858888,302.036674432,ok
204,301.919842528597,128,0.505305272,302.087333236,ok
204,301.919842528597,91,0.542066791,302.098039729,ok
204,301.919842528597,64,0.616333576,302.177493387,ok
204,301.919842528597,45,0.686048765,302.003405751,ok
204,301.919842528597,32,0.663530876,301.864993799,ok
204,301.919842528597,21,0.739405753,301.916826877,ok
205,302.917937583117,256,0.459934959,302.993553229,ok
205,302.917937583117,181,0.388293664,303.127663200,ok
205,302.917937583117,128,0.626314409,303.315659296,ok
205,302.917937583117,91,0.555979550,303.495002796,ok
205,302.917937583117,64,0.470892134,303.579974682,ok
205,302.917937583117,45,0.579851830,303.658375198,ok
205,302.917937583117,32,0.735883976,303.714636206,ok
205,302.917937583117,21,0.628452242,303.812678225,ok
206,303.661118040334,256,0.545656256,303.730696117,ok
206,303.661118040334,181,0.684179066,303.898762000,ok
206,303.661118040334,128,0.798722803,303.405580569,ok
206,303.661118040334,91,0.851626790,303.083188554,ok
206,303.661118040334,64,0.883380209,302.787729106,ok
206,303.661118040334,45,0.607442275,302.872884319,ok
206,303.661118040334,32,0.454623943,302.962169947,ok
206,303.661118040334,21,0.460878777,302.831202316,ok
207,305.065208865419,256,0.505113964,305.112458296,ok
207,305.065208865419,181,0.559501428,305.191019478,ok
207,305.065208865419,128,0.579781725,305.087768024,ok
207,305.065208865419,91,0.563740297,305.089557524,ok
207,305.065208865419,64,0.547979321,305.121846763,ok
207,305.065208865419,45,0.621747477,305.109847163,ok
207,305.065208865419,32,0.640355025,305.024624567,ok
207,305.065208865419,21,0.744017668,305.010246195,ok
208,306.795133963712,782,0.476958300,306.809102129,ok
208,306.795133963712,547,0.466358562,306.813995078,ok
208,306.795133963712,391,0.451194399,306.819567880,ok
208,306.795133963712,274,0.424117100,306.826051889,ok
208,306.795133963712,256,0.416296141,306.827290167,ok
208,306.795133963712,196,0.354386583,306.842179930,ok
208,306.795133963712,181,0.322727317,306.881631986,ok
208,306.795133963712,137,0.385206374,306.943122571,ok
208,306.795133963712,128,0.386664330,306.942543022,ok
208,306.795133963712,98,0.364949074,306.952435970,ok
208,306.795133963712,91,0.367625535,306.950584233,ok
208,306.795133963712,64,0.317388949,306.984116963,ok
208,306.795133963712,45,0.372567598,307.057335438,ok
208,306.795133963712,32,0.437467534,306.958077865,ok
208,306.795133963712,21,0.501961406,306.764993726,ok
209,307.286084936715,256,0.560210812,307.372243781,ok
209,307.286084936715,181,0.674743637,307.556894775,ok
209,307.286084936715,128,0.811508834,307.336500973,ok
209,307.286084936715,91,0.879042322,307.334070148,ok
209,307.286084936715,64,1.057848733,307.280780409,ok
209,307.286084936715,45,0.957290165,307.058883497,ok
209,307.286084936715,32,0.833815249,307.199186124,ok
209,307.286084936715,21,0.680738564,307.408523282,ok
210,309.122483030422,256,0.433284166,309.150725153,ok
210,309.122483030422,181,0.348857031,309.239181967,ok
210,309.122483030422,128,0.464148498,309.272876133,ok
210,309.122483030422,91,0.511500299,309.333578161,ok
210,309.122483030422,64,0.652418942,309.148425314,ok
210,309.122483030422,45,0.509220556,309.216701885,ok
210,309.122483030422,32,0.708394462,309.197091005,ok
210,309.122483030422,21,0.876666161,309.012225484,ok
211,309.739907613975,256,0.516669293,309.843282426,ok
211,309.739907613975,181,0.602383338,310.077380625,ok
211,309.739907613975,128,0.742603130,309.816563840,ok
211,309.739907613975,91,0.785105558,309.662115734,ok
211,309.739907613975,64,0.518404385,309.712186226,ok
211,309.739907613975,45,0.695792032,309.776370354,ok
211,309.739907613975,32,0.496914230,309.666900419,ok
211,309.739907613975,21,0.307438356,309.731811477,ok
212,310.823674960945,256,0.535595000,310.876748579,ok
212,310.823674960945,181,0.695158462,310.941914800,ok
212,310.823674960945,128,0.618507136,310.815890588,ok
212,310.823674960945,91,0.591305422,310.790108729,ok
212,310.823674960945,64,0.603703814,310.861834329,ok
212,310.823674960945,45,0.635664595,310.780140933,ok
212,310.823674960945,32,0.626186862,310.870243449,ok
212,310.823674960945,21,0.704291107,310.978552108,ok
213,312.556366867561,256,0.473241472,312.596382917,ok
213,312.556366867561,181,0.467893534,312.687744985,ok
213,312.556366867561,128,0.519173167,312.663122798,ok
213,312.556366867561,91,0.541566915,312.656534053,ok
213,312.556366867561,64,0.575470432,312.717522391,ok
213,312.556366867561,45,0.602484622,312.657601968,ok
213,312.556366867561,32,0.715849804,312.688823947,ok
213,312.556366867561,21,0.762288844,312.519705166,ok
214,313.877942455068,256,0.419489205,313.921674726,ok
214,313.877942455068,181,0.317199692,314.022529838,ok
214,313.877942455068,128,0.379434440,314.080426021,ok
214,313.877942455068,91,0.408242192,314.127276293,ok
214,313.877942455068,64,0.361748629,314.258813321,ok
214,313.877942455068,45,0.441678325,314.270175242,ok
214,313.877942455068,32,0.426378645,314.490859873,ok
214,313.877942455068,21,0.449139307,313.841054147,patched
215,314.433165169289,256,0.545852635,314.533249589,ok
215,314.433165169289,181,0.720967757,314.800901558,ok
215,314.433165169289,128,0.930273197,314.532001586,ok
215,314.433165169289,91,0.946556810,314.343853007,ok
215,314.433165169289,64,1.058560483,313.993112863,ok
215,314.433165169289,45,0.870963413,314.008665691,ok
215,314.433165169289,32,0.706533385,313.711857709,ok
215,314.433165169289,21,0.701269807,314.520609631,ok
216,315.734986124927,805,0.502585036,315.748957140,ok
216,315.734986124927,563,0.503525453,315.755537799,ok
216,315.734986124927,403,0.504674771,315.765297568,ok
216,315.734986124927,282,0.506334880,315.784785217,ok
216,315.734986124927,256,0.506961144,315.794147418,ok
216,315.734986124927,202,0.520234594,315.853787574,ok
216,315.734986124927,181,0.645279085,315.893446218,ok
216,315.734986124927,141,0.597262418,315.753285931,ok
216,315.734986124927,128,0.624913369,315.748750567,ok
216,315.734986124927,101,0.597124326,315.724196240,ok
216,315.734986124927,91,0.586885295,315.734679167,ok
216,315.734986124927,64,0.515140740,315.762955029,ok
216,315.734986124927,45,0.562001527,315.780578253,ok
216,315.734986124927,32,0.697022480,315.870301376,ok
216,315.734986124927,21,0.616706508,315.719585097,ok
217,317.012318042233,256,0.498862954,317.067031206,ok
217,317.012318042233,181,0.587383741,317.150979120,ok
217,317.012318042233,128,0.592999983,317.066845896,ok
217,317.012318042233,91,0.584647565,317.065920613,ok
217,317.012318042233,64,0.581968199,317.120498201,ok
217,317.012318042233,45,0.638263814,317.089204226,ok
217,317.012318042233,32,0.683195589,316.933346237,ok
217,317.012318042233,21,0.666925673,317.049542362,ok
218,318.456217256355,256,0.469431741,318.507272143,ok
218,318.456217256355,181,0.481761543,318.628679465,ok
218,318.456217256355,128,0.553730197,318.587094729,ok
218,318.456217256355,91,0.571829969,318.596508133,ok
218,318.456217256355,64,0.649890639,318.676563188,ok
218,318.456217256355,45,0.701818469,318.552964393,ok
218,318.456217256355,32,0.534165946,318.485971838,ok
218,318.456217256355,21,0.639505252,318.420052633,ok
219,319.579691297035,256,0.465743980,319.648946038,ok
219,319.579691297035,181,0.466331823,319.839577700,ok
219,319.579691297035,128,0.644415347,319.774930108,ok
219,319.579691297035,91,0.735789769,319.744118731,ok
219,319.579691297035,64,0.865733706,319.495500030,ok
219,319.579691297035,45,0.663827891,319.505880525,ok
219,319.579691297035,32,0.772057167,319.880777113,ok
219,319.579691297035,21,0.498510141,319.712009812,patched
220,320.406303644493,256,0.525248911,320.474462848,ok
220,320.406303644493,181,0.764831134,320.591828163,ok
220,320.406303644493,128,0.675469511,320.338365236,ok
220,320.406303644493,91,0.618308982,320.281151742,ok
220,320.406303644493,64,0.473015261,320.302931665,ok
220,320.406303644493,45,0.524311366,320.386726717,ok
220,320.406303644493,32,0.590220732,320.099060608,ok
220,320.406303644493,21,0.792732235,320.312087810,ok
221,322.001967804490,256,0.423737216,322.058872284,ok
221,322.001967804490,181,0.380359599,322.207760921,ok
221,322.001967804490,128,0.481840808,322.171030554,ok
221,322.001967804490,91,0.488736478,322.153273571,ok
221,322.001967804490,64,0.395714980,322.113315227,ok
221,322.001967804490,45,0.387794003,322.223227365,ok
221,322.001967804490,32,0.414148038,322.050307432,ok
221,322.001967804490,21,0.488289074,321.984869116,ok
222,322.539117423792,256,0.580202798,322.615158944,ok
222,322.539117423792,181,0.912419471,322.630935890,ok
222,322.539117423792,128,0.725112859,322.470115043,ok
222,322.539117423792,91,0.714631272,322.466648618,ok
222,322.539117423792,64,0.795948017,322.586138304,ok
222,322.539117423792,45,0.916783128,322.403064071,ok
222,322.539117423792,32,0.774273061,322.602140338,ok
222,322.539117423792,21,0.679551946,322.601845513,ok
223,324.518444673724,256,0.454364599,324.552761313,ok
223,324.518444673724,181,0.451728824,324.662902346,ok
223,324.518444673724,128,0.483744810,324.637150115,ok
223,324.518444673724,91,0.504115573,324.667595031,ok
223,324.518444673724,64,0.600459986,324.756617262,ok
223,324.518444673724,45,0.595987265,324.618493308,ok
223,324.518444673724,32,0.799997632,324.620092698,ok
223,324.518444673724,21,0.844753156,324.640254113,ok
224,325.474784044106,829,0.494465936,325.493228499,ok
224,325.474784044106,581,0.491246108,325.501381568,ok
224,325.474784044106,415,0.485689775,325.513087493,ok
224,325.474784044106,291,0.472594922,325.534307493,ok
224,325.474784044106,256,0.462631838,325.547494390,ok
224,325.474784044106,208,0.425931934,325.603982019,ok
224,325.474784044106,181,0.521257366,325.744548058,ok
224,325.474784044106,146,0.590568430,325.651014348,ok
224,325.474784044106,128,0.589906545,325.675516778,ok
224,325.474784044106,104,0.671908475,325.644648034,ok
224,325.474784044106,91,0.731451869,325.675258370,ok
224,325.474784044106,64,0.821567195,325.349336377,ok
224,325.474784044106,45,0.651756279,325.497204048,ok
224,325.474784044106,32,0.493015313,325.298688181,ok
224,325.474784044106,21,0.480042478,325.255754942,ok
225,326.458541219865,256,0.481507137,326.555635618,ok
225,326.458541219865,181,0.869743692,326.966821763,patched
225,326.458541219865,128,0.757684817,326.599758565,patched
225,326.458541219865,91,0.739681338,326.382654615,patched
225,326.458541219865,64,0.497411636,326.405633193,patched
225,326.458541219865,45,0.640338713,326.484382350,patched
225,326.458541219865,32,0.437492236,326.649439113,patched
225,326.458541219865,21,0.399268728,326.619184520,patched
226,327.259931766512,256,0.560793287,327.315523392,ok
226,327.259931766512,181,0.647386260,326.957032280,ok
226,327.259931766512,128,0.614691952,327.150081258,ok
226,327.259931766512,91,0.541351249,327.182821610,ok
226,327.259931766512,64,0.575628218,327.289295273,ok
226,327.259931766512,45,0.593461166,327.184591768,ok
226,327.259931766512,32,0.819379993,327.191604532,ok
226,327.259931766512,21,0.845640269,327.250846556,ok
227,329.200097937579,256,0.445545916,329.237252423,ok
227,329.200097937579,181,0.463650532,329.338632172,ok
227,329.200097937579,128,0.474746142,329.330604286,ok
227,329.200097937579,91,0.476969464,329.322699007,ok
227,329.200097937579,64,0.454239642,329.417171250,ok
227,329.200097937579,45,0.511128408,329.380905418,ok
227,329.200097937579,32,0.627175038,329.275962657,ok
227,329.200097937579,21,0.692309365,329.189173596,ok
228,330.036049590346,256,0.495456609,330.121708132,ok
228,330.036049590346,181,0.657845290,330.226151188,ok
228,330.036049590346,128,0.684489916,330.188043648,ok
228,330.036049590346,91,0.699525569,330.175499970,ok
228,330.036049590346,64,0.957046630,330.078506789,ok
228,330.036049590346,45,0.829732801,330.032208303,ok
228,330.036049590346,32,0.608964213,330.022833140,ok
228,330.036049590346,21,0.478106432,330.044361231,ok
229,331.211402899582,256,0.496666393,331.274538674,ok
229,331.211402899582,181,0.653249315,331.317368803,ok
229,331.211402899582,128,0.664185466,331.261472597,ok
229,331.211402899582,91,0.676901537,331.229693745,ok
229,331.211402899582,64,0.583904688,331.078997834,ok
229,331.211402899582,45,0.594586696,331.123931418,ok
229,331.211402899582,32,0.647566759,331.236181110,ok
229,331.211402899582,21,0.760106102,331.321133998,ok
230,332.572946528233,256,0.430401720,332.633778791,ok
230,332.572946528233,181,0.493896820,332.806119574,ok
230,332.572946528233,128,0.584812712,332.767728751,ok
230,332.572946528233,91,0.628248688,332.717392933,ok
230,332.572946528233,64,0.457167008,332.609724701,ok
230,332.572946528233,45,0.477092217,332.651322638,ok
230,332.572946528233,32,0.665854860,332.625779737,ok
230,332.572946528233,21,0.605038981,332.413459620,ok
231,333.181508328694,256,0.563494219,333.271177278,ok
231,333.181508328694,181,0.803543840,333.111351316,ok
231,333.181508328694,128,0.675707513,333.057772251,ok
231,333.181508328694,91,0.620223435,333.062391225,ok
231,333.181508328694,64,0.663886628,333.261463078,ok
231,333.181508328694,45,0.711318723,333.203146756,ok
231,333.181508328694,32,0.554674426,333.106593258,ok
231,333.181508328694,21,0.527639480,333.279620581,ok
232,334.768699894679,853,0.499057589,334.781246556,ok
232,334.768699894679,597,0.498359062,334.786944402,ok
232,334.768699894679,427,0.497046587,334.795166193,ok
232,334.768699894679,299,0.493661045,334.810527591,ok
232,334.768699894679,256,0.490251119,334.823068702,ok
232,334.768699894679,214,0.486020679,334.861217193,ok
232,334.768699894679,181,0.565575874,334.840845248,ok
232,334.768699894679,150,0.554263930,334.841172105,ok
232,334.768699894679,128,0.563396005,334.833230622,ok
232,334.768699894679,107,0.566971813,334.841448736,ok
232,334.768699894679,91,0.574516228,334.834069242,ok
232,334.768699894679,64,0.649986901,334.876503426,ok
232,334.768699894679,45,0.662398472,334.823446801,ok
232,334.768699894679,32,0.613777373,334.866620187,ok
232,334.768699894679,21,0.735623582,334.822849891,ok
233,336.152717554433,256,0.459162751,336.205508274,ok
233,336.152717554433,181,0.520099773,336.284882656,ok
233,336.152717554433,128,0.534957718,336.288348606,ok
233,336.152717554433,91,0.575570676,336.304583337,ok
233,336.152717554433,64,0.750008089,336.236038658,ok
233,336.152717554433,45,0.673782852,336.174917695,ok
233,336.152717554433,32,0.799993062,336.222196492,ok
233,336.152717554433,21,0.596502919,336.132488286,ok
234,337.139663054777,256,0.475481839,337.216391694,ok
234,337.139663054777,181,0.606586041,337.280837052,ok
234,337.139663054777,128,0.640479417,337.269686758,ok
234,337.139663054777,91,0.709437542,337.205416599,ok
234,337.139663054777,64,0.584170002,337.023570054,ok
234,337.139663054777,45,0.558408603,337.113828304,ok
234,337.139663054777,32,0.525843807,336.975705505,ok
234,337.139663054777,21,0.675462249,337.166033925,ok
235,338.226282686037,256,0.470292269,338.319990411,ok
235,338.226282686037,181,0.631291213,338.367441743,ok
235,338.226282686037,128,0.670337808,338.344576032,ok
235,338.226282686037,91,0.657045366,338.246261109,ok
235,338.226282686037,64,0.496021574,338.297550700,ok
235,338.226282686037,45,0.595435769,338.376650977,ok
235,338.226282686037,32,0.425535180,338.358399499,ok
235,338.226282686037,21,0.505764274,338.163051482,ok
236,339.011252615200,256,0.562033432,339.075923262,ok
236,339.011252615200,181,0.633946115,338.964214371,ok
236,339.011252615200,128,0.627167187,338.934384586,ok
236,339.011252615200,91,0.583491330,338.947507711,ok
236,339.011252615200,64,0.669266596,339.029264097,ok
236,339.011252615200,45,0.675877070,338.896795503,ok
236,339.011252615200,32,0.809914501,339.018576514,ok
236,339.011252615200,21,0.660492337,339.107859000,ok
237,340.841952352353,256,0.461426668,340.885203120,ok
237,340.841952352353,181,0.493936429,340.930486298,ok
237,340.841952352353,128,0.513942536,340.951923968,ok
237,340.841952352353,91,0.525227877,340.955316851,ok
237,340.841952352353,64,0.595110498,341.006852021,ok
237,340.841952352353,45,0.582892432,340.936026196,ok
237,340.841952352353,32,0.678642590,340.849569739,ok
237,340.841952352353,21,0.810233962,340.824099764,ok
238,342.026153183365,256,0.425826008,342.093163413,ok
238,342.026153183365,181,0.443363138,342.199199636,ok
238,342.026153183365,128,0.455708398,342.288260304,ok
238,342.026153183365,91,0.473556241,342.351998688,ok
238,342.026153183365,64,0.445401268,342.546547459,ok
238,342.026153183365,45,0.534664090,342.465289649,ok
238,342.026153183365,32,0.493022066,342.030743431,patched
238,342.026153183365,21,0.377345585,341.906499075,patched
239,342.685858237359,256,0.544528692,342.784144366,ok
239,342.685858237359,181,0.719566107,342.777621530,ok
239,342.685858237359,128,0.893047767,342.643717023,ok
239,342.685858237359,91,0.916107218,342.475223767,ok
239,342.685858237359,64,0.904346795,342.066257142,ok
239,342.685858237359,45,0.801802163,342.228650540,ok
239,342.685858237359,32,0.705018310,342.763147550,ok
239,342.685858237359,21,0.726939028,342.966071703,ok
240,344.083666156569,877,0.497341734,344.097018762,ok
240,344.083666156569,614,0.495859878,344.103125705,ok
240,344.083666156569,439,0.493447779,344.112104162,ok
240,344.083666156569,307,0.488140050,344.129674331,ok
240,344.083666156569,256,0.482146905,344.148616134,ok
240,344.083666156569,220,0.476941947,344.193606497,ok
240,344.083666156569,181,0.553048407,344.174543364,ok
240,344.083666156569,154,0.573268302,344.159546198,ok
240,344.083666156569,128,0.597992975,344.119380751,ok
240,344.083666156569,110,0.596972507,344.117869225,ok
240,344.083666156569,91,0.568553406,344.096761056,ok
240,344.083666156569,64,0.515378794,344.152532218,ok
240,344.083666156569,45,0.547906632,344.109207093,ok
240,344.083666156569,32,0.673030632,344.027171644,ok
240,344.083666156569,21,0.705764028,343.890179224,ok
241,345.209775341346,256,0.486576840,345.290650972,ok
241,345.209775341346,181,0.559974105,345.327165446,ok
241,345.209775341346,128,0.598696505,345.274439201,ok
241,345.209775341346,91,0.580171137,345.285171695,ok
241,345.209775341346,64,0.638540125,345.371170216,ok
241,345.209775341346,45,0.608699270,345.325606937,ok
241,345.209775341346,32,0.516641229,345.226966990,ok
241,345.209775341346,21,0.453687455,345.271645950,ok
242,346.262760467102,256,0.520598414,346.330388339,ok
242,346.262760467102,181,0.598481847,346.338229140,ok
242,346.262760467102,128,0.612040888,346.285979363,ok
242,346.262760467102,91,0.632395782,346.294882389,ok
242,346.262760467102,64,0.711085450,346.218873360,ok
242,346.262760467102,45,0.701101187,346.240967443,ok
242,346.262760467102,32,0.673545222,346.342834552,ok
242,346.262760467102,21,0.742340592,346.328563188,ok
243,347.924648114363,256,0.446996667,347.964549580,ok
243,347.924648114363,181,0.455308438,348.038223524,ok
243,347.924648114363,128,0.507857988,348.051456633,ok
243,347.924648114363,91,0.546403565,348.090204924,ok
243,347.924648114363,64,0.627768673,347.991945657,ok
243,347.924648114363,45,0.663306804,347.979054984,ok
243,347.924648114363,32,0.800336408,347.952696654,ok
243,347.924648114363,21,0.715316459,347.929684864,ok
244,348.981798388547,256,0.382294491,349.049201338,ok
244,348.981798388547,181,0.345302901,349.160522999,ok
244,348.981798388547,128,0.388983670,349.222212669,ok
244,348.981798388547,91,0.392939848,349.299311064,ok
244,348.981798388547,64,0.589228087,349.060074694,ok
244,348.981798388547,45,0.544649270,348.976701354,ok
244,348.981798388547,32,0.437278009,348.822314029,ok
244,348.981798388547,21,0.527424705,348.892156040,ok
245,349.434342456600,256,0.612621281,349.564200931,ok
245,349.434342456600,181,0.902670936,349.587877929,ok
245,349.434342456600,128,0.964736122,349.325171146,ok
245,349.434342456600,91,0.995352934,349.078997443,ok
245,349.434342456600,64,0.617848347,349.355538575,patched
245,349.434342456600,45,0.626271099,349.434658454,patched
245,349.434342456600,32,0.598693764,349.588974051,patched
245,349.434342456600,21,0.558986253,349.507445403,patched
246,350.977213109309,256,0.502054701,351.038376110,ok
246,350.977213109309,181,0.575766759,351.056270396,ok
246,350.977213109309,128,0.575793774,351.019195761,ok
246,350.977213109309,91,0.557439524,351.011475349,ok
246,350.977213109309,64,0.611680224,351.033678974,ok
246,350.977213109309,45,0.646405329,351.022699645,ok
246,350.977213109309,32,0.709635164,351.015196023,ok
246,350.977213109309,21,0.727177127,351.052277278,ok
247,352.391768243125,256,0.469725567,352.449012415,ok
247,352.391768243125,181,0.513532411,352.515452608,ok
247,352.391768243125,128,0.549100830,352.501962784,ok
247,352.391768243125,91,0.553220946,352.505695482,ok
247,352.391768243125,64,0.634256161,352.487054392,ok
247,352.391768243125,45,0.645371681,352.431369754,ok
247,352.391768243125,32,0.641773218,352.374399489,ok
247,352.391768243125,21,0.646007815,352.301145664,ok
248,353.693333325683,901,0.485655581,353.710392254,ok
248,353.693333325683,631,0.478505243,353.717324449,ok
248,353.693333325683,451,0.467436348,353.726452466,ok
248,353.693333325683,316,0.444926633,353.740539543,ok
248,353.693333325683,256,0.414917060,353.754214213,ok
248,353.693333325683,226,0.374187141,353.778718372,ok
248,353.693333325683,181,0.389767583,353.881596096,ok
248,353.693333325683,158,0.420044994,353.888554450,ok
248,353.693333325683,128,0.438424378,353.945931388,ok
248,353.693333325683,113,0.462317361,353.967363241,ok
248,353.693333325683,91,0.431899270,353.994848989,ok
248,353.693333325683,64,0.505386297,354.154153545,ok
248,353.693333325683,45,0.637198741,353.813788614,ok
248,353.693333325683,32,0.562264766,353.782139906,ok
248,353.693333325683,21,0.404183373,353.813715337,ok
249,354.301737741464,256,0.547509484,354.412948146,ok
249,354.301737741464,181,0.808997206,354.482201238,ok
249,354.301737741464,128,0.902073842,354.243237600,ok
249,354.301737741464,91,0.958698654,354.112884021,ok
249,354.301737741464,64,0.783446976,353.812090405,ok
249,354.301737741464,45,0.616180814,354.188499588,patched
249,354.301737741464,32,0.651616351,354.250113516,patched
249,354.301737741464,21,0.843219629,354.241977435,ok
250,355.744440262597,256,0.466845210,355.820209055,ok
250,355.744440262597,181,0.579844308,355.901586733,ok
250,355.744440262597,128,0.598012855,355.802777882,ok
250,355.744440262597,91,0.577687267,355.769241786,ok
250,355.744440262597,64,0.548263617,355.833060349,ok
250,355.744440262597,45,0.599934589,355.804221851,ok
250,355.744440262597,32,0.650102357,355.819157372,ok
250,355.744440262597,21,0.530800670,355.779291721,ok
251,356.627647213767,256,0.531335050,356.708076002,ok
251,356.627647213767,181,0.674330278,356.669179653,ok
251,356.627647213767,128,0.607755683,356.620427645,ok
251,356.627647213767,91,0.590477507,356.629786193,ok
251,356.627647213767,64,0.658327994,356.638225868,ok
251,356.627647213767,45,0.617336369,356.607305964,ok
251,356.627647213767,32,0.607160766,356.547005041,ok
251,356.627647213767,21,0.702527903,356.617532706,ok
252,358.288275092942,256,0.443261469,358.345086116,ok
252,358.288275092942,181,0.482295376,358.448327780,ok
252,358.288275092942,128,0.513188793,358.425261820,ok
252,358.288275092942,91,0.515692826,358.450885208,ok
252,358.288275092942,64,0.613683038,358.482253577,ok
252,358.288275092942,45,0.588749969,358.520692214,ok
252,358.288275092942,32,0.526593218,358.448189273,ok
252,358.288275092942,21,0.570946964,358.303803227,ok
253,359.096461192606,256,0.513535348,359.184376433,ok
253,359.096461192606,181,0.687702612,359.214353375,ok
253,359.096461192606,128,0.675061741,359.145084524,ok
253,359.096461192606,91,0.731026690,359.119539036,ok
253,359.096461192606,64,0.697819399,358.976379634,ok
253,359.096461192606,45,0.751484798,358.924359242,ok
253,359.096461192606,32,0.799512194,359.039665383,ok
253,359.096461192606,21,0.679226952,359.184074759,ok
254,360.711041024559,256,0.387803164,360.738202280,ok
254,360.711041024559,181,0.370394540,360.877429227,ok
254,360.711041024559,128,0.416047335,360.880478163,ok
254,360.711041024559,91,0.452114121,360.950746286,ok
254,360.711041024559,64,0.524142088,360.818047026,ok
254,360.711041024559,45,0.523502628,360.705014824,ok
254,360.711041024559,32,0.623577941,360.596636123,ok
254,360.711041024559,21,0.781193007,360.484779772,ok
255,361.197493036209,256,0.543809426,361.366398401,ok
255,361.197493036209,181,0.950409838,361.352362107,ok
255,361.197493036209,128,0.864845369,361.222826800,ok
255,361.197493036209,91,0.852284944,361.025621327,ok
255,361.197493036209,64,0.679531683,361.178449964,ok
255,361.197493036209,45,0.603263736,361.309303185,ok
255,361.197493036209,32,0.438396039,361.317166788,ok
255,361.197493036209,21,0.290081090,361.314028774,ok
256,362.276968893167,923,0.510663476,362.286347675,ok
256,362.276968893167,646,0.515522889,362.290974679,ok
256,362.276968893167,462,0.522592569,362.298084340,ok
256,362.276968893167,323,0.536175152,362.312932035,ok
256,362.276968893167,256,0.558056975,362.338190331,ok
256,362.276968893167,231,0.594397180,362.365885473,ok
256,362.276968893167,181,0.609633114,362.214921009,ok
256,362.276968893167,162,0.621114701,362.241376324,ok
256,362.276968893167,128,0.594826889,362.233433695,ok
256,362.276968893167,116,0.574849469,362.240798204,ok
256,362.276968893167,91,0.569975544,362.241865735,ok
256,362.276968893167,64,0.614412089,362.242330473,ok
256,362.276968893167,45,0.685228742,362.228658454,ok
256,362.276968893167,32,0.749053804,362.304596251,ok
256,362.276968893167,21,0.811535872,362.388501726,ok
257,364.419724431835,256,0.380260979,364.397972695,ok
257,364.419724431835,181,0.337534811,364.484546514,ok
257,364.419724431835,128,0.327387081,364.495205699,ok
257,364.419724431835,91,0.321995067,364.505050352,ok
257,364.419724431835,64,0.305119888,364.550704475,ok
257,364.419724431835,45,0.337682740,364.637387518,ok
257,364.419724431835,32,0.300044525,364.767520062,ok
257,364.419724431835,21,0.306950524,364.888812980,ok
258,364.803736092112,256,0.516480458,364.977845816,ok
258,364.803736092112,181,0.780035163,365.063329601,ok
258,364.803736092112,128,0.871331544,365.061686342,ok
258,364.803736092112,91,0.944545057,365.016643727,ok
258,364.803736092112,64,1.063395969,364.841220765,ok
258,364.803736092112,45,0.950783735,364.634511754,ok
258,364.803736092112,32,0.917197788,364.400254703,ok
258,364.803736092112,21,0.832089179,364.255943168,ok
259,366.049689518269,256,0.495474332,366.141762008,ok
259,366.049689518269,181,0.657556739,366.105203376,ok
259,366.049689518269,128,0.679081628,366.038512779,ok
259,366.049689518269,91,0.651014741,365.989083645,ok
259,366.049689518269,64,0.552919174,365.981879181,ok
259,366.049689518269,45,0.562765997,366.100020060,ok
259,366.049689518269,32,0.605882886,366.259451732,ok
259,366.049689518269,21,0.773238409,366.240464333,ok
260,367.125534935075,256,0.506490972,367.209928285,ok
260,367.125534935075,181,0.603282421,367.154031676,ok
260,367.125534935075,128,0.593852796,367.119408083,ok
260,367.125534935075,91,0.570542402,367.115060208,ok
260,367.125534935075,64,0.545766939,367.163048863,ok
260,367.125534935075,45,0.650467275,367.143997271,ok
260,367.125534935075,32,0.736241194,367.002585271,ok
260,367.125534935075,21,0.601143588,366.969516770,ok
261,368.433814889808,256,0.476885053,368.514748454,ok
261,368.433814889808,181,0.559179791,368.520094797,ok
261,368.433814889808,128,0.569150998,368.507809116,ok
261,368.433814889808,91,0.569564471,368.517254087,ok
261,368.433814889808,64,0.599609696,368.569761133,ok
261,368.433814889808,45,0.615300978,368.467142506,ok
261,368.433814889808,32,0.522691080,368.445150115,ok
261,368.433814889808,21,0.562415000,368.505249925,ok
262,369.501693331896,256,0.506196850,369.582469508,ok
262,369.501693331896,181,0.589630790,369.569506789,ok
262,369.501693331896,128,0.608171266,369.555841757,ok
262,369.501693331896,91,0.636660771,369.553709707,ok
262,369.501693331896,64,0.710545906,369.511060400,ok
262,369.501693331896,45,0.626168516,369.519596131,ok
262,369.501693331896,32,0.661924508,369.591143219,ok
262,369.501693331896,21,0.675633110,369.506831996,ok
263,371.069016090565,256,0.417309295,371.115893525,ok
263,371.069016090565,181,0.454021557,371.204852593,ok
263,371.069016090565,128,0.482912593,371.243829772,ok
263,371.069016090565,91,0.545898499,371.308910346,ok
263,371.069016090565,64,0.707898551,371.155328032,ok
263,371.069016090565,45,0.786793302,371.273814295,ok
263,371.069016090565,32,0.813638693,371.083352092,ok
263,371.069016090565,21,0.725298337,371.179263283,ok
264,371.770095915150,947,0.504043944,371.789830440,ok
264,371.770095915150,663,0.505131027,371.799206647,ok
264,371.770095915150,474,0.505835917,371.813340627,ok
264,371.770095915150,332,0.504218343,371.841603239,ok
264,371.770095915150,256,0.494139558,371.897706985,ok
264,371.770095915150,237,0.491850089,371.946443007,ok
264,371.770095915150,181,0.666354733,371.909967893,ok
264,371.770095915150,166,0.741106285,371.943294056,ok
264,371.770095915150,128,0.760808304,371.836084148,ok
264,371.770095915150,119,0.778615680,371.811856591,ok
264,371.770095915150,91,0.778107365,371.654135256,ok
264,371.770095915150,64,0.531761608,371.669529913,ok
264,371.770095915150,45,0.513114271,371.547888890,ok
264,371.770095915150,32,0.438836706,371.679224259,ok
264,371.770095915150,21,0.537285587,371.623005508,ok
265,372.884860886591,256,0.500714766,372.991729889,ok
265,372.884860886591,181,0.618233595,372.968273818,ok
265,372.884860886591,128,0.634714913,372.904852563,ok
265,372.884860886591,91,0.580005633,372.880415623,ok
265,372.884860886591,64,0.559632663,372.961416308,ok
265,372.884860886591,45,0.514075291,372.949199038,ok
265,372.884860886591,32,0.582560551,372.999229006,ok
265,372.884860886591,21,0.546669152,372.948413199,ok
266,373.934868915462,256,0.532676350,374.015526353,ok
266,373.934868915462,181,0.606329531,373.973514515,ok
266,373.934868915462,128,0.605645102,373.936166973,ok
266,373.934868915462,91,0.591149949,373.948349495,ok
266,373.934868915462,64,0.657766582,373.961155136,ok
266,373.934868915462,45,0.680900374,373.989924076,ok
266,373.934868915462,32,0.678151800,373.916131167,ok
266,373.934868915462,21,0.682242308,373.953508061,ok
267,375.546874727008,256,0.453895028,375.604423387,ok
267,375.546874727008,181,0.497968282,375.656097607,ok
267,375.546874727008,128,0.537313694,375.659777453,ok
267,375.546874727008,91,0.548777514,375.675240500,ok
267,375.546874727008,64,0.637720778,375.665612747,ok
267,375.546874727008,45,0.711134565,375.613739696,ok
267,375.546874727008,32,0.676215796,375.639020168,ok
267,375.546874727008,21,0.711397872,375.590986616,ok
268,376.683900937975,256,0.427737172,376.763523336,ok
268,376.683900937975,181,0.482935228,376.869477320,ok
268,376.683900937975,128,0.587696656,376.895224442,ok
268,376.683900937975,91,0.689536730,376.925023216,ok
268,376.683900937975,64,0.714935781,376.684860138,ok
268,376.683900937975,45,0.587152748,376.599090779,ok
268,376.683900937975,32,0.650043491,376.568346138,ok
268,376.683900937975,21,0.575610809,376.582572101,ok
269,377.559223274185,256,0.468279311,377.696856842,ok
269,377.559223274185,181,0.675039352,377.824017167,ok
269,377.559223274185,128,0.797873687,377.571727631,ok
269,377.559223274185,91,0.747632155,377.412421670,ok
269,377.559223274185,64,0.546960167,377.519476917,ok
269,377.559223274185,45,0.504712904,377.675737944,ok
269,377.559223274185,32,0.430129891,377.625548837,ok
269,377.559223274185,21,0.480544997,377.678850478,ok
270,378.386929045762,256,0.572718716,378.481445936,ok
270,378.386929045762,181,0.707050758,378.318540571,ok
270,378.386929045762,128,0.565040518,378.301014458,ok
270,378.386929045762,91,0.528767901,378.325940823,ok
270,378.386929045762,64,0.587590095,378.392533861,ok
270,378.386929045762,45,0.723365656,378.347191915,ok
270,378.386929045762,32,0.762621768,378.431392912,ok
270,378.386929045762,21,0.754727723,378.360360513,ok
271,380.057073182314,256,0.451888945,380.124573358,ok
271,380.057073182314,181,0.517699555,380.175367531,ok
271,380.057073182314,128,0.524581756,380.147768883,ok
271,380.057073182314,91,0.518069502,380.160155094,ok
271,380.057073182314,64,0.574290990,380.211239733,ok
271,380.057073182314,45,0.614327861,380.103917641,ok
271,380.057073182314,32,0.669542197,380.025191480,ok
271,380.057073182314,21,0.667313655,380.060372160,ok
272,381.048670123035,971,0.500951716,381.065390892,ok
272,381.048670123035,680,0.500853539,381.073029802,ok
272,381.048670123035,486,0.500080214,381.084140798,ok
272,381.048670123035,340,0.496579929,381.104957458,ok
272,381.048670123035,256,0.484378990,381.150280741,ok
272,381.048670123035,243,0.482799668,381.174601077,ok
272,381.048670123035,181,0.608125939,381.189756827,ok
272,381.048670123035,170,0.617154939,381.177892901,ok
272,381.048670123035,128,0.614081830,381.156746630,ok
272,381.048670123035,122,0.637139294,381.155451108,ok
272,381.048670123035,91,0.657568188,381.174360371,ok
272,381.048670123035,64,0.748467929,381.063490247,ok
272,381.048670123035,45,0.605640352,381.078734156,ok
272,381.048670123035,32,0.500404874,381.070798130,ok
272,381.048670123035,21,0.532438065,381.026601980,ok
273,382.239766419016,256,0.480351058,382.327447467,ok
273,382.239766419016,181,0.611436838,382.363044382,ok
273,382.239766419016,128,0.628374434,382.327272239,ok
273,382.239766419016,91,0.693073877,382.282650988,ok
273,382.239766419016,64,0.618046188,382.190698390,ok
273,382.239766419016,45,0.680653573,382.292040755,ok
273,382.239766419016,32,0.757388647,382.409905730,ok
273,382.239766419016,21,0.669300066,382.413108377,ok
274,383.485092354203,256,0.433509920,383.567975834,ok
274,383.485092354203,181,0.565281757,383.659965528,ok
274,383.485092354203,128,0.605895265,383.615437864,ok
274,383.485092354203,91,0.643290829,383.509942119,ok
274,383.485092354203,64,0.535944859,383.527666464,ok
274,383.485092354203,45,0.649717194,383.429086981,ok
274,383.485092354203,32,0.661548475,383.256075208,ok
274,383.485092354203,21,0.759991539,383.267603287,ok
275,384.372845681681,256,0.473324120,384.521576091,ok
275,384.372845681681,181,0.744366245,384.503558413,ok
275,384.372845681681,128,0.703788798,384.418012670,ok
275,384.372845681681,91,0.592050250,384.375150592,ok
275,384.372845681681,64,0.640145218,384.503726930,ok
275,384.372845681681,45,0.490900119,384.407682365,ok
275,384.372845681681,32,0.361603155,384.451091495,ok
275,384.372845681681,21,0.326570381,384.396055290,ok
276,385.215227671810,256,0.588237503,385.302366090,ok
276,385.215227671810,181,0.624687942,385.127087072,ok
276,385.215227671810,128,0.596822214,385.141176875,ok
276,385.215227671810,91,0.591584526,385.188074814,ok
276,385.215227671810,64,0.653084216,385.116673086,ok
276,385.215227671810,45,0.673943837,385.238296011,ok
276,385.215227671810,32,0.789388180,385.302342687,ok
276,385.215227671810,21,0.789163451,385.358928714,ok
277,387.149209287631,256,0.422869082,387.189129256,ok
277,387.149209287631,181,0.470085337,387.260331830,ok
277,387.149209287631,128,0.481488243,387.269953935,ok
277,387.149209287631,91,0.471403438,387.300200991,ok
277,387.149209287631,64,0.545832433,387.303990445,ok
277,387.149209287631,45,0.628539128,387.801029798,ok
277,387.149209287631,32,0.763281103,387.164150739,patched
277,387.149209287631,21,0.332503772,388.078179196,ok
278,388.082142477715,256,0.400622118,388.192063640,ok
278,388.082142477715,181,0.513806154,388.351059153,ok
278,388.082142477715,128,0.563787504,388.426188253,ok
278,388.082142477715,91,0.466001201,388.534690589,ok
278,388.082142477715,64,0.517005295,388.650912656,ok
278,388.082142477715,45,0.463488426,388.830832434,ok
278,388.082142477715,32,0.647829738,388.874265523,ok
278,388.082142477715,21,nan,nan,dup
279,388.777717961853,256,0.558797699,388.928657872,ok
279,388.777717961853,181,0.808045707,388.734950881,ok
279,388.777717961853,128,0.813905123,388.572434382,ok
279,388.777717961853,91,1.012762489,388.362264253,ok
279,388.777717961853,64,0.829683220,388.142722815,ok
279,388.777717961853,45,0.742924154,387.408051068,patched
279,388.777717961853,32,0.443096683,388.011318408,ok
279,388.777717961853,21,0.804385380,388.877237158,ok
280,390.169112628897,994,0.496805470,390.183879442,ok
280,390.169112628897,696,0.495011304,390.190591494,ok
280,390.169112628897,497,0.492064964,390.200432290,ok
280,390.169112628897,348,0.485607288,390.219228743,ok
280,390.169112628897,256,0.469374214,390.272971169,ok
280,390.169112628897,249,0.469023991,390.287964967,ok
280,390.169112628897,181,0.580227793,390.240081195,ok
280,390.169112628897,174,0.610333999,390.250275721,ok
280,390.169112628897,128,0.577345825,390.219321442,ok
280,390.169112628897,125,0.584486680,390.204462811,ok
280,390.169112628897,91,0.547566947,390.186791074,ok
280,390.169112628897,64,0.555713958,390.241743197,ok
280,390.169112628897,45,0.676200352,390.393703111,ok
280,390.169112628897,32,0.664866136,390.194910916,ok
280,390.169112628897,21,0.547586538,390.138496832,ok
281,391.081925719961,256,0.541469236,391.181176172,ok
281,391.081925719961,181,0.601064087,391.099318375,ok
281,391.081925719961,128,0.600879006,391.092252150,ok
281,391.081925719961,91,0.584056324,391.105710292,ok
281,391.081925719961,64,0.640175747,391.091581588,ok
281,391.081925719961,45,0.668889060,390.905547266,ok
281,391.081925719961,32,0.605192453,391.039954424,ok
281,391.081925719961,21,0.679914788,391.118227285,ok
282,392.851762913362,256,0.387683572,392.895475320,ok
282,392.851762913362,181,0.418597452,392.974219715,ok
282,392.851762913362,128,0.414196603,393.009319098,ok
282,392.851762913362,91,0.394924066,393.035819375,ok
282,392.851762913362,64,0.425325019,393.111457207,ok
282,392.851762913362,45,0.474687995,392.941058880,ok
282,392.851762913362,32,0.534772376,393.254124542,ok
282,392.851762913362,21,0.679209594,392.811874799,patched
283,393.443407711011,256,0.527207783,393.602870242,ok
283,393.443407711011,181,0.704835553,393.567850983,ok
283,393.443407711011,128,0.814976110,393.530937622,ok
283,393.443407711011,91,0.921035831,393.485693281,ok
283,393.443407711011,64,0.919698427,393.264363555,ok
283,393.443407711011,45,0.758482559,393.497652081,ok
283,393.443407711011,32,0.720058873,393.081162973,ok
283,393.443407711011,21,0.493879646,393.516545581,ok
284,394.819997091794,256,0.452240564,394.918376720,ok
284,394.819997091794,181,0.564301301,394.933610904,ok
284,394.819997091794,128,0.633456965,394.886799397,ok
284,394.819997091794,91,0.639825241,394.802936626,ok
284,394.819997091794,64,0.551296462,394.807945288,ok
284,394.819997091794,45,0.690660698,394.767682756,ok
284,394.819997091794,32,0.651175600,394.921969210,ok
284,394.819997091794,21,0.825619424,394.820646479,ok
285,395.804609603418,256,0.472491057,395.943477721,ok
285,395.804609603418,181,0.611321814,395.926338102,ok
285,395.804609603418,128,0.633674316,395.833242312,ok
285,395.804609603418,91,0.565939722,395.804573969,ok
285,395.804609603418,64,0.555264127,395.894956022,ok
285,395.804609603418,45,0.492790098,395.780959954,ok
285,395.804609603418,32,0.616340122,395.698574005,ok
285,395.804609603418,21,0.434190213,395.719661150,ok
286,396.734455422549,256,0.558113380,396.849383337,ok
286,396.734455422549,181,0.640050506,396.758599334,ok
286,396.734455422549,128,0.603792056,396.716171169,ok
286,396.734455422549,91,0.589686788,396.749739612,ok
286,396.734455422549,64,0.674293769,396.747476490,ok
286,396.734455422549,45,0.619054635,396.824938451,ok
286,396.734455422549,32,0.539898862,396.780680985,ok
286,396.734455422549,21,0.640832588,396.849705898,ok
287,398.250415976738,256,0.471556092,398.331064859,ok
287,398.250415976738,181,0.542910585,398.346251028,ok
287,398.250415976738,128,0.559246470,398.326596731,ok
287,398.250415976738,91,0.573073945,398.351657407,ok
287,398.250415976738,64,0.642266197,398.313951096,ok
287,398.250415976738,45,0.734742143,398.340390754,ok
287,398.250415976738,32,0.747558530,398.414557954,ok
287,398.250415976738,21,0.716876384,398.274769925,ok
288,399.565510922143,1018,0.490138727,399.577377314,ok
288,399.565510922143,713,0.485355880,399.582400710,ok
288,399.565510922143,509,0.477965666,399.589352402,ok
288,399.565510922143,357,0.462866087,399.601156449,ok
288,399.565510922143,256,0.412990750,399.640310975,ok
288,399.565510922143,255,0.411788160,399.642028850,ok
288,399.565510922143,181,0.484171844,399.724110786,ok
288,399.565510922143,179,0.503418294,399.729846601,ok
288,399.565510922143,128,0.533750570,399.720065873,ok
288,399.565510922143,91,0.601504443,399.783015595,ok
288,399.565510922143,64,0.663562320,399.614702574,ok
288,399.565510922143,45,0.660119411,399.439779415,ok
288,399.565510922143,32,0.694210107,399.333475506,ok
288,399.565510922143,21,0.667778366,399.498423085,ok
289,400.692875768712,256,0.274642167,400.693972018,ok
289,400.692875768712,181,0.283419757,400.787078547,ok
289,400.692875768712,128,0.310159403,400.804425218,ok
289,400.692875768712,91,0.331825452,400.856013523,ok
289,400.692875768712,64,0.414912473,400.751830935,ok
289,400.692875768712,45,0.281658607,400.604040928,ok
289,400.692875768712,32,0.208514558,400.564469415,ok
289,400.692875768712,21,0.344518293,400.543642419,ok
290,400.826430942255,256,0.768656629,401.143724912,ok
290,400.826430942255,181,1.137799850,400.907208059,ok
290,400.826430942255,128,1.073455132,400.728868088,ok
290,400.826430942255,91,1.028941268,400.481035999,ok
290,400.826430942255,64,0.770966434,400.714781299,ok
290,400.826430942255,45,0.861735771,401.022403245,ok
290,400.826430942255,32,0.920156408,401.133686117,ok
290,400.826430942255,21,0.778550956,401.058261474,ok
291,402.818318458900,256,0.454347788,402.898029519,ok
291,402.818318458900,181,0.533182326,402.908553812,ok
291,402.818318458900,128,0.531984957,402.899539782,ok
291,402.818318458900,91,0.512356513,402.897390632,ok
291,402.818318458900,64,0.565301348,402.942864224,ok
291,402.818318458900,45,0.674400282,402.866063075,ok
291,402.818318458900,32,0.681495188,402.775844401,ok
291,402.818318458900,21,0.764004457,402.800834970,ok
292,403.907405043484,256,0.452404744,404.024185434,ok
292,403.907405043484,181,0.575265729,404.048699202,ok
292,403.907405043484,128,0.592700952,404.045629285,ok
292,403.907405043484,91,0.593469933,404.078745401,ok
292,403.907405043484,64,0.731352121,403.998531354,ok
292,403.907405043484,45,0.576763656,403.879562809,ok
292,403.907405043484,32,0.498499779,403.923367030,ok
292,403.907405043484,21,0.462797737,403.847225169,ok
293,404.945586220612,256,0.486670785,405.075827742,ok
293,404.945586220612,181,0.647266726,405.045330407,ok
293,404.945586220612,128,0.678893695,405.012299393,ok
293,404.945586220612,91,0.748690387,404.997503429,ok
293,404.945586220612,64,0.639652841,404.861800198,ok
293,404.945586220612,45,0.601512478,405.032831740,ok
293,404.945586220612,32,0.709850058,405.072628595,ok
293,404.945586220612,21,0.667717446,405.151042204,ok
294,406.161247797888,256,0.447535625,406.279744343,ok
294,406.161247797888,181,0.609973262,406.267579647,ok
294,406.161247797888,128,0.634422107,406.217595272,ok
294,406.161247797888,91,0.661548210,406.141116661,ok
294,406.161247797888,64,0.547103339,406.176515995,ok
294,406.161247797888,45,0.742832942,406.172866953,ok
294,406.161247797888,32,0.667633161,406.046532983,ok
294,406.161247797888,21,0.725083958,405.995113982,ok
295,407.145015561887,256,0.468858883,407.308424109,ok
295,407.145015561887,181,0.643717138,407.219790102,ok
295,407.145015561887,128,0.619980546,407.173879702,ok
295,407.145015561887,91,0.567577607,407.133247292,ok
295,407.145015561887,64,0.593771757,407.251671115,ok
295,407.145015561887,45,0.525732154,407.068062430,ok
295,407.145015561887,32,0.487865647,407.183851726,ok
295,407.145015561887,21,0.454582413,407.175412383,ok
296,408.039526672954,1040,0.509419021,408.052590069,ok
296,408.039526672954,728,0.513513589,408.058936216,ok
296,408.039526672954,520,0.519270346,408.068619347,ok
296,408.039526672954,364,0.529473000,408.088255192,ok
296,408.039526672954,260,0.572050389,408.161489105,ok
296,408.039526672954,256,0.582707110,408.170451057,ok
296,408.039526672954,182,0.624205305,408.011595798,ok
296,408.039526672954,181,0.616133529,408.021540112,ok
296,408.039526672954,130,0.613401375,408.009522300,ok
296,408.039526672954,128,0.599762976,408.024074030,ok
296,408.039526672954,91,0.582406910,408.047525812,ok
296,408.039526672954,64,0.669788126,408.004686745,ok
296,408.039526672954,45,0.575558078,408.101435190,ok
296,408.039526672954,32,0.677274877,408.068469439,ok
296,408.039526672954,21,0.685372442,408.086613153,ok
297,409.588213120836,256,0.466749779,409.680842956,ok
297,409.588213120836,181,0.539860537,409.668108783,ok
297,409.588213120836,128,0.551361898,409.675805481,ok
297,409.588213120836,91,0.563595868,409.695653525,ok
297,409.588213120836,64,0.614953963,409.650810041,ok
297,409.588213120836,45,0.691837819,409.737951851,ok
297,409.588213120836,32,0.650934169,409.640129084,ok
297,409.588213120836,21,0.681434211,409.621304607,ok
298,410.871662863483,256,0.395713536,410.966770711,ok
298,410.871662863483,181,0.493559385,411.025272549,ok
298,410.871662863483,128,0.524177660,411.072064611,ok
298,410.871662863483,91,0.592778942,411.171837802,ok
298,410.871662863483,64,0.666206124,410.981423268,ok
298,410.871662863483,45,0.768899302,410.743074964,ok
298,410.871662863483,32,0.723220147,410.900235646,ok
298,410.871662863483,21,0.634638682,410.851427703,ok
299,411.660571450853,256,0.482357124,411.850475398,ok
299,411.660571450853,181,0.677089605,411.784020046,ok
299,411.660571450853,128,0.787638833,411.705039749,ok
299,411.660571450853,91,0.822074217,411.471351351,ok
299,411.660571450853,64,0.613135873,411.580357373,ok
299,411.660571450853,45,0.408075785,411.627244910,ok
299,411.660571450853,32,0.511297872,411.554296641,ok
299,411.660571450853,21,0.570852531,411.654805107,ok
300,412.731146957583,256,0.504596252,412.911316637,ok
300,412.731146957583,181,0.637692779,412.801112881,ok
300,412.731146957583,128,0.639254326,412.715803565,ok
300,412.731146957583,91,0.555275582,412.694300235,ok
300,412.731146957583,64,0.580525567,412.767561409,ok
300,412.731146957583,45,0.574507529,412.974795278,ok
300,412.731146957583,32,0.521489348,412.858764180,ok
300,412.731146957583,21,0.578775162,412.752047074,ok
301,413.669285395296,256,0.595588213,413.783916853,ok
301,413.669285395296,181,0.610437937,413.665367022,ok
301,413.669285395296,128,0.581969705,413.638294821,ok
301,413.669285395296,91,0.565215614,413.673312881,ok
301,413.669285395296,64,0.618347720,413.656124977,ok
301,413.669285395296,45,0.764591297,413.537076547,ok
301,413.669285395296,32,0.747203387,413.644933302,ok
301,413.669285395296,21,0.660444906,413.698259969,ok
302,415.429295872921,256,0.410457267,415.504981710,ok
302,415.429295872921,181,0.468627617,415.542922672,ok
302,415.429295872921,128,0.494109917,415.547446095,ok
302,415.429295872921,91,0.478809007,415.580008991,ok
302,415.429295872921,64,0.547363847,415.606971836,ok
302,415.429295872921,45,0.582210033,415.459871101,ok
302,415.429295872921,32,0.676358901,415.435862482,ok
302,415.429295872921,21,0.806148130,415.398968724,ok
303,416.370591226616,256,0.399215002,416.533239898,ok
303,416.370591226616,181,0.524023378,416.625497186,ok
303,416.370591226616,128,0.644728099,416.646154117,ok
303,416.370591226616,91,0.967250388,416.663012570,patched
303,416.370591226616,64,0.876528539,416.379972814,patched
303,416.370591226616,45,0.558678585,416.509443516,ok
303,416.370591226616,32,0.475975393,416.369938690,ok
303,416.370591226616,21,0.333984865,416.275600414,ok
304,417.129270213613,1063,0.510285473,417.142515002,ok
304,417.129270213613,744,0.514695557,417.149241939,ok
304,417.129270213613,532,0.520711057,417.159923207,ok
304,417.129270213613,372,0.530470434,417.183455760,ok
304,417.129270213613,266,0.560017567,417.283787440,ok
304,417.129270213613,256,0.589167560,417.323236429,ok
304,417.129270213613,186,0.738455879,417.080621448,ok
304,417.129270213613,181,0.787462107,417.139886574,ok
304,417.129270213613,133,0.726672566,416.938598243,ok
304,417.129270213613,128,0.717302598,416.978537688,ok
304,417.129270213613,91,0.512702051,416.869147440,ok
304,417.129270213613,64,0.493732001,417.000681959,ok
304,417.129270213613,45,0.736921232,417.038361610,ok
304,417.129270213613,32,0.707893659,417.205733387,ok
304,417.129270213613,21,0.777938998,417.416874119,ok
305,418.557476726828,256,0.450213786,418.691664872,ok
305,418.557476726828,181,0.574084504,418.664497663,ok
305,418.557476726828,128,0.566828612,418.619845132,ok
305,418.557476726828,91,0.541024734,418.567991494,ok
305,418.557476726828,64,0.508605610,418.630214987,ok
305,418.557476726828,45,0.583317885,418.540906956,ok
305,418.557476726828,32,0.684102330,418.496052159,ok
305,418.557476726828,21,0.672573228,418.295340503,ok
306,419.487459422307,256,0.520853763,419.672773540,ok
306,419.487459422307,181,0.649909534,419.564495940,ok
306,419.487459422307,128,0.620505133,419.546960306,ok
306,419.487459422307,91,0.573792147,419.558647215,ok
306,419.487459422307,64,0.671316990,419.613577862,ok
306,419.487459422307,45,0.558439037,419.553553382,ok
306,419.487459422307,32,0.487742381,419.492593109,ok
306,419.487459422307,21,0.395060609,419.607682783,ok
307,420.528953897983,256,0.577510342,420.650392299,ok
307,420.528953897983,181,0.619881638,420.537273215,ok
307,420.528953897983,128,0.616916617,420.534791661,ok
307,420.528953897983,91,0.630462154,420.555326234,ok
307,420.528953897983,64,0.672135494,420.467107375,ok
307,420.528953897983,45,0.679661100,420.545316709,ok
307,420.528953897983,32,0.667920993,420.608812589,ok
307,420.528953897983,21,0.807694137,420.565257223,ok
308,422.510373029580,256,0.293084817,422.442840956,ok
308,422.510373029580,181,0.297877691,422.527805105,ok
308,422.510373029580,128,0.289504747,422.545786556,ok
308,422.510373029580,91,0.265595512,422.569904479,ok
308,422.510373029580,64,0.321639158,422.622935336,ok
308,422.510373029580,45,0.264756261,422.673820202,ok
308,422.510373029580,32,0.220362319,422.722864068,ok
308,422.510373029580,21,0.393394793,422.628004601,ok
309,422.687254605134,256,0.560117492,423.074064588,ok
309,422.687254605134,181,0.900571002,422.964432228,ok
309,422.687254605134,128,0.992482414,422.888743131,ok
309,422.687254605134,91,1.112273890,422.774020976,ok
309,422.687254605134,64,0.921196862,422.616987856,ok
309,422.687254605134,45,1.000910512,422.467214977,ok
309,422.687254605134,32,1.031802803,422.345482007,ok
309,422.687254605134,21,0.844863180,422.514550391,ok
310,424.066895492738,256,0.462329698,424.281298141,ok
310,424.066895492738,181,0.656125666,424.137176092,ok
310,424.066895492738,128,0.632863356,424.076789721,ok
310,424.066895492738,91,0.560402839,424.033905001,ok
310,424.066895492738,64,0.560753884,424.168624792,ok
310,424.066895492738,45,0.460663168,424.219591637,ok
310,424.066895492738,32,0.397131482,424.310664135,ok
310,424.066895492738,21,0.714629394,426.664257760,patched
311,424.823388820005,256,0.691781860,424.948922786,ok
311,424.823388820005,181,0.593761671,424.757607333,ok
311,424.823388820005,128,0.569046544,424.769137656,ok
311,424.823388820005,91,0.556475988,424.811425264,ok
311,424.823388820005,64,0.655460661,424.762889377,ok
311,424.823388820005,45,0.771738372,424.788880645,ok
311,424.823388820005,32,0.900495011,424.720885009,ok
311,424.823388820005,21,0.781844910,424.864854480,ok
312,426.732417008649,1087,0.484441425,426.741525156,ok
312,426.732417008649,761,0.477374795,426.745036213,ok
312,426.732417008649,544,0.467175935,426.749468931,ok
312,426.732417008649,381,0.448364308,426.755909440,ok
312,426.732417008649,272,0.392824842,426.777122375,ok
312,426.732417008649,256,0.374149692,426.810370996,ok
312,426.732417008649,191,0.444302692,426.846209957,ok
312,426.732417008649,181,0.440973847,426.841647450,ok
312,426.732417008649,136,0.440972040,426.854028312,ok
312,426.732417008649,128,0.436957915,426.858116241,ok
312,426.732417008649,91,0.409976759,426.886099164,ok
312,426.732417008649,64,0.490229633,426.950658151,ok
312,426.732417008649,45,0.712767299,426.889911927,patched
312,426.732417008649,32,0.586810637,426.795503448,patched
312,426.732417008649,21,0.714629394,426.664257760,patched
313,427.384017811342,256,0.534807689,427.611183342,ok
313,427.384017811342,181,0.668041287,427.509919139,ok
313,427.384017811342,128,0.732193540,427.508255961,ok
313,427.384017811342,91,0.860886556,427.514717856,ok
313,427.384017811342,64,0.811872262,427.281832939,ok
313,427.384017811342,45,0.539545882,427.237185663,ok
313,427.384017811342,32,0.627830520,427.374599745,ok
313,427.384017811342,21,0.445761812,427.440145046,ok
314,428.698107954067,256,0.446696195,428.873764194,ok
314,428.698107954067,181,0.581666219,428.829668330,ok
314,428.698107954067,128,0.663869642,428.805486137,ok
314,428.698107954067,91,0.716107800,428.666286544,ok
314,428.698107954067,64,0.593296600,428.702469089,ok
314,428.698107954067,45,0.557583321,428.816956846,ok
314,428.698107954067,32,0.643105928,428.717267108,ok
314,428.698107954067,21,0.809164671,428.754961249,ok
315,429.589385972485,256,0.550537687,429.816628144,ok
315,429.589385972485,181,0.651461720,429.651268601,ok
315,429.589385972485,128,0.651358308,429.554843101,ok
315,429.589385972485,91,0.541756746,429.522495629,ok
315,429.589385972485,64,0.583417809,429.607105529,ok
315,429.589385972485,45,0.727130619,429.564872272,ok
315,429.589385972485,32,0.581732910,429.599737571,ok
315,429.589385972485,21,0.462335677,429.521192907,ok
316,430.617557835896,256,0.610626138,430.768929368,ok
316,430.617557835896,181,0.609235099,430.643288884,ok
316,430.617557835896,128,0.584863088,430.610032305,ok
316,430.617557835896,91,0.550068583,430.647287446,ok
316,430.617557835896,64,0.612212139,430.636377674,ok
316,430.617557835896,45,0.563350703,430.562802872,ok
316,430.617557835896,32,0.650860692,430.600702367,ok
316,430.617557835896,21,0.684199039,430.674469701,ok
317,432.060772515970,256,0.471638690,432.208571902,ok
317,432.060772515970,181,0.539875457,432.176528703,ok
317,432.060772515970,128,0.555924389,432.160423494,ok
317,432.060772515970,91,0.549084430,432.208061825,ok
317,432.060772515970,64,0.620246971,432.181783757,ok
317,432.060772515970,45,0.550239116,432.187909861,ok
317,432.060772515970,32,0.585056906,432.093168103,ok
317,432.060772515970,21,0.597251679,432.027355695,ok
318,433.037443119578,256,0.545981210,433.207222035,ok
318,433.037443119578,181,0.622787556,433.129437320,ok
318,433.037443119578,128,0.636783637,433.094545214,ok
318,433.037443119578,91,0.722320956,433.099310878,ok
318,433.037443119578,64,0.686781165,433.000623335,ok
318,433.037443119578,45,0.760897604,433.053518442,ok
318,433.037443119578,32,0.648668628,433.104296092,ok
318,433.037443119578,21,0.614124966,433.139692470,ok
319,434.439352398953,256,0.407532899,434.586470574,ok
319,434.439352398953,181,0.520653414,434.601700422,ok
319,434.439352398953,128,0.570667661,434.578968723,ok
319,434.439352398953,91,0.704594376,434.512773486,ok
319,434.439352398953,64,0.605064124,434.461504535,ok
319,434.439352398953,45,0.653876666,434.351969101,ok
319,434.439352398953,32,0.791724435,434.371615097,ok
319,434.439352398953,21,0.808768826,434.337825658,ok
320,435.348154160343,1109,0.489286724,435.373855159,ok
320,435.348154160343,777,0.483060800,435.384954365,ok
320,435.348154160343,555,0.472609711,435.400412740,ok
320,435.348154160343,389,0.449490560,435.426584352,ok
320,435.348154160343,278,0.371687560,435.498603636,ok
320,435.348154160343,256,0.352044518,435.590671788,ok
320,435.348154160343,195,0.509566004,435.670955152,ok
320,435.348154160343,181,0.463316273,435.692000022,ok
320,435.348154160343,139,0.500737582,435.719183915,ok
320,435.348154160343,128,0.511750942,435.739899578,ok
320,435.348154160343,91,0.534480295,435.871248346,ok
320,435.348154160343,64,0.664788927,435.821735843,ok
320,435.348154160343,45,0.390295340,435.367263601,patched
320,435.348154160343,32,0.349140690,435.246759572,patched
320,435.348154160343,21,0.330235877,435.276980083,patched
321,435.904163677450,256,0.905510957,436.122761315,ok
321,435.904163677450,181,0.937688020,435.621637244,ok
321,435.904163677450,128,0.812889959,435.481993757,ok
321,435.904163677450,91,0.610199873,435.276142523,ok
321,435.904163677450,64,0.543525016,435.441203261,ok
321,435.904163677450,45,0.738860919,435.984672815,ok
321,435.904163677450,32,0.673437681,436.092267832,ok
321,435.904163677450,21,0.701871174,436.067238625,ok
322,437.582219399193,256,0.525288254,437.695157527,ok
322,437.582219399193,181,0.551712576,437.638642615,ok
322,437.582219399193,128,0.553469436,437.641649432,ok
322,437.582219399193,91,0.552191230,437.668809718,ok
322,437.582219399193,64,0.604074734,437.649035523,ok
322,437.582219399193,45,0.684477267,437.613945220,ok
322,437.582219399193,32,0.767083039,437.585016003,ok
322,437.582219399193,21,0.750488487,437.596696497,ok
323,439.158108255197,256,0.292616314,439.207708157,ok
323,439.158108255197,181,0.336204448,439.262086294,ok
323,439.158108255197,128,0.322068891,439.282369917,ok
323,439.158108255197,91,0.284320023,439.314854771,ok
323,439.158108255197,64,0.333585519,439.375850629,ok
323,439.158108255197,45,0.473111707,439.551857258,ok
323,439.158108255197,32,0.493987153,439.759115065,ok
323,439.158108255197,21,0.396266006,439.748656045,ok
324,439.537569445176,256,0.634224961,439.964490891,ok
324,439.537569445176,181,0.897711979,439.726344543,ok
324,439.537569445176,128,1.015353062,439.659448133,ok
324,439.537569445176,91,1.184127263,439.520361049,ok
324,439.537569445176,64,1.005805805,439.335334486,ok
324,439.537569445176,45,0.691338202,439.155911688,ok
324,439.537569445176,32,0.553213198,439.003886712,ok
324,439.537569445176,21,0.611860955,438.960799120,ok
325,440.677227899854,256,0.692237128,440.824307040,ok
325,440.677227899854,181,0.610344881,440.646062867,ok
325,440.677227899854,128,0.579580307,440.608922230,ok
325,440.677227899854,91,0.506006590,440.597476891,ok
325,440.677227899854,64,0.530580879,440.675634162,ok
325,440.677227899854,45,0.670674957,440.710296762,ok
325,440.677227899854,32,0.785914460,440.626983403,ok
325,440.677227899854,21,0.861620420,440.674739751,ok
326,442.169739917182,256,0.410157524,442.350041790,ok
326,442.169739917182,181,0.498473839,442.300320446,ok
326,442.169739917182,128,0.509906289,442.284340701,ok
326,442.169739917182,91,0.452979276,442.259682114,ok
326,442.169739917182,64,0.458510822,442.376159393,ok
326,442.169739917182,45,0.679590214,442.217548934,patched
326,442.169739917182,32,0.549995060,442.157843382,patched
326,442.169739917182,21,0.510401885,442.077678590,patched
327,442.777044291222,256,0.774423108,442.933865802,ok
327,442.777044291222,181,0.677286614,442.775123412,ok
327,442.777044291222,128,0.667889098,442.760465717,ok
327,442.777044291222,91,0.696420806,442.832148249,ok
327,442.777044291222,64,0.820486354,442.679201228,ok
327,442.777044291222,45,0.534640872,442.709619454,ok
327,442.777044291222,32,0.611701672,442.799857236,ok
327,442.777044291222,21,0.619548286,442.879722001,ok
328,444.438290507889,1132,0.493946218,444.449439205,ok
328,444.438290507889,793,0.490930511,444.454297925,ok
328,444.438290507889,566,0.486187651,444.461162986,ok
328,444.438290507889,397,0.476288392,444.473167899,ok
328,444.438290507889,283,0.442270831,444.515540084,ok
328,444.438290507889,256,0.479327023,444.583909662,ok
328,444.438290507889,199,0.517802074,444.539440865,ok
328,444.438290507889,181,0.519258035,444.547916225,ok
328,444.438290507889,142,0.545876528,444.557491304,ok
328,444.438290507889,128,0.544665308,444.561029922,ok
328,444.438290507889,91,0.601484470,444.612256196,ok
328,444.438290507889,64,0.617615584,444.503220314,ok
328,444.438290507889,45,0.584752781,444.633009199,ok
328,444.438290507889,32,0.686573063,444.565371548,ok
328,444.438290507889,21,0.729505804,444.470439317,ok
329,445.463739168413,256,0.496772277,445.680235689,ok
329,445.463739168413,181,0.575591915,445.621326549,ok
329,445.463739168413,128,0.661409345,445.611356875,ok
329,445.463739168413,91,0.800201737,445.467644360,ok
329,445.463739168413,64,0.629348573,445.472695844,ok
329,445.463739168413,45,0.833461430,445.352768109,ok
329,445.463739168413,32,0.661163238,445.357304302,ok
329,445.463739168413,21,0.554657888,445.440878281,ok
330,446.448331621937,256,0.548077018,446.737494667,ok
330,446.448331621937,181,0.661600032,446.598445169,ok
330,446.448331621937,128,0.710011002,446.461393628,ok
330,446.448331621937,91,0.563944718,446.349837560,ok
330,446.448331621937,64,0.592841003,446.476272191,ok
330,446.448331621937,45,0.446283451,446.362496603,ok
330,446.448331621937,32,0.515568542,446.446226013,ok
330,446.448331621937,21,0.653017968,446.437337507,ok
331,447.302008904811,256,0.797564427,447.440262584,ok
331,447.302008904811,181,0.672001334,447.280680754,ok
331,447.302008904811,128,0.590958376,447.246990065,ok
331,447.302008904811,91,0.529876693,447.322853997,ok
331,447.302008904811,64,0.620284752,447.298090652,ok
331,447.302008904811,45,0.559049448,447.445114004,ok
331,447.302008904811,32,0.612402016,447.360464912,ok
331,447.302008904811,21,0.522103858,447.306927734,ok
332,448.506931088658,256,0.631481405,448.571453597,ok
332,448.506931088658,181,0.593060426,448.531610548,ok
332,448.506931088658,128,0.573832523,448.524754354,ok
332,448.506931088658,91,0.589944009,448.571624856,ok
332,448.506931088658,64,0.612883057,448.518619451,ok
332,448.506931088658,45,0.732766892,448.530896250,ok
332,448.506931088658,32,0.668268670,448.518200067,ok
332,448.506931088658,21,0.696750714,448.571023814,ok
333,450.056620306917,256,0.471774391,450.195683427,ok
333,450.056620306917,181,0.508353469,450.178418897,ok
333,450.056620306917,128,0.516036361,450.178678942,ok
333,450.056620306917,91,0.552346948,450.257232671,ok
333,450.056620306917,64,0.599206626,450.197316529,ok
333,450.056620306917,45,0.677039130,450.044799411,ok
333,450.056620306917,32,0.696610914,450.106615296,ok
333,450.056620306917,21,0.708133205,450.014300785,ok
334,451.070775905425,256,0.453014072,451.315812493,ok
334,451.070775905425,181,0.561431495,451.316117013,ok
334,451.070775905425,128,0.616672608,451.340015837,ok
334,451.070775905425,91,0.960241844,451.114683723,patched
334,451.070775905425,64,0.774376464,451.075628349,patched
334,451.070775905425,45,0.495820506,451.053428103,patched
334,451.070775905425,32,0.561844065,450.981482794,patched
334,451.070775905425,21,0.474962928,451.057444807,patched
335,451.839972460977,256,0.805128658,452.100709825,ok
335,451.839972460977,181,0.797926359,451.817987992,ok
335,451.839972460977,128,0.777125354,451.714957883,ok
335,451.839972460977,91,0.477823193,451.673408350,ok
335,451.839972460977,64,0.524626379,451.748822207,ok
335,451.839972460977,45,0.643076195,451.967301251,ok
335,451.839972460977,32,0.529982031,451.927902509,ok
335,451.839972460977,21,0.652499997,451.925995484,ok
336,452.879869538279,1154,0.505260617,452.892093166,ok
336,452.879869538279,808,0.507497285,452.897936754,ok
336,452.879869538279,577,0.510641150,452.906829063,ok
336,452.879869538279,404,0.516284220,452.924905526,ok
336,452.879869538279,289,0.545296740,452.996265461,ok
336,452.879869538279,256,0.695773771,452.889302046,ok
336,452.879869538279,202,0.610628534,452.889850402,ok
336,452.879869538279,181,0.594315713,452.852903766,ok
336,452.879869538279,145,0.578016271,452.842450174,ok
336,452.879869538279,128,0.576050941,452.845791689,ok
336,452.879869538279,91,0.513042063,452.894854880,ok
336,452.879869538279,64,0.562286150,452.910408492,ok
336,452.879869538279,45,0.675626247,452.804468247,ok
336,452.879869538279,32,0.717309609,452.896877364,ok
336,452.879869538279,21,0.643603820,452.849659397,ok
337,454.253514329354,256,0.568169369,454.358993230,ok
337,454.253514329354,181,0.552499651,454.320515892,ok
337,454.253514329354,128,0.557782454,454.321055805,ok
337,454.253514329354,91,0.538234142,454.373548548,ok
337,454.253514329354,64,0.605937293,454.367135220,ok
337,454.253514329354,45,0.572392921,454.264758292,ok
337,454.253514329354,32,0.634414808,454.205806021,ok
337,454.253514329354,21,0.665725862,454.256461632,ok
338,455.422497421379,256,0.560262071,455.579783463,ok
338,455.422497421379,181,0.564001267,455.539070373,ok
338,455.422497421379,128,0.595187622,455.548116661,ok
338,455.422497421379,91,0.677668790,455.646880578,ok
338,455.422497421379,64,0.737751600,455.488728993,ok
338,455.422497421379,45,0.598819225,455.543827529,ok
338,455.422497421379,32,0.511123248,455.466544405,ok
338,455.422497421379,21,0.537132411,455.391298342,ok
339,456.392498176649,256,0.643566666,456.499183866,ok
339,456.392498176649,181,0.627146600,456.454728878,ok
339,456.392498176649,128,0.666168097,456.415919891,ok
339,456.392498176649,91,0.752649538,456.275032248,ok
339,456.392498176649,64,0.599990920,456.288605748,ok
339,456.392498176649,45,0.722269830,456.351461039,ok
339,456.392498176649,32,0.739410570,456.501405880,ok
339,456.392498176649,21,0.645750886,456.550616376,ok
340,457.782550501735,256,0.490715639,457.953077179,ok
340,457.782550501735,181,0.518762825,457.919777328,ok
340,457.782550501735,128,0.583238998,457.897183865,ok
340,457.782550501735,91,0.587611001,457.749632365,ok
340,457.782550501735,64,0.505467261,457.830865637,ok
340,457.782550501735,45,0.603567478,457.738835038,ok
340,457.782550501735,32,0.710094181,457.599108738,ok
340,457.782550501735,21,0.823073667,457.562016436,ok
341,458.602132213340,256,0.906582239,458.942773205,patched
341,458.602132213340,181,0.763687503,458.844186224,patched
341,458.602132213340,128,0.715249670,458.668230090,patched
341,458.602132213340,91,0.489058920,458.670934216,patched
341,458.602132213340,64,0.797674350,458.905259034,patched
341,458.602132213340,45,0.676961557,461.481576875,patched
341,458.602132213340,32,0.800688450,461.252539648,patched
341,458.602132213340,21,0.776388847,461.144262351,patched
342,459.232883374029,256,0.512758644,459.001327270,ok
342,459.232883374029,181,0.577737382,459.038297643,ok
342,459.232883374029,128,0.559061898,459.114571222,ok
342,459.232883374029,91,0.659592526,459.217335909,ok
342,459.232883374029,64,0.522435191,458.949276759,ok
342,459.232883374029,45,0.723774373,459.199741602,ok
342,459.232883374029,32,0.795073768,459.360684318,ok
342,459.232883374029,21,0.818777344,459.440294850,ok
343,461.229860089685,256,0.464106183,461.328079422,ok
343,461.229860089685,181,0.465940190,461.338000689,ok
343,461.229860089685,128,0.474830096,461.349890174,ok
343,461.229860089685,91,0.474910702,461.423052199,ok
343,461.229860089685,64,0.540732414,461.362620635,ok
343,461.229860089685,45,0.676961557,461.481576875,patched
343,461.229860089685,32,0.800688450,461.252539648,patched
343,461.229860089685,21,0.776388847,461.144262351,patched
344,462.093262103951,1177,0.495196709,462.112525511,ok
344,462.093262103951,824,0.492229562,462.121012614,ok
344,462.093262103951,589,0.487004512,462.132985050,ok
344,462.093262103951,412,0.474254443,462.154249946,ok
344,462.093262103951,295,0.425023859,462.220944661,ok
344,462.093262103951,256,0.548040777,462.287406280,ok
344,462.093262103951,206,0.539857696,462.297459223,ok
344,462.093262103951,181,0.584963984,462.319645837,ok
344,462.093262103951,148,0.621587729,462.295519099,ok
344,462.093262103951,128,0.672450012,462.336575480,ok
344,462.093262103951,91,0.980611194,462.185200859,ok
344,462.093262103951,64,0.744361722,462.154992343,ok
344,462.093262103951,45,0.675640864,461.848999231,ok
344,462.093262103951,32,0.428377575,461.991421579,ok
344,462.093262103951,21,0.379280244,462.100320525,ok
345,462.984574325850,256,0.682114572,463.091742515,ok
345,462.984574325850,181,0.755594758,463.037415889,ok
345,462.984574325850,128,0.748447672,462.899841265,ok
345,462.984574325850,91,0.521440077,462.804592099,ok
345,462.984574325850,64,0.606631955,462.898145619,ok
345,462.984574325850,45,0.465532332,463.004956335,ok
345,462.984574325850,32,0.612274002,463.153566612,ok
345,462.984574325850,21,0.756276586,463.077285204,ok
346,464.074350134387,256,0.618250508,464.136047601,ok
346,464.074350134387,181,0.635053162,464.084924043,ok
346,464.074350134387,128,0.587387826,464.052025585,ok
346,464.074350134387,91,0.497764335,464.090780616,ok
346,464.074350134387,64,0.564986654,464.087383975,ok
346,464.074350134387,45,0.657038247,464.238540473,ok
346,464.074350134387,32,0.687680181,464.006814488,ok
346,464.074350134387,21,0.544940481,464.037660056,ok
347,465.084496147604,256,0.592735346,465.115001732,ok
347,465.084496147604,181,0.592606765,465.086790871,ok
347,465.084496147604,128,0.570313134,465.094259309,ok
347,465.084496147604,91,0.580778869,465.163088374,ok
347,465.084496147604,64,0.600769177,465.111461703,ok
347,465.084496147604,45,0.683926286,464.977317850,ok
347,465.084496147604,32,0.574939705,465.085766844,ok
347,465.084496147604,21,0.674436383,465.103201301,ok
348,466.565294070755,256,0.505500446,466.668272294,ok
348,466.565294070755,181,0.531470478,466.674011381,ok
348,466.565294070755,128,0.528849993,466.688859124,ok
348,466.565294070755,91,0.572538085,466.786348579,ok
348,466.565294070755,64,0.612144721,466.732817622,ok
348,466.565294070755,45,0.553399396,466.592453754,ok
348,466.565294070755,32,0.688026788,466.650535194,ok
348,466.565294070755,21,0.610902518,466.561143643,ok
349,467.469878437025,256,0.584843433,467.568678191,ok
349,467.469878437025,181,0.629177298,467.546970105,ok
349,467.469878437025,128,0.670335895,467.552265527,ok
349,467.469878437025,91,0.816172855,467.417260717,ok
349,467.469878437025,64,0.725459383,467.390963836,ok
349,467.469878437025,45,0.623745831,467.548464768,ok
349,467.469878437025,32,0.562559751,467.394314256,ok
349,467.469878437025,21,0.608384399,467.500608393,ok
350,468.852763450972,256,0.446032120,469.001039096,ok
350,468.852763450972,181,0.494468774,469.053082392,ok
350,468.852763450972,128,0.504739126,469.171295274,ok
350,468.852763450972,91,0.476317597,469.391783855,ok
350,468.852763450972,64,0.539162550,469.409838449,ok
350,468.852763450972,45,0.387024982,469.291776736,ok
350,468.852763450972,32,0.371415554,469.136058151,ok
350,468.852763450972,21,0.711725637,468.957283715,ok
351,469.410153424018,256,0.704987659,469.479143877,ok
351,469.410153424018,181,0.749561819,469.350581183,ok
351,469.410153424018,128,0.801082168,469.134371370,ok
351,469.410153424018,91,0.653499700,468.794973089,ok
351,469.410153424018,64,0.596666032,468.846678151,ok
351,469.410153424018,45,0.883973041,468.866627510,ok
351,469.410153424018,32,0.922663690,469.108379055,ok
351,469.410153424018,21,0.557057035,469.273577162,patched
352,470.850118898187,1200,0.493310851,470.866974800,ok
352,470.850118898187,840,0.489768898,470.874425740,ok
352,470.850118898187,600,0.484134367,470.885022314,ok
352,470.850118898187,420,0.472257628,470.904157250,ok
352,470.850118898187,300,0.434125801,470.969835932,ok
352,470.850118898187,256,0.516589612,470.979994543,ok
352,470.850118898187,210,0.550824656,470.999886410,ok
352,470.850118898187,181,0.556470759,470.971718310,ok
352,470.850118898187,150,0.576005944,470.961937194,ok
352,470.850118898187,128,0.563810255,470.935462609,ok
352,470.850118898187,91,0.481762630,471.025369984,ok
352,470.850118898187,64,0.569436433,471.097150693,ok
352,470.850118898187,45,0.432573001,471.005587845,ok
352,470.850118898187,32,0.427312859,470.924320205,ok
352,470.850118898187,21,0.527104204,470.870027895,ok
353,471.558488620326,256,0.639561819,471.581097897,ok
353,471.558488620326,181,0.644270352,471.530016441,ok
353,471.558488620326,128,0.619503177,471.520908453,ok
353,471.558488620326,91,0.765153274,471.532456221,ok
353,471.558488620326,64,0.732342091,471.370149681,ok
353,471.558488620326,45,0.827071215,471.543849975,ok
353,471.558488620326,32,0.778682486,471.607694498,ok
353,471.558488620326,21,0.673847470,471.615957016,ok
354,473.449639415461,256,0.420944285,473.527366450,ok
354,473.449639415461,181,0.435802099,473.567327585,ok
354,473.449639415461,128,0.448840066,473.585903309,ok
354,473.449639415461,91,0.542043294,473.713085887,ok
354,473.449639415461,64,0.565557420,473.571305481,ok
354,473.449639415461,45,0.749624761,473.488163388,ok
354,473.449639415461,32,0.809231356,473.454994904,ok
354,473.449639415461,21,0.899997905,473.389167958,ok
355,474.251661331198,256,0.418478737,474.465026015,ok
355,474.251661331198,181,0.442501692,474.572500340,ok
355,474.251661331198,128,0.450323523,474.637019655,ok
355,474.251661331198,91,0.451262323,474.824301263,ok
355,474.251661331198,64,0.589277245,474.760018244,ok
355,474.251661331198,45,0.612323525,475.001966809,ok
355,474.251661331198,32,0.591406940,475.032555496,ok
355,474.251661331198,21,0.693987656,475.149862298,ok
356,474.862403416340,256,0.782778420,474.992944379,ok
356,474.862403416340,181,0.993102665,474.753468665,ok
356,474.862403416340,128,1.015052512,474.553074860,ok
356,474.862403416340,91,0.875762440,474.055281555,ok
356,474.862403416340,64,0.698527454,474.316161589,ok
356,474.862403416340,45,0.429201478,474.146478972,ok
356,474.862403416340,32,0.383553240,474.125244625,ok
356,474.862403416340,21,0.257151760,474.121768911,ok
357,476.106908836422,256,0.586443922,476.163008612,ok
357,476.106908836422,181,0.583490007,476.100882906,ok
357,476.106908836422,128,0.561397746,476.098497323,ok
357,476.106908836422,91,0.558379929,476.169241751,ok
357,476.106908836422,64,0.590093436,476.108910333,ok
357,476.106908836422,45,0.695442489,476.085559900,ok
357,476.106908836422,32,0.723311030,476.099152715,ok
357,476.106908836422,21,0.671041484,475.998895166,ok
358,477.524504888667,256,0.499957249,477.630053571,ok
358,477.524504888667,181,0.542227946,477.612779321,ok
358,477.524504888667,128,0.540809095,477.614722919,ok
358,477.524504888667,91,0.576917444,477.689955824,ok
358,477.524504888667,64,0.579913498,477.621413510,ok
358,477.524504888667,45,0.600848677,477.530660384,ok
358,477.524504888667,32,0.632064684,477.488306601,ok
358,477.524504888667,21,0.655207652,477.570019694,ok
359,478.585174878090,256,0.518284424,478.737523730,ok
359,478.585174878090,181,0.594876169,478.711963367,ok
359,478.585174878090,128,0.620669452,478.721818020,ok
359,478.585174878090,91,0.808823776,478.664905571,ok
359,478.585174878090,64,0.707074357,478.672729638,ok
359,478.585174878090,45,0.586155377,478.653845217,ok
359,478.585174878090,32,0.511918300,478.619331723,ok
359,478.585174878090,21,0.537559459,478.508972652,ok
360,479.563790858924,1222,0.502701402,479.577079840,ok
360,479.563790858924,855,0.503521284,479.583359719,ok
360,479.563790858924,611,0.504171709,479.592784350,ok
360,479.563790858924,428,0.503443988,479.611518479,ok
360,479.563790858924,306,0.496225971,479.684549389,ok
360,479.563790858924,256,0.587732372,479.698202140,ok
360,479.563790858924,214,0.640463410,479.664512332,ok
360,479.563790858924,181,0.647103016,479.610835407,ok
360,479.563790858924,153,0.676593840,479.594502790,ok
360,479.563790858924,128,0.679092784,479.575001084,ok
360,479.563790858924,91,0.599392613,479.429389832,ok
360,479.563790858924,64,0.642395878,479.471277462,ok
360,479.563790858924,45,0.684473414,479.565681812,ok
360,479.563790858924,32,0.728447204,479.672420537,ok
360,479.563790858924,21,0.626858849,479.773456209,ok
361,480.853431155415,256,0.476250818,481.013255040,ok
361,480.853431155415,181,0.569497701,480.968324379,ok
361,480.853431155415,128,0.606272235,480.930639687,ok
361,480.853431155415,91,0.498685930,480.867089272,ok
361,480.853431155415,64,0.537451834,480.862822011,ok
361,480.853431155415,45,0.627501105,480.838347668,ok
361,480.853431155415,32,0.675600651,480.693833170,ok
361,480.853431155415,21,0.789071856,480.596854242,ok
362,481.635725155084,256,0.654749426,481.838224349,ok
362,481.635725155084,181,0.661309197,481.675039129,ok
362,481.635725155084,128,0.631286808,481.634487940,ok
362,481.635725155084,91,0.581920376,481.772308097,ok
362,481.635725155084,64,0.588197171,481.733590550,ok
362,481.635725155084,45,0.541591480,481.648663334,ok
362,481.635725155084,32,0.409439727,481.696397454,ok
362,481.635725155084,21,0.651991294,484.346743546,patched
363,482.560089556220,256,0.664123503,482.574856535,ok
363,482.560089556220,181,0.600455185,482.537227011,ok
363,482.560089556220,128,0.592446501,482.534486003,ok
363,482.560089556220,91,0.684113775,482.537621428,ok
363,482.560089556220,64,0.670300873,482.525551549,ok
363,482.560089556220,45,0.631219939,482.565507779,ok
363,482.560089556220,32,0.734989971,482.622003346,ok
363,482.560089556220,21,0.810449706,482.652719995,ok
364,484.373451762986,256,0.410548699,484.483306866,ok
364,484.373451762986,181,0.440640032,484.496875040,ok
364,484.373451762986,128,0.449515352,484.525726538,ok
364,484.373451762986,91,0.505386921,484.644713835,ok
364,484.373451762986,64,0.572749375,484.721340864,patched
364,484.373451762986,45,0.434125246,484.710194458,ok
364,484.373451762986,32,0.500516458,484.959777039,ok
364,484.373451762986,21,0.651991294,484.346743546,patched
365,485.024407684857,256,0.625338475,485.222716086,ok
365,485.024407684857,181,0.694427489,485.155068487,ok
365,485.024407684857,128,0.773393583,485.099340919,ok
365,485.024407684857,91,0.810123551,484.830119798,ok
365,485.024407684857,64,0.715452139,484.710885090,ok
365,485.024407684857,45,0.917259785,484.687631547,ok
365,485.024407684857,32,0.744828921,484.421270380,ok
365,485.024407684857,21,0.570475043,485.054144823,ok
366,486.433852215022,256,0.352781493,486.600851677,ok
366,486.433852215022,181,0.396863115,486.644215561,ok
366,486.433852215022,128,0.440236158,486.705362012,ok
366,486.433852215022,91,0.510296874,486.475716473,patched
366,486.433852215022,64,0.572749375,484.721340864,patched
366,486.433852215022,45,0.406697271,486.411189793,patched
366,486.433852215022,32,0.444478818,486.792587887,ok
366,486.433852215022,21,0.476490777,486.905225509,ok
367,486.860821172527,256,0.938113041,487.017264360,ok
367,486.860821172527,181,0.930704643,486.759099262,ok
367,486.860821172527,128,0.834334105,486.574299623,ok
367,486.860821172527,91,0.632610625,486.865832082,ok
367,486.860821172527,64,0.754216368,486.861142691,ok
367,486.860821172527,45,0.707439867,487.021380189,ok
367,486.860821172527,32,0.741926640,486.521139905,ok
367,486.860821172527,21,0.689930059,486.380535183,ok
368,488.201746375389,1244,0.503300502,488.212495948,ok
368,488.201746375389,871,0.504645606,488.217517370,ok
368,488.201746375389,622,0.506457440,488.224990681,ok
368,488.201746375389,436,0.509450800,488.239477165,ok
368,488.201746375389,311,0.527447285,488.293379471,ok
368,488.201746375389,256,0.604127635,488.242869542,ok
368,488.201746375389,218,0.588961984,488.227770741,ok
368,488.201746375389,181,0.577254211,488.212668280,ok
368,488.201746375389,156,0.564747418,488.212934209,ok
368,488.201746375389,128,0.561769646,488.221973731,ok
368,488.201746375389,91,0.614424919,488.240721472,ok
368,488.201746375389,64,0.617958216,488.190639186,ok
368,488.201746375389,45,0.697062808,488.162741772,ok
368,488.201746375389,32,0.679502108,488.284151712,ok
368,488.201746375389,21,0.711852514,488.255391243,ok
369,489.727584131497,256,0.481341674,489.852782081,ok
369,489.727584131497,181,0.509251797,489.839943256,ok
369,489.727584131497,128,0.506206367,489.857301950,ok
369,489.727584131497,91,0.592491910,489.888178376,ok
369,489.727584131497,64,0.573852470,489.830943912,ok
369,489.727584131497,45,0.598986019,489.725103014,ok
369,489.727584131497,32,0.722786203,489.648495354,ok
369,489.727584131497,21,0.699059714,489.646025828,ok
370,490.725911864197,256,0.458289985,490.976166663,ok
370,490.725911864197,181,0.550117820,491.008007755,ok
370,490.725911864197,128,0.497879891,491.103600843,ok
370,490.725911864197,91,0.482927027,491.268246062,ok
370,490.725911864197,64,0.529597410,491.205313045,ok
370,490.725911864197,45,0.488395455,490.848810795,ok
370,490.725911864197,32,0.358840939,490.715352583,ok
370,490.725911864197,21,0.365545756,490.715407343,ok
371,491.381656786790,256,0.837454173,491.429839565,ok
371,491.381656786790,181,0.770237350,491.237577217,ok
371,491.381656786790,128,0.904349818,491.082314145,ok
371,491.381656786790,91,0.830792746,490.729653078,ok
371,491.381656786790,64,0.790964311,490.850317446,ok
371,491.381656786790,45,0.775094848,491.322989625,ok
371,491.381656786790,32,0.814304913,491.540656173,ok
371,491.381656786790,21,0.821397978,491.539691052,ok
372,493.008423782597,256,0.412284506,493.171630049,ok
372,493.008423782597,181,0.464645375,493.150268477,ok
372,493.008423782597,128,0.523874395,493.129502595,ok
372,493.008423782597,91,0.415327749,493.110618513,ok
372,493.008423782597,64,0.476245295,493.093520783,ok
372,493.008423782597,45,0.644697289,492.994954206,patched
372,493.008423782597,32,0.690495697,492.817964502,patched
372,493.008423782597,21,0.667482666,492.798718519,patched
373,493.482083562986,256,0.833033413,493.523402586,ok
373,493.482083562986,181,0.730392309,493.457592451,ok
373,493.482083562986,128,0.655027638,493.419034370,ok
373,493.482083562986,91,0.780811322,493.532100378,ok
373,493.482083562986,64,0.698559357,493.496722127,ok
373,493.482083562986,45,0.503315671,493.485905357,ok
373,493.482083562986,32,0.418408101,493.578616371,ok
373,493.482083562986,21,0.435912431,493.609212946,ok
374,494.840881854819,256,0.589319213,494.887893127,ok
374,494.840881854819,181,0.579827923,494.885057302,ok
374,494.840881854819,128,0.582849574,494.884381491,ok
374,494.840881854819,91,0.636350877,494.851571562,ok
374,494.840881854819,64,0.649000847,494.871683516,ok
374,494.840881854819,45,0.653295668,494.936281613,ok
374,494.840881854819,32,0.718769236,494.960890050,ok
374,494.840881854819,21,0.733678757,494.904115752,ok
375,496.264596172215,256,0.515320518,496.373239408,ok
375,496.264596172215,181,0.525390273,496.377237896,ok
375,496.264596172215,128,0.551352606,496.389849232,ok
375,496.264596172215,91,0.611115508,496.335933531,ok
375,496.264596172215,64,0.664886908,496.314324725,ok
375,496.264596172215,45,0.760579101,496.273930487,ok
375,496.264596172215,32,0.716110108,496.197697188,ok
375,496.264596172215,21,0.663923357,496.264516311,ok
376,497.514650230783,1267,0.457858751,497.523802334,ok
376,497.514650230783,887,0.441434048,497.523684381,ok
376,497.514650230783,634,0.420583449,497.521624726,ok
376,497.514650230783,444,0.387790337,497.515710197,ok
376,497.514650230783,317,0.302844260,497.511334496,ok
376,497.514650230783,256,0.309109702,497.611057409,ok
376,497.514650230783,222,0.300416102,497.617530989,ok
376,497.514650230783,181,0.307272839,497.629146393,ok
376,497.514650230783,159,0.318557589,497.637953753,ok
376,497.514650230783,128,0.310239178,497.666544677,ok
376,497.514650230783,91,0.393140254,497.671469440,ok
376,497.514650230783,64,0.632440176,497.504946710,ok
376,497.514650230783,45,0.501759643,497.327001997,patched
376,497.514650230783,32,0.458233310,497.439503910,patched
376,497.514650230783,21,0.659201433,497.333275407,patched
377,497.764550541258,256,0.989687921,497.936787241,ok
377,497.764550541258,181,1.063580304,497.847426230,ok
377,497.764550541258,128,1.090836249,497.661866168,ok
377,497.764550541258,91,0.859397670,497.614057751,ok
377,497.764550541258,64,nan,nan,dup
377,497.764550541258,45,0.534220943,497.962275223,ok
377,497.764550541258,32,0.620271124,497.881197757,ok
377,497.764550541258,21,0.391304285,497.914778758,ok
378,499.021411746317,256,0.588328387,499.010379167,ok
378,499.021411746317,181,0.578270628,498.993046220,ok
378,499.021411746317,128,0.548548248,498.999345411,ok
378,499.021411746317,91,0.583361197,499.026004919,ok
378,499.021411746317,64,0.635318486,499.035655270,ok
378,499.021411746317,45,0.707405982,499.024293101,ok
378,499.021411746317,32,0.671759571,499.033139437,ok
378,499.021411746317,21,0.779799774,499.080990270,ok
379,500.597773931526,256,0.499026679,500.693000260,ok
379,500.597773931526,181,0.517329221,500.701167588,ok
379,500.597773931526,128,0.509456521,500.702673301,ok
379,500.597773931526,91,0.549328672,500.742454031,ok
379,500.597773931526,64,0.630422052,500.714570519,ok
379,500.597773931526,45,0.653938310,500.646235109,ok
379,500.597773931526,32,0.711619091,500.630278691,ok
379,500.597773931526,21,0.620180486,500.524380680,ok
380,501.470600996472,256,0.585701751,501.574642778,ok
380,501.470600996472,181,0.629746781,501.561047458,ok
380,501.470600996472,128,0.648900569,501.571673277,ok
380,501.470600996472,91,0.721771546,501.494935539,ok
380,501.470600996472,64,0.641094830,501.415549530,ok
380,501.470600996472,45,0.583395020,501.426969474,ok
380,501.470600996472,32,0.516823739,501.400100678,ok
380,501.470600996472,21,0.564300107,501.544865559,ok
381,502.775458195536,256,0.497536491,502.931974089,ok
381,502.775458195536,181,0.574440652,502.964586644,ok
381,502.775458195536,128,0.672002344,503.012802017,ok
381,502.775458195536,91,0.679860026,502.817567067,ok
381,502.775458195536,64,0.586549830,502.883989105,ok
381,502.775458195536,45,0.573888345,502.920600980,ok
381,502.775458195536,32,0.477009788,503.077818756,ok
381,502.775458195536,21,0.684828414,502.762369880,patched
382,503.466430549622,256,0.679659353,503.533563508,ok
382,503.466430549622,181,0.702635712,503.407995274,ok
382,503.466430549622,128,0.661729181,503.285268222,ok
382,503.466430549622,91,0.549063118,503.390737903,ok
382,503.466430549622,64,0.653666282,503.393162761,ok
382,503.466430549622,45,0.688899902,503.376570263,ok
382,503.466430549622,32,0.827156341,503.196457144,ok
382,503.466430549622,21,0.554867581,503.503190818,ok
383,504.654124961431,256,0.575772198,504.726377972,ok
383,504.654124961431,181,0.581021625,504.688293375,ok
383,504.654124961431,128,0.569076036,504.666059175,ok
383,504.654124961431,91,0.561078360,504.709415826,ok
383,504.654124961431,64,0.576830024,504.663225629,ok
383,504.654124961431,45,0.590467287,504.646058331,ok
383,504.654124961431,32,0.521087561,504.694242624,ok
383,504.654124961431,21,0.672764345,504.596788452,ok
384,505.739139439563,1288,0.501849511,505.753020488,ok
384,505.739139439563,902,0.502371814,505.759423080,ok
384,505.739139439563,644,0.502790474,505.768857973,ok
384,505.739139439563,451,0.502538406,505.786800060,ok
384,505.739139439563,322,0.505139309,505.852402054,ok
384,505.739139439563,256,0.573021855,505.816699766,ok
384,505.739139439563,226,0.603445208,505.797501732,ok
384,505.739139439563,181,0.585263183,505.794339940,ok
384,505.739139439563,161,0.594609456,505.784863397,ok
384,505.739139439563,128,0.584230872,505.786569045,ok
384,505.739139439563,91,0.626019956,505.808214156,ok
384,505.739139439563,64,0.599779552,505.795642734,ok
384,505.739139439563,45,0.587885455,505.768676672,ok
384,505.739139439563,32,0.685214034,505.781880023,ok
384,505.739139439563,21,0.531388703,505.783293273,ok
385,506.940053081678,256,0.551612707,507.027924419,ok
385,506.940053081678,181,0.580158409,507.016140076,ok
385,506.940053081678,128,0.597227367,507.009322723,ok
385,506.940053081678,91,0.649649618,506.985452958,ok
385,506.940053081678,64,0.665215751,506.998060057,ok
385,506.940053081678,45,0.641248582,507.012280059,ok
385,506.940053081678,32,0.593042164,506.917758066,ok
385,506.940053081678,21,0.724633313,506.964999781,ok
386,508.298673685162,256,0.451537681,508.432874600,ok
386,508.298673685162,181,0.499348887,508.475010559,ok
386,508.298673685162,128,0.558561533,508.503475762,ok
386,508.298673685162,91,0.685451970,508.409973243,ok
386,508.298673685162,64,0.738728856,508.314964789,ok
386,508.298673685162,45,0.820476169,508.311758266,ok
386,508.298673685162,32,0.882597155,508.539901601,ok
386,508.298673685162,21,0.541697256,508.328771864,patched
387,509.017744547113,256,0.629319113,509.186117901,ok
387,509.017744547113,181,0.749546530,509.092172421,ok
387,509.017744547113,128,0.750453228,508.957446167,ok
387,509.017744547113,91,0.576259845,508.912329151,ok
387,509.017744547113,64,0.478455768,508.932092456,ok
387,509.017744547113,45,0.427629029,508.882937737,ok
387,509.017744547113,32,0.429762834,508.694513830,ok
387,509.017744547113,21,0.737568597,508.945215645,ok
388,510.163388567594,256,0.555956169,510.400850213,ok
388,510.163388567594,181,0.694707302,510.255181405,ok
388,510.163388567594,128,0.624179453,510.203722948,ok
388,510.163388567594,91,0.542023911,510.266977001,ok
388,510.163388567594,64,0.454947253,510.357828750,ok
388,510.163388567594,45,0.379724742,510.331489952,ok
388,510.163388567594,32,0.316452878,510.238452499,ok
388,510.163388567594,21,0.372236552,510.108528912,ok
389,510.789757306407,256,0.724577753,510.691173938,ok
389,510.789757306407,181,0.563864213,510.668130967,ok
389,510.789757306407,128,0.567138420,510.709366660,ok
389,510.789757306407,91,0.646881144,510.719188719,ok
389,510.789757306407,64,0.797918478,510.678637178,ok
389,510.789757306407,45,0.877684279,510.752836371,ok
389,510.789757306407,32,0.884604817,510.884699231,ok
389,510.789757306407,21,0.778763396,510.950561148,ok
390,512.829907982420,256,0.399938177,512.911397285,ok
390,512.829907982420,181,0.426116448,512.931782284,ok
390,512.829907982420,128,0.415187910,512.948523492,ok
390,512.829907982420,91,0.414659942,513.007054571,ok
390,512.829907982420,64,0.572005055,513.040623876,ok
390,512.829907982420,45,0.726056220,512.893475323,ok
390,512.829907982420,32,0.764400125,512.734697044,ok
390,512.829907982420,21,0.833525195,512.643072527,ok
391,513.523603253455,256,0.464224087,513.813756805,ok
391,513.523603253455,181,0.566925626,513.913740501,ok
391,513.523603253455,128,0.487200790,513.986295280,ok
391,513.523603253455,91,0.440671515,514.086068263,ok
391,513.523603253455,64,0.556051370,514.182323856,ok
391,513.523603253455,45,0.651873817,514.298301498,ok
391,513.523603253455,32,0.787261655,514.388037300,ok
391,513.523603253455,21,0.877631891,514.459700633,ok
392,514.223717529729,1310,0.513980968,514.234659389,ok
392,514.223717529729,917,0.520284575,514.240546792,ok
392,514.223717529729,655,0.529293878,514.250357425,ok
392,514.223717529729,459,0.544982830,514.273189377,ok
392,514.223717529729,328,0.593008195,514.382710592,ok
392,514.223717529729,256,0.841073049,514.282413158,ok
392,514.223717529729,230,0.875290363,514.133183688,ok
392,514.223717529729,181,0.824969693,513.991532387,ok
392,514.223717529729,164,0.914038215,513.940280934,ok
392,514.223717529729,128,0.990290761,513.845877779,ok
392,514.223717529729,91,1.063307928,513.564105443,ok
392,514.223717529729,64,0.720014236,513.416320620,ok
392,514.223717529729,45,0.443726619,513.455290813,ok
392,514.223717529729,32,0.301190611,513.522065569,ok
392,514.223717529729,21,0.204944510,513.529231066,ok
393,515.800889499231,256,0.475066553,515.963241821,ok
393,515.800889499231,181,0.526098875,515.914549023,ok
393,515.800889499231,128,0.543082720,515.873452455,ok
393,515.800889499231,91,0.467792183,515.867572186,ok
393,515.800889499231,64,0.588920530,515.991789849,patched
393,515.800889499231,45,0.770149104,515.842326998,patched
393,515.800889499231,32,0.695756583,515.698729165,patched
393,515.800889499231,21,0.619948609,515.635062549,patched
394,516.411584547120,256,0.739542293,516.465465564,ok
394,516.411584547120,181,0.656573829,516.405618496,ok
394,516.411584547120,128,0.617628438,516.403443515,ok
394,516.411584547120,91,0.669205447,516.485761797,ok
394,516.411584547120,64,0.650404850,516.270756483,ok
394,516.411584547120,45,0.465196084,516.322604970,ok
394,516.411584547120,32,0.475094415,516.434167746,ok
394,516.411584547120,21,0.510393862,516.491236029,ok
395,517.735975415498,256,0.586446298,517.811565523,ok
395,517.735975415498,181,0.579050184,517.796360295,ok
395,517.735975415498,128,0.587434866,517.798582449,ok
395,517.735975415498,91,0.653126593,517.795964370,ok
395,517.735975415498,64,0.585169919,517.783005022,ok
395,517.735975415498,45,0.585831881,517.840787214,ok
395,517.735975415498,32,0.660035978,517.824026265,ok
395,517.735975415498,21,0.676979532,517.778384199,ok
396,519.016986672415,256,0.542743783,519.136506988,ok
396,519.016986672415,181,0.561048923,519.127523212,ok
396,519.016986672415,128,0.597271891,519.130927396,ok
396,519.016986672415,91,0.669356415,519.061712004,ok
396,519.016986672415,64,0.665495435,519.128928568,ok
396,519.016986672415,45,0.762095067,519.079712852,ok
396,519.016986672415,32,0.681203426,519.014836191,ok
396,519.016986672415,21,0.646897344,519.029273048,ok
397,520.167292715260,256,0.487737985,520.370905984,ok
397,520.167292715260,181,0.547210618,520.389677237,ok
397,520.167292715260,128,0.716274066,520.367376474,ok
397,520.167292715260,91,0.634922103,520.153652610,ok
397,520.167292715260,64,0.730685230,520.089065764,ok
397,520.167292715260,45,0.594889686,520.031253742,ok
397,520.167292715260,32,0.622150732,520.147026185,ok
397,520.167292715260,21,0.663054123,520.152171912,ok
398,520.872667783021,256,0.796107800,520.990752444,ok
398,520.872667783021,181,0.794684002,520.841595834,ok
398,520.872667783021,128,0.629592952,520.711160242,ok
398,520.872667783021,91,0.532216328,520.869632589,ok
398,520.872667783021,64,0.452959143,520.839638495,ok
398,520.872667783021,45,0.474907010,520.940718164,ok
398,520.872667783021,32,0.525690492,520.854778482,ok
398,520.872667783021,21,0.503856174,520.830706620,ok
399,521.841481363615,256,0.636002642,521.812909708,ok
399,521.841481363615,181,0.594445612,521.801168457,ok
399,521.841481363615,128,0.559039703,521.824434636,ok
399,521.841481363615,91,0.609060729,521.884088089,ok
399,521.841481363615,64,0.600365888,521.936239837,ok
399,521.841481363615,45,0.676963742,521.897425255,ok
399,521.841481363615,32,0.617307373,521.898883837,ok
399,521.841481363615,21,0.611872798,521.915607820,ok
400,523.120986253099,1333,0.501212354,523.131858901,ok
400,523.120986253099,933,0.501562135,523.136864692,ok
400,523.120986253099,667,0.501849656,523.144184295,ok
400,523.120986253099,467,0.501720176,523.158136339,ok
400,523.120986253099,334,0.505065989,523.208373176,ok
400,523.120986253099,256,0.570579866,523.164653644,ok
400,523.120986253099,234,0.571677592,523.161558809,ok
400,523.120986253099,181,0.567342607,523.155690169,ok
400,523.120986253099,167,0.563486201,523.158642757,ok
400,523.120986253099,128,0.565928982,523.169852738,ok
400,523.120986253099,91,0.624795180,523.169144201,ok
400,523.120986253099,64,0.684240321,523.161406798,ok
400,523.120986253099,45,0.649975882,523.119719432,ok
400,523.120986253099,32,0.680603214,523.134718964,ok
400,523.120986253099,21,0.701276671,523.119068824,ok
401,524.602934326172,256,0.467080886,524.727426194,ok
401,524.602934326172,181,0.481235464,524.739492518,ok
401,524.602934326172,128,0.478440654,524.782408341,ok
401,524.602934326172,91,0.630490834,524.819596779,ok
401,524.602934326172,64,0.700392620,524.637435719,ok
401,524.602934326172,45,0.691489251,524.685859997,ok
401,524.602934326172,32,0.685739796,524.614882866,ok
401,524.602934326172,21,0.641502913,524.594970180,ok
402,525.360948828423,256,0.639483367,525.520698400,ok
402,525.360948828423,181,0.695454259,525.496347834,ok
402,525.360948828423,128,0.837922952,525.462411820,ok
402,525.360948828423,91,0.698466603,525.206165188,ok
402,525.360948828423,64,0.508444040,525.301936155,ok
402,525.360948828423,45,0.537955020,525.253052407,ok
402,525.360948828423,32,0.508331044,525.309045213,ok
402,525.360948828423,21,0.545338351,525.347310064,ok
403,526.404135942231,256,0.652037452,526.512797953,ok
403,526.404135942231,181,0.678812019,526.450097015,ok
403,526.404135942231,128,0.659453456,526.322781525,ok
403,526.404135942231,91,0.539995860,526.404337056,ok
403,526.404135942231,64,0.581478745,526.568073005,ok
403,526.404135942231,45,0.517989449,526.542135872,ok
403,526.404135942231,32,0.573543787,526.557295102,ok
403,526.404135942231,21,0.579157494,526.488687183,patched
404,527.200666147476,256,0.616390244,527.167103689,ok
404,527.200666147476,181,0.590034903,527.147522742,ok
404,527.200666147476,128,0.533978414,527.152559150,ok
404,527.200666147476,91,0.589535841,527.213953987,ok
404,527.200666147476,64,0.689988009,527.090619079,ok
404,527.200666147476,45,0.743099565,527.136715872,ok
404,527.200666147476,32,0.707533414,527.100561642,ok
404,527.200666147476,21,0.688953605,527.153910952,ok
405,528.755645244318,256,0.504167826,528.854933749,ok
405,528.755645244318,181,0.518177589,528.863119399,ok
405,528.755645244318,128,0.506503610,528.858665611,ok
405,528.755645244318,91,0.556180417,528.925038586,ok
405,528.755645244318,64,0.564114176,528.808006144,ok
405,528.755645244318,45,0.599959142,528.752888648,ok
405,528.755645244318,32,0.614095611,528.772697876,ok
405,528.755645244318,21,0.649791499,528.740268981,ok
406,529.579467899654,256,0.606313214,529.666958477,ok
406,529.579467899654,181,0.647270715,529.652512551,ok
406,529.579467899654,128,0.661256304,529.662085881,ok
406,529.579467899654,91,0.745371262,529.549738851,ok
406,529.579467899654,64,0.625750754,529.622853892,ok
406,529.579467899654,45,0.554407901,529.622728939,ok
406,529.579467899654,32,0.560244480,529.585646690,ok
406,529.579467899654,21,0.517533571,529.586979815,ok
407,530.842335853778,256,0.552145768,530.936890124,ok
407,530.842335853778,181,0.602834220,530.927304256,ok
407,530.842335853778,128,0.642460093,530.918496841,ok
407,530.842335853778,91,0.614850220,530.824880374,ok
407,530.842335853778,64,0.693446727,530.895657733,ok
407,530.842335853778,45,0.741565216,530.960740495,ok
407,530.842335853778,32,0.695599652,530.973055992,ok
407,530.842335853778,21,0.730206371,530.995741475,ok
408,532.055495939794,1355,0.488339163,532.067488819,ok
408,532.055495939794,949,0.482742317,532.072534432,ok
408,532.055495939794,678,0.474220821,532.079545026,ok
408,532.055495939794,475,0.457025437,532.091837801,ok
408,532.055495939794,339,0.397419878,532.138432474,ok
408,532.055495939794,256,0.480450474,532.200937918,ok
408,532.055495939794,238,0.525587847,532.216314431,ok
408,532.055495939794,181,0.572874303,532.223976363,ok
408,532.055495939794,170,0.559619191,532.210963185,ok
408,532.055495939794,128,0.668760661,532.170442230,ok
408,532.055495939794,91,0.542806399,532.102350311,ok
408,532.055495939794,64,0.645781184,531.973775799,ok
408,532.055495939794,45,0.659352413,531.852537766,ok
408,532.055495939794,32,0.720069423,531.853571867,ok
408,532.055495939794,21,0.685232886,531.811889275,ok
409,532.815358474646,256,0.666998321,533.083849769,ok
409,532.815358474646,181,0.774543135,532.835398177,ok
409,532.815358474646,128,0.647815643,532.745534035,ok
409,532.815358474646,91,0.636854780,532.948862879,ok
409,532.815358474646,64,0.441470300,532.856997528,ok
409,532.815358474646,45,0.341045505,532.872126835,ok
409,532.815358474646,32,0.322675885,532.832344242,ok
409,532.815358474646,21,0.312789152,532.865894975,patched
410,533.508383228707,256,0.674727974,533.372757783,ok
410,533.508383228707,181,0.548590941,533.404872282,ok
410,533.508383228707,128,0.545030979,533.449077456,ok
410,533.508383228707,91,0.632140510,533.382548945,ok
410,533.508383228707,64,0.686724342,533.536246505,ok
410,533.508383228707,45,0.765377154,533.608349893,ok
410,533.508383228707,32,0.750104394,533.647414568,ok
410,533.508383228707,21,0.789784254,533.625176241,ok
411,535.330957786315,256,0.483691885,535.423666514,ok
411,535.330957786315,181,0.504344789,535.418460553,ok
411,535.330957786315,128,0.501258230,535.435144499,ok
411,535.330957786315,91,0.554587817,535.447064586,ok
411,535.330957786315,64,0.670409100,535.502162414,ok
411,535.330957786315,45,0.752703290,535.384652175,ok
411,535.330957786315,32,0.800235344,535.331977243,ok
411,535.330957786315,21,0.756575801,535.326656941,ok
412,536.335200439569,256,0.494080176,536.508946888,ok
412,536.335200439569,181,0.548286946,536.509386540,ok
412,536.335200439569,128,0.588057182,536.573424777,ok
412,536.335200439569,91,0.714368875,536.457567692,ok
412,536.335200439569,64,0.691825188,536.190529385,ok
412,536.335200439569,45,0.516491953,536.213869947,ok
412,536.335200439569,32,0.436674902,536.209717907,ok
412,536.335200439569,21,0.483709193,536.239965048,ok
413,537.227107044987,256,0.627715026,537.477426197,ok
413,537.227107044987,181,0.748067370,537.363475443,ok
413,537.227107044987,128,0.877855140,537.201764556,ok
413,537.227107044987,91,0.657517783,537.134326472,ok
413,537.227107044987,64,0.454770546,537.239787136,ok
413,537.227107044987,45,0.487703702,537.400675318,ok
413,537.227107044987,32,0.456454179,537.540035501,ok
413,537.227107044987,21,0.510781613,537.415045960,patched
414,538.026826770333,256,0.722178656,538.000155081,ok
414,538.026826770333,181,0.617396355,537.934452210,ok
414,538.026826770333,128,0.529654237,537.914448651,ok
414,538.026826770333,91,0.537438324,537.988876375,ok
414,538.026826770333,64,0.655965254,538.106379231,ok
414,538.026826770333,45,0.764202688,537.957043372,ok
414,538.026826770333,32,0.849600569,537.808803402,ok
414,538.026826770333,21,0.769417328,537.933777041,ok
415,539.450819996046,256,0.545353795,539.577287931,ok
415,539.450819996046,181,0.552525568,539.544125509,ok
415,539.450819996046,128,0.531361506,539.516341928,ok
415,539.450819996046,91,0.537000258,539.572953567,ok
415,539.450819996046,64,0.713531785,539.511849413,ok
415,539.450819996046,45,0.579564820,539.480539873,ok
415,539.450819996046,32,0.494302500,539.520373551,ok
415,539.450819996046,21,0.567892424,539.447481340,ok
416,540.220384197939,1376,0.508072168,540.233333894,ok
416,540.220384197939,963,0.511462322,540.239565041,ok
416,540.220384197939,688,0.516047264,540.248977738,ok
416,540.220384197939,482,0.523491795,540.267677244,ok
416,540.220384197939,344,0.552086506,540.339055541,ok
416,540.220384197939,256,0.650340477,540.246930197,ok
416,540.220384197939,241,0.615923527,540.238759295,ok
416,540.220384197939,181,0.629392789,540.225114246,ok
416,540.220384197939,172,0.624442970,540.219946396,ok
416,540.220384197939,128,0.614101891,540.241151863,ok
416,540.220384197939,91,0.681398300,540.211110290,ok
416,540.220384197939,64,0.543435982,540.124744682,ok
416,540.220384197939,45,0.618972129,540.202948912,ok
416,540.220384197939,32,0.725112435,540.204787822,ok
416,540.220384197939,21,0.627973155,540.243716692,ok
417,541.907599138114,256,0.410215737,542.045094879,ok
417,541.907599138114,181,0.426323974,542.067691754,ok
417,541.907599138114,128,0.409594636,542.090104196,ok
417,541.907599138114,91,0.445602282,542.173819877,ok
417,541.907599138114,64,0.385306578,542.065928473,ok
417,541.907599138114,45,nan,nan,dup
417,541.907599138114,32,0.580773970,541.924605876,patched
417,541.907599138114,21,0.747865957,541.891778849,patched
418,542.462563061115,256,0.756276226,542.607029408,ok
418,542.462563061115,181,0.808161247,542.517256248,ok
418,542.462563061115,128,0.894837080,542.477989892,ok
418,542.462563061115,91,0.869834073,542.245720877,ok
418,542.462563061115,64,0.959796903,542.442968125,ok
418,542.462563061115,45,0.766912459,542.216374228,ok
418,542.462563061115,32,0.621904904,542.535247895,ok
418,542.462563061115,21,0.420650914,542.494951479,ok
419,543.696092760349,256,0.611194989,543.783391678,ok
419,543.696092760349,181,0.609976863,543.726884518,ok
419,543.696092760349,128,0.610558556,543.675697749,ok
419,543.696092760349,91,0.536846581,543.691846507,ok
419,543.696092760349,64,0.544814550,543.590974283,ok
419,543.696092760349,45,0.601051635,543.699638119,ok
419,543.696092760349,32,0.715382565,543.597564072,ok
419,543.696092760349,21,0.853542903,543.693444744,ok
420,544.785461264318,256,0.611847583,544.998274341,ok
420,544.785461264318,181,0.605642315,544.908500198,ok
420,544.785461264318,128,0.578843198,544.858607828,ok
420,544.785461264318,91,0.503231042,544.958670161,ok
420,544.785461264318,64,0.409122642,544.878830431,ok
420,544.785461264318,45,0.547009758,544.826188526,ok
420,544.785461264318,32,0.398875622,544.770349979,ok
420,544.785461264318,21,0.344735837,544.638750109,patched
421,545.383442847240,256,0.656232506,545.235911055,ok
421,545.383442847240,181,0.612014950,545.285515390,ok
421,545.383442847240,128,0.600859370,545.316386448,ok
421,545.383442847240,91,0.733398841,545.285745498,ok
421,545.383442847240,64,0.775774431,545.423763471,ok
421,545.383442847240,45,0.638725036,545.371062956,ok
421,545.383442847240,32,0.728125267,545.484811851,ok
421,545.383442847240,21,0.704395528,545.609920149,ok
422,547.187258082853,256,0.496915828,547.276549441,ok
422,547.187258082853,181,0.501381673,547.285150823,ok
422,547.187258082853,128,0.510113843,547.302996004,ok
422,547.187258082853,91,0.578127631,547.317557025,ok
422,547.187258082853,64,0.720157395,547.299599194,ok
422,547.187258082853,45,0.750917487,547.402136148,ok
422,547.187258082853,32,0.767856791,547.228165209,ok
422,547.187258082853,21,0.788894359,547.089033987,ok
423,548.217679158056,256,0.484929644,548.398454440,ok
423,548.217679158056,181,0.500454061,548.441527605,ok
423,548.217679158056,128,0.536220515,548.535252153,ok
423,548.217679158056,91,0.782059272,548.289215760,patched
423,548.217679158056,64,0.596889690,548.059668215,patched
423,548.217679158056,45,0.629591996,547.915649283,patched
423,548.217679158056,32,0.512362159,548.086960610,patched
423,548.217679158056,21,nan,nan,dup
424,548.943532318786,1398,0.504694419,548.964063925,ok
424,548.943532318786,979,0.505941116,548.973920237,ok
424,548.943532318786,699,0.506657447,548.988949267,ok
424,548.943532318786,490,0.504090846,549.018919424,ok
424,548.943532318786,350,0.475400761,549.133281039,ok
424,548.943532318786,256,0.745771782,549.080680298,ok
424,548.943532318786,245,0.743576179,549.080055896,ok
424,548.943532318786,181,0.865769326,548.997808341,ok
424,548.943532318786,175,0.853381060,548.921877146,ok
424,548.943532318786,128,0.918621638,548.753727782,ok
424,548.943532318786,91,0.536091189,548.825902576,ok
424,548.943532318786,64,0.442901290,549.032134064,ok
424,548.943532318786,45,0.347164351,549.027305068,ok
424,548.943532318786,32,0.500322308,549.059421375,ok
424,548.943532318786,21,0.748767163,548.969556088,ok
425,549.822639673721,256,0.624635983,549.781930597,ok
425,549.822639673721,181,0.589570236,549.737197569,ok
425,549.822639673721,128,0.530230454,549.752735241,ok
425,549.822639673721,91,0.551855754,549.832785235,ok
425,549.822639673721,64,0.730074845,549.887464035,ok
425,549.822639673721,45,0.794951214,549.986710710,ok
425,549.822639673721,32,0.706652710,549.849425627,ok
425,549.822639673721,21,0.518011357,549.870695880,ok
